2026-05-29 21:44:50,324 | ⚠ HIGH UDP TRAFFIC DETECTED
2026-05-29 21:44:50,324 | ⚠ HOST DOMINANCE DETECTED
2026-05-29 21:44:55,328 | ⚠ HOST DOMINANCE DETECTED
2026-05-29 21:45:00,329 | ⚠ HOST DOMINANCE DETECTED
2026-05-29 21:45:00,330 | ⚠ POSSIBLE PORT SCAN DETECTED
2026-05-29 21:45:05,336 | ⚠ HOST DOMINANCE DETECTED
2026-05-29 21:45:05,337 | ⚠ POSSIBLE PORT SCAN DETECTED
2026-05-29 21:45:10,344 | ⚠ HOST DOMINANCE DETECTED
2026-05-29 21:45:10,344 | ⚠ POSSIBLE PORT SCAN DETECTED
2026-05-29 21:45:15,351 | ⚠ HOST DOMINANCE DETECTED
2026-05-29 21:45:15,352 | ⚠ POSSIBLE PORT SCAN DETECTED
2026-05-29 21:45:20,359 | ⚠ HOST DOMINANCE DETECTED
2026-05-29 21:45:20,360 | ⚠ POSSIBLE PORT SCAN DETECTED
2026-05-29 21:45:25,365 | ⚠ HOST DOMINANCE DETECTED
2026-05-29 21:45:25,365 | ⚠ POSSIBLE PORT SCAN DETECTED
2026-05-29 21:45:30,378 | ⚠ HOST DOMINANCE DETECTED
2026-05-29 21:45:30,379 | ⚠ POSSIBLE PORT SCAN DETECTED
2026-05-29 21:45:35,396 | ⚠ HOST DOMINANCE DETECTED
2026-05-29 21:45:35,399 | ⚠ POSSIBLE PORT SCAN DETECTED
2026-05-29 21:45:40,427 | ⚠ HOST DOMINANCE DETECTED
2026-05-29 21:45:40,427 | ⚠ POSSIBLE PORT SCAN DETECTED
2026-05-29 21:45:45,437 | ⚠ HOST DOMINANCE DETECTED
2026-05-29 21:45:45,438 | ⚠ POSSIBLE PORT SCAN DETECTED
2026-05-29 21:45:50,449 | ⚠ HOST DOMINANCE DETECTED
2026-05-29 21:45:50,450 | ⚠ POSSIBLE PORT SCAN DETECTED
2026-05-29 21:45:55,460 | ⚠ HOST DOMINANCE DETECTED
2026-05-29 21:45:55,461 | ⚠ POSSIBLE PORT SCAN DETECTED
2026-05-29 21:46:00,470 | ⚠ HOST DOMINANCE DETECTED
2026-05-29 21:46:00,471 | ⚠ POSSIBLE PORT SCAN DETECTED
2026-05-29 21:46:05,479 | ⚠ HOST DOMINANCE DETECTED
2026-05-29 21:46:05,479 | ⚠ POSSIBLE PORT SCAN DETECTED
2026-05-29 21:46:10,486 | ⚠ HOST DOMINANCE DETECTED
2026-05-29 21:46:10,487 | ⚠ POSSIBLE PORT SCAN DETECTED
2026-05-29 21:46:15,496 | ⚠ HOST DOMINANCE DETECTED
2026-05-29 21:46:15,496 | ⚠ POSSIBLE PORT SCAN DETECTED
2026-05-29 21:46:20,504 | ⚠ HOST DOMINANCE DETECTED
2026-05-29 21:46:20,505 | ⚠ POSSIBLE PORT SCAN DETECTED
2026-05-29 21:46:25,510 | ⚠ HOST DOMINANCE DETECTED
2026-05-29 21:46:25,510 | ⚠ POSSIBLE PORT SCAN DETECTED
2026-05-29 21:46:30,515 | ⚠ HOST DOMINANCE DETECTED
2026-05-29 21:46:30,516 | ⚠ POSSIBLE PORT SCAN DETECTED
2026-05-29 21:46:35,525 | ⚠ HOST DOMINANCE DETECTED
2026-05-29 21:46:35,525 | ⚠ POSSIBLE PORT SCAN DETECTED
2026-05-29 21:46:40,529 | ⚠ HOST DOMINANCE DETECTED
2026-05-29 21:46:40,530 | ⚠ POSSIBLE PORT SCAN DETECTED
2026-05-29 21:46:45,535 | ⚠ HOST DOMINANCE DETECTED
2026-05-29 21:46:45,535 | ⚠ POSSIBLE PORT SCAN DETECTED
2026-05-29 21:46:50,545 | ⚠ HOST DOMINANCE DETECTED
2026-05-29 21:46:50,546 | ⚠ POSSIBLE PORT SCAN DETECTED
2026-05-29 21:46:55,551 | ⚠ HOST DOMINANCE DETECTED
2026-05-29 21:46:55,552 | ⚠ POSSIBLE PORT SCAN DETECTED
2026-05-29 21:47:00,559 | ⚠ HOST DOMINANCE DETECTED
2026-05-29 21:47:00,560 | ⚠ POSSIBLE PORT SCAN DETECTED
2026-05-29 21:47:05,566 | ⚠ HOST DOMINANCE DETECTED
2026-05-29 21:47:05,567 | ⚠ POSSIBLE PORT SCAN DETECTED
2026-05-29 21:47:10,573 | ⚠ HOST DOMINANCE DETECTED
2026-05-29 21:47:10,574 | ⚠ POSSIBLE PORT SCAN DETECTED
2026-05-29 21:47:15,582 | ⚠ HOST DOMINANCE DETECTED
2026-05-29 21:47:15,582 | ⚠ POSSIBLE PORT SCAN DETECTED
2026-05-29 21:47:20,589 | ⚠ HOST DOMINANCE DETECTED
2026-05-29 21:47:20,589 | ⚠ POSSIBLE PORT SCAN DETECTED
2026-05-29 21:47:25,592 | ⚠ HOST DOMINANCE DETECTED
2026-05-29 21:47:25,593 | ⚠ POSSIBLE PORT SCAN DETECTED
2026-05-29 21:47:30,601 | ⚠ HOST DOMINANCE DETECTED
2026-05-29 21:47:30,601 | ⚠ POSSIBLE PORT SCAN DETECTED
2026-05-29 21:47:35,608 | ⚠ HOST DOMINANCE DETECTED
2026-05-29 21:47:35,609 | ⚠ POSSIBLE PORT SCAN DETECTED
2026-05-29 21:47:40,616 | ⚠ HOST DOMINANCE DETECTED
2026-05-29 21:47:40,616 | ⚠ POSSIBLE PORT SCAN DETECTED
2026-05-29 21:47:45,624 | ⚠ HOST DOMINANCE DETECTED
2026-05-29 21:47:45,626 | ⚠ POSSIBLE PORT SCAN DETECTED
2026-05-29 21:47:50,634 | ⚠ HOST DOMINANCE DETECTED
2026-05-29 21:47:50,637 | ⚠ POSSIBLE PORT SCAN DETECTED
2026-05-29 21:47:55,645 | ⚠ HOST DOMINANCE DETECTED
2026-05-29 21:47:55,646 | ⚠ POSSIBLE PORT SCAN DETECTED
2026-05-29 21:48:00,651 | ⚠ HOST DOMINANCE DETECTED
2026-05-29 21:48:00,651 | ⚠ POSSIBLE PORT SCAN DETECTED
2026-05-29 21:48:05,659 | ⚠ HOST DOMINANCE DETECTED
2026-05-29 21:48:05,660 | ⚠ POSSIBLE PORT SCAN DETECTED
2026-05-29 21:48:10,664 | ⚠ HOST DOMINANCE DETECTED
2026-05-29 21:48:10,665 | ⚠ POSSIBLE PORT SCAN DETECTED
2026-05-29 21:48:15,669 | ⚠ HOST DOMINANCE DETECTED
2026-05-29 21:48:15,670 | ⚠ POSSIBLE PORT SCAN DETECTED
2026-05-29 21:48:20,678 | ⚠ HOST DOMINANCE DETECTED
2026-05-29 21:48:20,678 | ⚠ POSSIBLE PORT SCAN DETECTED
2026-05-29 21:48:25,685 | ⚠ HOST DOMINANCE DETECTED
2026-05-29 21:48:25,687 | ⚠ POSSIBLE PORT SCAN DETECTED
2026-05-29 21:48:30,696 | ⚠ HOST DOMINANCE DETECTED
2026-05-29 21:48:30,697 | ⚠ POSSIBLE PORT SCAN DETECTED
2026-05-29 21:48:35,703 | ⚠ HOST DOMINANCE DETECTED
2026-05-29 21:48:35,706 | ⚠ POSSIBLE PORT SCAN DETECTED
2026-05-29 21:48:40,713 | ⚠ HOST DOMINANCE DETECTED
2026-05-29 21:48:40,713 | ⚠ POSSIBLE PORT SCAN DETECTED
2026-05-29 21:48:45,718 | ⚠ HOST DOMINANCE DETECTED
2026-05-29 21:48:45,718 | ⚠ POSSIBLE PORT SCAN DETECTED
2026-05-29 21:48:50,727 | ⚠ HOST DOMINANCE DETECTED
2026-05-29 21:48:50,728 | ⚠ POSSIBLE PORT SCAN DETECTED
2026-05-29 21:48:55,735 | ⚠ HOST DOMINANCE DETECTED
2026-05-29 21:48:55,735 | ⚠ POSSIBLE PORT SCAN DETECTED
2026-05-29 21:49:00,744 | ⚠ HOST DOMINANCE DETECTED
2026-05-29 21:49:00,745 | ⚠ POSSIBLE PORT SCAN DETECTED
2026-05-29 21:49:05,753 | ⚠ HOST DOMINANCE DETECTED
2026-05-29 21:49:05,756 | ⚠ POSSIBLE PORT SCAN DETECTED
2026-05-29 21:49:10,772 | ⚠ HOST DOMINANCE DETECTED
2026-05-29 21:49:10,773 | ⚠ POSSIBLE PORT SCAN DETECTED
2026-05-29 21:49:15,782 | ⚠ HOST DOMINANCE DETECTED
2026-05-29 21:49:15,784 | ⚠ POSSIBLE PORT SCAN DETECTED
2026-05-29 21:49:20,787 | ⚠ HOST DOMINANCE DETECTED
2026-05-29 21:49:20,788 | ⚠ POSSIBLE PORT SCAN DETECTED
2026-05-29 21:49:25,798 | ⚠ HOST DOMINANCE DETECTED
2026-05-29 21:49:25,799 | ⚠ POSSIBLE PORT SCAN DETECTED
2026-05-29 21:49:30,805 | ⚠ HOST DOMINANCE DETECTED
2026-05-29 21:49:30,806 | ⚠ POSSIBLE PORT SCAN DETECTED
2026-05-29 21:49:35,811 | ⚠ HOST DOMINANCE DETECTED
2026-05-29 21:49:35,812 | ⚠ POSSIBLE PORT SCAN DETECTED
2026-05-29 21:49:40,823 | ⚠ HOST DOMINANCE DETECTED
2026-05-29 21:49:40,824 | ⚠ POSSIBLE PORT SCAN DETECTED
2026-05-29 21:49:45,833 | ⚠ HOST DOMINANCE DETECTED
2026-05-29 21:49:45,834 | ⚠ POSSIBLE PORT SCAN DETECTED
2026-05-29 21:49:50,838 | ⚠ HOST DOMINANCE DETECTED
2026-05-29 21:49:50,839 | ⚠ POSSIBLE PORT SCAN DETECTED
2026-05-29 21:49:55,842 | ⚠ HOST DOMINANCE DETECTED
2026-05-29 21:49:55,843 | ⚠ POSSIBLE PORT SCAN DETECTED
2026-05-29 21:50:00,846 | ⚠ HOST DOMINANCE DETECTED
2026-05-29 21:50:00,846 | ⚠ POSSIBLE PORT SCAN DETECTED
2026-05-29 21:50:05,849 | ⚠ HOST DOMINANCE DETECTED
2026-05-29 21:50:05,850 | ⚠ POSSIBLE PORT SCAN DETECTED
2026-05-29 21:50:10,857 | ⚠ HOST DOMINANCE DETECTED
2026-05-29 21:50:10,858 | ⚠ POSSIBLE PORT SCAN DETECTED
2026-05-29 21:50:15,865 | ⚠ HOST DOMINANCE DETECTED
2026-05-29 21:50:15,866 | ⚠ POSSIBLE PORT SCAN DETECTED
2026-05-29 21:50:20,872 | ⚠ HOST DOMINANCE DETECTED
2026-05-29 21:50:20,873 | ⚠ POSSIBLE PORT SCAN DETECTED
2026-05-29 21:50:25,876 | ⚠ HOST DOMINANCE DETECTED
2026-05-29 21:50:25,877 | ⚠ POSSIBLE PORT SCAN DETECTED
2026-05-29 21:50:30,884 | ⚠ HOST DOMINANCE DETECTED
2026-05-29 21:50:30,886 | ⚠ POSSIBLE PORT SCAN DETECTED
2026-05-29 21:50:35,900 | ⚠ HOST DOMINANCE DETECTED
2026-05-29 21:50:35,901 | ⚠ POSSIBLE PORT SCAN DETECTED
2026-05-29 21:50:40,907 | ⚠ HOST DOMINANCE DETECTED
2026-05-29 21:50:40,909 | ⚠ POSSIBLE PORT SCAN DETECTED
2026-05-29 21:50:45,913 | ⚠ HOST DOMINANCE DETECTED
2026-05-29 21:50:45,914 | ⚠ POSSIBLE PORT SCAN DETECTED
2026-05-29 21:50:50,944 | ⚠ HOST DOMINANCE DETECTED
2026-05-29 21:50:50,945 | ⚠ POSSIBLE PORT SCAN DETECTED
2026-05-29 21:50:55,957 | ⚠ HOST DOMINANCE DETECTED
2026-05-29 21:50:55,957 | ⚠ POSSIBLE PORT SCAN DETECTED
2026-05-29 21:51:00,968 | ⚠ HOST DOMINANCE DETECTED
2026-05-29 21:51:00,969 | ⚠ POSSIBLE PORT SCAN DETECTED
2026-05-29 21:51:05,976 | ⚠ HOST DOMINANCE DETECTED
2026-05-29 21:51:05,976 | ⚠ POSSIBLE PORT SCAN DETECTED
2026-05-29 21:51:10,985 | ⚠ HOST DOMINANCE DETECTED
2026-05-29 21:51:10,985 | ⚠ POSSIBLE PORT SCAN DETECTED
2026-05-29 21:51:15,996 | ⚠ HOST DOMINANCE DETECTED
2026-05-29 21:51:15,997 | ⚠ POSSIBLE PORT SCAN DETECTED
2026-05-29 21:51:21,005 | ⚠ HOST DOMINANCE DETECTED
2026-05-29 21:51:21,006 | ⚠ POSSIBLE PORT SCAN DETECTED
2026-05-29 21:51:26,016 | ⚠ HOST DOMINANCE DETECTED
2026-05-29 21:51:26,017 | ⚠ POSSIBLE PORT SCAN DETECTED
2026-05-29 21:51:31,030 | ⚠ HOST DOMINANCE DETECTED
2026-05-29 21:51:31,031 | ⚠ POSSIBLE PORT SCAN DETECTED
2026-05-29 21:51:36,045 | ⚠ HOST DOMINANCE DETECTED
2026-05-29 21:51:36,046 | ⚠ POSSIBLE PORT SCAN DETECTED
2026-05-29 21:51:41,052 | ⚠ BANDWIDTH SPIKE DETECTED
2026-05-29 21:51:41,052 | ⚠ HOST DOMINANCE DETECTED
2026-05-29 21:51:41,052 | ⚠ POSSIBLE PORT SCAN DETECTED
2026-05-29 21:51:46,053 | ⚠ BANDWIDTH SPIKE DETECTED
2026-05-29 21:51:46,054 | ⚠ HOST DOMINANCE DETECTED
2026-05-29 21:51:46,054 | ⚠ POSSIBLE PORT SCAN DETECTED
2026-05-29 21:51:51,061 | ⚠ BANDWIDTH SPIKE DETECTED
2026-05-29 21:51:51,063 | ⚠ HOST DOMINANCE DETECTED
2026-05-29 21:51:51,063 | ⚠ POSSIBLE PORT SCAN DETECTED
2026-05-29 21:51:56,071 | ⚠ BANDWIDTH SPIKE DETECTED
2026-05-29 21:51:56,072 | ⚠ HOST DOMINANCE DETECTED
2026-05-29 21:51:56,072 | ⚠ POSSIBLE PORT SCAN DETECTED
2026-05-29 21:52:01,076 | ⚠ BANDWIDTH SPIKE DETECTED
2026-05-29 21:52:01,079 | ⚠ HOST DOMINANCE DETECTED
2026-05-29 21:52:01,079 | ⚠ POSSIBLE PORT SCAN DETECTED
2026-05-29 21:52:06,090 | ⚠ HOST DOMINANCE DETECTED
2026-05-29 21:52:06,090 | ⚠ POSSIBLE PORT SCAN DETECTED
2026-05-29 21:52:11,099 | ⚠ BANDWIDTH SPIKE DETECTED
2026-05-29 21:52:11,101 | ⚠ HOST DOMINANCE DETECTED
2026-05-29 21:52:11,101 | ⚠ POSSIBLE PORT SCAN DETECTED
2026-05-29 21:52:16,106 | ⚠ BANDWIDTH SPIKE DETECTED
2026-05-29 21:52:16,106 | ⚠ HOST DOMINANCE DETECTED
2026-05-29 21:52:16,106 | ⚠ POSSIBLE PORT SCAN DETECTED
2026-05-29 21:52:21,112 | ⚠ BANDWIDTH SPIKE DETECTED
2026-05-29 21:52:21,114 | ⚠ HOST DOMINANCE DETECTED
2026-05-29 21:52:21,114 | ⚠ POSSIBLE PORT SCAN DETECTED
2026-05-29 21:52:26,120 | ⚠ BANDWIDTH SPIKE DETECTED
2026-05-29 21:52:26,121 | ⚠ HOST DOMINANCE DETECTED
2026-05-29 21:52:26,121 | ⚠ POSSIBLE PORT SCAN DETECTED
2026-05-29 21:52:31,126 | ⚠ BANDWIDTH SPIKE DETECTED
2026-05-29 21:52:31,127 | ⚠ HOST DOMINANCE DETECTED
2026-05-29 21:52:31,127 | ⚠ POSSIBLE PORT SCAN DETECTED
2026-05-29 21:52:36,136 | ⚠ BANDWIDTH SPIKE DETECTED
2026-05-29 21:52:36,137 | ⚠ HOST DOMINANCE DETECTED
2026-05-29 21:52:36,137 | ⚠ POSSIBLE PORT SCAN DETECTED
2026-05-29 21:52:41,173 | ⚠ BANDWIDTH SPIKE DETECTED
2026-05-29 21:52:41,174 | ⚠ HOST DOMINANCE DETECTED
2026-05-29 21:52:41,174 | ⚠ POSSIBLE PORT SCAN DETECTED
2026-05-29 21:52:46,179 | ⚠ BANDWIDTH SPIKE DETECTED
2026-05-29 21:52:46,180 | ⚠ HOST DOMINANCE DETECTED
2026-05-29 21:52:46,180 | ⚠ POSSIBLE PORT SCAN DETECTED
2026-05-29 21:52:51,189 | ⚠ HOST DOMINANCE DETECTED
2026-05-29 21:52:51,191 | ⚠ POSSIBLE PORT SCAN DETECTED
2026-05-29 21:52:56,199 | ⚠ HOST DOMINANCE DETECTED
2026-05-29 21:52:56,199 | ⚠ POSSIBLE PORT SCAN DETECTED
2026-05-29 21:53:01,209 | ⚠ HOST DOMINANCE DETECTED
2026-05-29 21:53:01,211 | ⚠ POSSIBLE PORT SCAN DETECTED
2026-05-29 21:53:06,221 | ⚠ HOST DOMINANCE DETECTED
2026-05-29 21:53:06,222 | ⚠ POSSIBLE PORT SCAN DETECTED
2026-05-29 21:53:11,229 | ⚠ HOST DOMINANCE DETECTED
2026-05-29 21:53:11,230 | ⚠ POSSIBLE PORT SCAN DETECTED
2026-05-29 21:53:16,241 | ⚠ HOST DOMINANCE DETECTED
2026-05-29 21:53:16,242 | ⚠ POSSIBLE PORT SCAN DETECTED
2026-05-29 21:53:21,250 | ⚠ HOST DOMINANCE DETECTED
2026-05-29 21:53:21,252 | ⚠ POSSIBLE PORT SCAN DETECTED
2026-05-29 21:53:26,261 | ⚠ HOST DOMINANCE DETECTED
2026-05-29 21:53:26,262 | ⚠ POSSIBLE PORT SCAN DETECTED
2026-05-29 21:53:31,273 | ⚠ HOST DOMINANCE DETECTED
2026-05-29 21:53:31,274 | ⚠ POSSIBLE PORT SCAN DETECTED
2026-05-29 21:53:36,285 | ⚠ HOST DOMINANCE DETECTED
2026-05-29 21:53:36,285 | ⚠ POSSIBLE PORT SCAN DETECTED
2026-05-29 21:53:41,295 | ⚠ HOST DOMINANCE DETECTED
2026-05-29 21:53:41,295 | ⚠ POSSIBLE PORT SCAN DETECTED
2026-05-29 21:53:46,306 | ⚠ HOST DOMINANCE DETECTED
2026-05-29 21:53:46,306 | ⚠ POSSIBLE PORT SCAN DETECTED
2026-05-29 21:53:51,315 | ⚠ HOST DOMINANCE DETECTED
2026-05-29 21:53:51,315 | ⚠ POSSIBLE PORT SCAN DETECTED
2026-05-29 21:53:56,325 | ⚠ HOST DOMINANCE DETECTED
2026-05-29 21:53:56,327 | ⚠ POSSIBLE PORT SCAN DETECTED
2026-05-29 21:54:01,335 | ⚠ HOST DOMINANCE DETECTED
2026-05-29 21:54:01,335 | ⚠ POSSIBLE PORT SCAN DETECTED
2026-05-29 21:54:06,351 | ⚠ HOST DOMINANCE DETECTED
2026-05-29 21:54:06,352 | ⚠ POSSIBLE PORT SCAN DETECTED
2026-05-29 21:54:11,362 | ⚠ HOST DOMINANCE DETECTED
2026-05-29 21:54:11,363 | ⚠ POSSIBLE PORT SCAN DETECTED
2026-05-29 21:54:16,376 | ⚠ HOST DOMINANCE DETECTED
2026-05-29 21:54:16,377 | ⚠ POSSIBLE PORT SCAN DETECTED
2026-05-29 21:54:21,385 | ⚠ BANDWIDTH SPIKE DETECTED
2026-05-29 21:54:21,386 | ⚠ HOST DOMINANCE DETECTED
2026-05-29 21:54:21,386 | ⚠ POSSIBLE PORT SCAN DETECTED
2026-05-29 21:54:26,392 | ⚠ BANDWIDTH SPIKE DETECTED
2026-05-29 21:54:26,394 | ⚠ HOST DOMINANCE DETECTED
2026-05-29 21:54:26,394 | ⚠ POSSIBLE PORT SCAN DETECTED
2026-05-29 21:54:31,401 | ⚠ BANDWIDTH SPIKE DETECTED
2026-05-29 21:54:31,401 | ⚠ HOST DOMINANCE DETECTED
2026-05-29 21:54:31,401 | ⚠ POSSIBLE PORT SCAN DETECTED
2026-05-29 21:54:36,404 | ⚠ BANDWIDTH SPIKE DETECTED
2026-05-29 21:54:36,405 | ⚠ HOST DOMINANCE DETECTED
2026-05-29 21:54:36,406 | ⚠ POSSIBLE PORT SCAN DETECTED
2026-05-29 21:54:41,417 | ⚠ BANDWIDTH SPIKE DETECTED
2026-05-29 21:54:41,417 | ⚠ HOST DOMINANCE DETECTED
2026-05-29 21:54:41,417 | ⚠ POSSIBLE PORT SCAN DETECTED
2026-05-29 21:54:46,421 | ⚠ HOST DOMINANCE DETECTED
2026-05-29 21:54:46,422 | ⚠ POSSIBLE PORT SCAN DETECTED
2026-05-29 21:54:51,429 | ⚠ HOST DOMINANCE DETECTED
2026-05-29 21:54:51,430 | ⚠ POSSIBLE PORT SCAN DETECTED
2026-05-29 21:54:56,438 | ⚠ HOST DOMINANCE DETECTED
2026-05-29 21:54:56,438 | ⚠ POSSIBLE PORT SCAN DETECTED
2026-05-29 21:55:01,444 | ⚠ BANDWIDTH SPIKE DETECTED
2026-05-29 21:55:01,444 | ⚠ HOST DOMINANCE DETECTED
2026-05-29 21:55:01,445 | ⚠ POSSIBLE PORT SCAN DETECTED
2026-05-29 21:55:06,460 | ⚠ BANDWIDTH SPIKE DETECTED
2026-05-29 21:55:06,461 | ⚠ HOST DOMINANCE DETECTED
2026-05-29 21:55:06,461 | ⚠ POSSIBLE PORT SCAN DETECTED
2026-05-29 21:55:11,485 | ⚠ BANDWIDTH SPIKE DETECTED
2026-05-29 21:55:11,487 | ⚠ HOST DOMINANCE DETECTED
2026-05-29 21:55:11,489 | ⚠ POSSIBLE PORT SCAN DETECTED
2026-05-29 21:55:16,496 | ⚠ BANDWIDTH SPIKE DETECTED
2026-05-29 21:55:16,496 | ⚠ HOST DOMINANCE DETECTED
2026-05-29 21:55:16,496 | ⚠ POSSIBLE PORT SCAN DETECTED
2026-05-29 21:55:21,504 | ⚠ BANDWIDTH SPIKE DETECTED
2026-05-29 21:55:21,507 | ⚠ HOST DOMINANCE DETECTED
2026-05-29 21:55:21,507 | ⚠ POSSIBLE PORT SCAN DETECTED
2026-05-29 21:55:26,514 | ⚠ HOST DOMINANCE DETECTED
2026-05-29 21:55:26,514 | ⚠ POSSIBLE PORT SCAN DETECTED
2026-05-29 21:55:31,520 | ⚠ HOST DOMINANCE DETECTED
2026-05-29 21:55:31,521 | ⚠ POSSIBLE PORT SCAN DETECTED
2026-05-29 21:55:36,528 | ⚠ HOST DOMINANCE DETECTED
2026-05-29 21:55:36,528 | ⚠ POSSIBLE PORT SCAN DETECTED
2026-05-29 21:55:41,536 | ⚠ BANDWIDTH SPIKE DETECTED
2026-05-29 21:55:41,537 | ⚠ HOST DOMINANCE DETECTED
2026-05-29 21:55:41,537 | ⚠ POSSIBLE PORT SCAN DETECTED
2026-05-29 21:55:46,545 | ⚠ BANDWIDTH SPIKE DETECTED
2026-05-29 21:55:46,547 | ⚠ HOST DOMINANCE DETECTED
2026-05-29 21:55:46,548 | ⚠ POSSIBLE PORT SCAN DETECTED
2026-05-29 21:55:51,554 | ⚠ BANDWIDTH SPIKE DETECTED
2026-05-29 21:55:51,554 | ⚠ HOST DOMINANCE DETECTED
2026-05-29 21:55:51,554 | ⚠ POSSIBLE PORT SCAN DETECTED
2026-05-29 21:55:56,556 | ⚠ HOST DOMINANCE DETECTED
2026-05-29 21:55:56,556 | ⚠ POSSIBLE PORT SCAN DETECTED
2026-05-29 21:56:01,558 | ⚠ HOST DOMINANCE DETECTED
2026-05-29 21:56:01,560 | ⚠ POSSIBLE PORT SCAN DETECTED
2026-05-29 21:56:06,562 | ⚠ HOST DOMINANCE DETECTED
2026-05-29 21:56:06,562 | ⚠ POSSIBLE PORT SCAN DETECTED
2026-05-29 21:56:11,569 | ⚠ HOST DOMINANCE DETECTED
2026-05-29 21:56:11,570 | ⚠ POSSIBLE PORT SCAN DETECTED
2026-05-29 21:56:16,576 | ⚠ BANDWIDTH SPIKE DETECTED
2026-05-29 21:56:16,579 | ⚠ HOST DOMINANCE DETECTED
2026-05-29 21:56:16,579 | ⚠ POSSIBLE PORT SCAN DETECTED
2026-05-29 21:56:21,631 | ⚠ BANDWIDTH SPIKE DETECTED
2026-05-29 21:56:21,631 | ⚠ HOST DOMINANCE DETECTED
2026-05-29 21:56:21,631 | ⚠ POSSIBLE PORT SCAN DETECTED
2026-05-29 21:56:26,638 | ⚠ BANDWIDTH SPIKE DETECTED
2026-05-29 21:56:26,638 | ⚠ HOST DOMINANCE DETECTED
2026-05-29 21:56:26,638 | ⚠ POSSIBLE PORT SCAN DETECTED
2026-05-29 21:56:31,645 | ⚠ BANDWIDTH SPIKE DETECTED
2026-05-29 21:56:31,649 | ⚠ HOST DOMINANCE DETECTED
2026-05-29 21:56:31,649 | ⚠ POSSIBLE PORT SCAN DETECTED
2026-05-29 21:56:36,701 | ⚠ BANDWIDTH SPIKE DETECTED
2026-05-29 21:56:36,701 | ⚠ HOST DOMINANCE DETECTED
2026-05-29 21:56:36,701 | ⚠ POSSIBLE PORT SCAN DETECTED
2026-05-29 21:56:41,709 | ⚠ BANDWIDTH SPIKE DETECTED
2026-05-29 21:56:41,710 | ⚠ HOST DOMINANCE DETECTED
2026-05-29 21:56:41,710 | ⚠ POSSIBLE PORT SCAN DETECTED
2026-05-29 21:56:46,714 | ⚠ BANDWIDTH SPIKE DETECTED
2026-05-29 21:56:46,715 | ⚠ HOST DOMINANCE DETECTED
2026-05-29 21:56:46,716 | ⚠ POSSIBLE PORT SCAN DETECTED
2026-05-29 21:56:51,741 | ⚠ HOST DOMINANCE DETECTED
2026-05-29 21:56:51,743 | ⚠ POSSIBLE PORT SCAN DETECTED
2026-05-29 21:56:56,753 | ⚠ HOST DOMINANCE DETECTED
2026-05-29 21:56:56,753 | ⚠ POSSIBLE PORT SCAN DETECTED
2026-05-29 21:57:01,762 | ⚠ HOST DOMINANCE DETECTED
2026-05-29 21:57:01,762 | ⚠ POSSIBLE PORT SCAN DETECTED
2026-05-29 21:57:06,771 | ⚠ HOST DOMINANCE DETECTED
2026-05-29 21:57:06,771 | ⚠ POSSIBLE PORT SCAN DETECTED
2026-05-29 21:57:11,780 | ⚠ HOST DOMINANCE DETECTED
2026-05-29 21:57:11,780 | ⚠ POSSIBLE PORT SCAN DETECTED
2026-05-29 21:57:16,791 | ⚠ HOST DOMINANCE DETECTED
2026-05-29 21:57:16,792 | ⚠ POSSIBLE PORT SCAN DETECTED
2026-05-29 21:57:21,803 | ⚠ HOST DOMINANCE DETECTED
2026-05-29 21:57:21,804 | ⚠ POSSIBLE PORT SCAN DETECTED
2026-05-29 21:57:26,814 | ⚠ HOST DOMINANCE DETECTED
2026-05-29 21:57:26,815 | ⚠ POSSIBLE PORT SCAN DETECTED
2026-05-29 21:57:31,825 | ⚠ BANDWIDTH SPIKE DETECTED
2026-05-29 21:57:31,826 | ⚠ HOST DOMINANCE DETECTED
2026-05-29 21:57:31,826 | ⚠ POSSIBLE PORT SCAN DETECTED
2026-05-29 21:57:36,834 | ⚠ BANDWIDTH SPIKE DETECTED
2026-05-29 21:57:36,834 | ⚠ HOST DOMINANCE DETECTED
2026-05-29 21:57:36,834 | ⚠ POSSIBLE PORT SCAN DETECTED
2026-05-29 21:57:41,844 | ⚠ BANDWIDTH SPIKE DETECTED
2026-05-29 21:57:41,845 | ⚠ HOST DOMINANCE DETECTED
2026-05-29 21:57:41,845 | ⚠ POSSIBLE PORT SCAN DETECTED
2026-05-29 21:57:46,858 | ⚠ HOST DOMINANCE DETECTED
2026-05-29 21:57:46,859 | ⚠ POSSIBLE PORT SCAN DETECTED
2026-05-29 21:57:51,870 | ⚠ HOST DOMINANCE DETECTED
2026-05-29 21:57:51,870 | ⚠ POSSIBLE PORT SCAN DETECTED
2026-05-29 21:57:56,879 | ⚠ HOST DOMINANCE DETECTED
2026-05-29 21:57:56,879 | ⚠ POSSIBLE PORT SCAN DETECTED
2026-05-29 21:58:01,894 | ⚠ HOST DOMINANCE DETECTED
2026-05-29 21:58:01,895 | ⚠ POSSIBLE PORT SCAN DETECTED
2026-05-29 21:58:06,912 | ⚠ HOST DOMINANCE DETECTED
2026-05-29 21:58:06,913 | ⚠ POSSIBLE PORT SCAN DETECTED
2026-05-29 21:58:11,920 | ⚠ HOST DOMINANCE DETECTED
2026-05-29 21:58:11,921 | ⚠ POSSIBLE PORT SCAN DETECTED
2026-05-29 21:58:16,937 | ⚠ HOST DOMINANCE DETECTED
2026-05-29 21:58:16,938 | ⚠ POSSIBLE PORT SCAN DETECTED
2026-05-29 21:58:21,946 | ⚠ HOST DOMINANCE DETECTED
2026-05-29 21:58:21,947 | ⚠ POSSIBLE PORT SCAN DETECTED
2026-05-29 21:58:26,958 | ⚠ HOST DOMINANCE DETECTED
2026-05-29 21:58:26,958 | ⚠ POSSIBLE PORT SCAN DETECTED
2026-05-29 21:58:31,968 | ⚠ HOST DOMINANCE DETECTED
2026-05-29 21:58:31,968 | ⚠ POSSIBLE PORT SCAN DETECTED
2026-05-29 21:58:37,008 | ⚠ HOST DOMINANCE DETECTED
2026-05-29 21:58:37,009 | ⚠ POSSIBLE PORT SCAN DETECTED
2026-05-29 21:58:42,036 | ⚠ HOST DOMINANCE DETECTED
2026-05-29 21:58:42,038 | ⚠ POSSIBLE PORT SCAN DETECTED
2026-05-29 21:58:47,047 | ⚠ HOST DOMINANCE DETECTED
2026-05-29 21:58:47,047 | ⚠ POSSIBLE PORT SCAN DETECTED
2026-05-29 21:58:52,052 | ⚠ HOST DOMINANCE DETECTED
2026-05-29 21:58:52,055 | ⚠ POSSIBLE PORT SCAN DETECTED
2026-05-29 21:58:57,078 | ⚠ HOST DOMINANCE DETECTED
2026-05-29 21:58:57,079 | ⚠ POSSIBLE PORT SCAN DETECTED
2026-05-29 21:59:02,091 | ⚠ BANDWIDTH SPIKE DETECTED
2026-05-29 21:59:02,092 | ⚠ HOST DOMINANCE DETECTED
2026-05-29 21:59:02,093 | ⚠ POSSIBLE PORT SCAN DETECTED
2026-05-29 21:59:07,126 | ⚠ HOST DOMINANCE DETECTED
2026-05-29 21:59:07,126 | ⚠ POSSIBLE PORT SCAN DETECTED
2026-05-29 21:59:12,135 | ⚠ HOST DOMINANCE DETECTED
2026-05-29 21:59:12,136 | ⚠ POSSIBLE PORT SCAN DETECTED
2026-05-29 21:59:17,145 | ⚠ BANDWIDTH SPIKE DETECTED
2026-05-29 21:59:17,145 | ⚠ HOST DOMINANCE DETECTED
2026-05-29 21:59:17,145 | ⚠ POSSIBLE PORT SCAN DETECTED
2026-05-29 21:59:22,158 | ⚠ BANDWIDTH SPIKE DETECTED
2026-05-29 21:59:22,160 | ⚠ HOST DOMINANCE DETECTED
2026-05-29 21:59:22,161 | ⚠ POSSIBLE PORT SCAN DETECTED
2026-05-29 21:59:27,183 | ⚠ BANDWIDTH SPIKE DETECTED
2026-05-29 21:59:27,185 | ⚠ HOST DOMINANCE DETECTED
2026-05-29 21:59:27,186 | ⚠ POSSIBLE PORT SCAN DETECTED
2026-05-29 21:59:32,236 | ⚠ HOST DOMINANCE DETECTED
2026-05-29 21:59:32,238 | ⚠ POSSIBLE PORT SCAN DETECTED
2026-05-29 21:59:37,247 | ⚠ HOST DOMINANCE DETECTED
2026-05-29 21:59:37,248 | ⚠ POSSIBLE PORT SCAN DETECTED
2026-05-29 21:59:42,282 | ⚠ HOST DOMINANCE DETECTED
2026-05-29 21:59:42,284 | ⚠ POSSIBLE PORT SCAN DETECTED
2026-05-29 21:59:47,292 | ⚠ HOST DOMINANCE DETECTED
2026-05-29 21:59:47,292 | ⚠ POSSIBLE PORT SCAN DETECTED
2026-05-29 21:59:52,306 | ⚠ HOST DOMINANCE DETECTED
2026-05-29 21:59:52,306 | ⚠ POSSIBLE PORT SCAN DETECTED
2026-05-29 21:59:57,317 | ⚠ HOST DOMINANCE DETECTED
2026-05-29 21:59:57,317 | ⚠ POSSIBLE PORT SCAN DETECTED
2026-05-29 22:00:02,330 | ⚠ HOST DOMINANCE DETECTED
2026-05-29 22:00:02,332 | ⚠ POSSIBLE PORT SCAN DETECTED
2026-05-29 22:00:07,349 | ⚠ HOST DOMINANCE DETECTED
2026-05-29 22:00:07,349 | ⚠ POSSIBLE PORT SCAN DETECTED
2026-05-29 22:00:12,359 | ⚠ HOST DOMINANCE DETECTED
2026-05-29 22:00:12,360 | ⚠ POSSIBLE PORT SCAN DETECTED
2026-05-29 22:00:17,382 | ⚠ HOST DOMINANCE DETECTED
2026-05-29 22:00:17,383 | ⚠ POSSIBLE PORT SCAN DETECTED
2026-05-29 22:00:22,390 | ⚠ HOST DOMINANCE DETECTED
2026-05-29 22:00:22,390 | ⚠ POSSIBLE PORT SCAN DETECTED
2026-05-29 22:00:27,398 | ⚠ HOST DOMINANCE DETECTED
2026-05-29 22:00:27,399 | ⚠ POSSIBLE PORT SCAN DETECTED
2026-05-29 22:00:32,411 | ⚠ HOST DOMINANCE DETECTED
2026-05-29 22:00:32,412 | ⚠ POSSIBLE PORT SCAN DETECTED
2026-05-29 22:00:37,418 | ⚠ HOST DOMINANCE DETECTED
2026-05-29 22:00:37,418 | ⚠ POSSIBLE PORT SCAN DETECTED
2026-05-29 22:00:42,434 | ⚠ HOST DOMINANCE DETECTED
2026-05-29 22:00:42,436 | ⚠ POSSIBLE PORT SCAN DETECTED
2026-05-29 22:00:45,520 | ⚠ BANDWIDTH SPIKE DETECTED
2026-05-29 22:00:46,044 | ⚠ HOST DOMINANCE DETECTED
2026-05-29 22:00:46,046 | ⚠ POSSIBLE PORT SCAN DETECTED
2026-05-29 22:00:46,061 | ⚠ HOST DOMINANCE DETECTED
2026-05-29 22:00:46,061 | ⚠ POSSIBLE PORT SCAN DETECTED
2026-05-29 22:12:55,233 | ⚠ HOST DOMINANCE DETECTED
2026-05-29 22:13:00,240 | ⚠ HOST DOMINANCE DETECTED
2026-05-29 22:13:05,249 | ⚠ HOST DOMINANCE DETECTED
2026-05-29 22:13:10,254 | ⚠ HOST DOMINANCE DETECTED
2026-05-29 22:13:15,260 | ⚠ HOST DOMINANCE DETECTED
2026-05-29 22:13:20,266 | ⚠ HOST DOMINANCE DETECTED
2026-05-29 22:13:20,267 | ⚠ RECONNAISSANCE ACTIVITY DETECTED
2026-05-29 22:13:25,273 | ⚠ HIGH ICMP TRAFFIC DETECTED
2026-05-29 22:13:25,273 | ⚠ HOST DOMINANCE DETECTED
2026-05-29 22:13:25,274 | ⚠ RECONNAISSANCE ACTIVITY DETECTED
2026-05-29 22:13:30,280 | ⚠ HOST DOMINANCE DETECTED
2026-05-29 22:13:30,280 | ⚠ POSSIBLE PORT SCAN DETECTED
2026-05-29 22:13:30,280 | ⚠ RECONNAISSANCE ACTIVITY DETECTED
2026-05-29 22:13:35,286 | ⚠ HOST DOMINANCE DETECTED
2026-05-29 22:13:35,287 | ⚠ POSSIBLE PORT SCAN DETECTED
2026-05-29 22:13:40,289 | ⚠ HOST DOMINANCE DETECTED
2026-05-29 22:13:40,289 | ⚠ POSSIBLE PORT SCAN DETECTED
2026-05-29 22:13:45,295 | ⚠ HOST DOMINANCE DETECTED
2026-05-29 22:13:45,296 | ⚠ POSSIBLE PORT SCAN DETECTED
2026-05-29 22:13:50,303 | ⚠ HOST DOMINANCE DETECTED
2026-05-29 22:13:50,303 | ⚠ POSSIBLE PORT SCAN DETECTED
2026-05-29 22:13:55,309 | ⚠ HOST DOMINANCE DETECTED
2026-05-29 22:13:55,309 | ⚠ POSSIBLE PORT SCAN DETECTED
2026-05-29 22:14:00,315 | ⚠ HOST DOMINANCE DETECTED
2026-05-29 22:14:00,315 | ⚠ POSSIBLE PORT SCAN DETECTED
2026-05-29 22:14:05,322 | ⚠ HOST DOMINANCE DETECTED
2026-05-29 22:14:05,322 | ⚠ POSSIBLE PORT SCAN DETECTED
2026-05-29 22:14:10,330 | ⚠ HOST DOMINANCE DETECTED
2026-05-29 22:14:10,331 | ⚠ POSSIBLE PORT SCAN DETECTED
2026-05-29 22:14:15,336 | ⚠ HOST DOMINANCE DETECTED
2026-05-29 22:14:15,336 | ⚠ POSSIBLE PORT SCAN DETECTED
2026-05-29 22:14:20,343 | ⚠ HOST DOMINANCE DETECTED
2026-05-29 22:14:20,343 | ⚠ POSSIBLE PORT SCAN DETECTED
2026-05-29 22:14:25,349 | ⚠ HOST DOMINANCE DETECTED
2026-05-29 22:14:25,349 | ⚠ POSSIBLE PORT SCAN DETECTED
2026-05-29 22:14:30,351 | ⚠ HOST DOMINANCE DETECTED
2026-05-29 22:14:30,366 | ⚠ POSSIBLE PORT SCAN DETECTED
2026-05-29 22:14:35,372 | ⚠ HOST DOMINANCE DETECTED
2026-05-29 22:14:35,372 | ⚠ POSSIBLE PORT SCAN DETECTED
2026-05-29 22:14:40,378 | ⚠ HOST DOMINANCE DETECTED
2026-05-29 22:14:40,378 | ⚠ POSSIBLE PORT SCAN DETECTED
2026-05-29 22:14:45,384 | ⚠ HOST DOMINANCE DETECTED
2026-05-29 22:14:45,384 | ⚠ POSSIBLE PORT SCAN DETECTED
2026-05-29 22:14:50,390 | ⚠ HOST DOMINANCE DETECTED
2026-05-29 22:14:50,390 | ⚠ POSSIBLE PORT SCAN DETECTED
2026-05-29 22:14:55,397 | ⚠ HOST DOMINANCE DETECTED
2026-05-29 22:14:55,397 | ⚠ POSSIBLE PORT SCAN DETECTED
2026-05-29 22:15:00,403 | ⚠ HOST DOMINANCE DETECTED
2026-05-29 22:15:00,404 | ⚠ POSSIBLE PORT SCAN DETECTED
2026-05-29 22:15:05,408 | ⚠ HOST DOMINANCE DETECTED
2026-05-29 22:15:05,408 | ⚠ POSSIBLE PORT SCAN DETECTED
2026-05-29 22:15:10,415 | ⚠ HOST DOMINANCE DETECTED
2026-05-29 22:15:10,415 | ⚠ POSSIBLE PORT SCAN DETECTED
2026-05-29 22:15:15,421 | ⚠ HOST DOMINANCE DETECTED
2026-05-29 22:15:15,422 | ⚠ POSSIBLE PORT SCAN DETECTED
2026-05-29 22:15:20,426 | ⚠ HOST DOMINANCE DETECTED
2026-05-29 22:15:20,426 | ⚠ POSSIBLE PORT SCAN DETECTED
2026-05-29 22:15:25,432 | ⚠ HOST DOMINANCE DETECTED
2026-05-29 22:15:25,432 | ⚠ POSSIBLE PORT SCAN DETECTED
2026-05-29 22:15:30,437 | ⚠ HOST DOMINANCE DETECTED
2026-05-29 22:15:30,437 | ⚠ POSSIBLE PORT SCAN DETECTED
2026-05-29 22:15:35,443 | ⚠ HOST DOMINANCE DETECTED
2026-05-29 22:15:35,443 | ⚠ POSSIBLE PORT SCAN DETECTED
2026-05-29 22:15:40,446 | ⚠ HOST DOMINANCE DETECTED
2026-05-29 22:15:40,447 | ⚠ POSSIBLE PORT SCAN DETECTED
2026-05-29 22:15:45,455 | ⚠ HOST DOMINANCE DETECTED
2026-05-29 22:15:45,456 | ⚠ POSSIBLE PORT SCAN DETECTED
2026-05-29 22:15:50,463 | ⚠ HOST DOMINANCE DETECTED
2026-05-29 22:15:50,464 | ⚠ POSSIBLE PORT SCAN DETECTED
2026-05-29 22:15:55,469 | ⚠ HOST DOMINANCE DETECTED
2026-05-29 22:15:55,470 | ⚠ POSSIBLE PORT SCAN DETECTED
2026-05-29 22:16:00,475 | ⚠ HOST DOMINANCE DETECTED
2026-05-29 22:16:00,475 | ⚠ POSSIBLE PORT SCAN DETECTED
2026-05-29 22:16:05,482 | ⚠ HOST DOMINANCE DETECTED
2026-05-29 22:16:05,482 | ⚠ POSSIBLE PORT SCAN DETECTED
2026-05-29 22:16:10,491 | ⚠ HOST DOMINANCE DETECTED
2026-05-29 22:16:10,492 | ⚠ POSSIBLE PORT SCAN DETECTED
2026-05-29 22:16:15,500 | ⚠ HOST DOMINANCE DETECTED
2026-05-29 22:16:15,500 | ⚠ POSSIBLE PORT SCAN DETECTED
2026-05-29 22:16:20,502 | ⚠ HOST DOMINANCE DETECTED
2026-05-29 22:16:20,503 | ⚠ POSSIBLE PORT SCAN DETECTED
2026-05-29 22:16:25,511 | ⚠ HOST DOMINANCE DETECTED
2026-05-29 22:16:25,511 | ⚠ POSSIBLE PORT SCAN DETECTED
2026-05-29 22:16:30,519 | ⚠ HOST DOMINANCE DETECTED
2026-05-29 22:16:30,519 | ⚠ POSSIBLE PORT SCAN DETECTED
2026-05-29 22:16:35,526 | ⚠ HOST DOMINANCE DETECTED
2026-05-29 22:16:35,526 | ⚠ POSSIBLE PORT SCAN DETECTED
2026-05-29 22:16:40,533 | ⚠ HOST DOMINANCE DETECTED
2026-05-29 22:16:40,533 | ⚠ POSSIBLE PORT SCAN DETECTED
2026-05-29 22:16:45,539 | ⚠ HOST DOMINANCE DETECTED
2026-05-29 22:16:45,539 | ⚠ POSSIBLE PORT SCAN DETECTED
2026-05-29 22:16:50,546 | ⚠ HOST DOMINANCE DETECTED
2026-05-29 22:16:50,546 | ⚠ POSSIBLE PORT SCAN DETECTED
2026-05-29 22:16:55,550 | ⚠ HOST DOMINANCE DETECTED
2026-05-29 22:16:55,551 | ⚠ POSSIBLE PORT SCAN DETECTED
2026-05-29 22:17:00,555 | ⚠ HOST DOMINANCE DETECTED
2026-05-29 22:17:00,556 | ⚠ POSSIBLE PORT SCAN DETECTED
2026-05-29 22:17:05,564 | ⚠ HOST DOMINANCE DETECTED
2026-05-29 22:17:05,565 | ⚠ POSSIBLE PORT SCAN DETECTED
2026-05-29 22:17:10,570 | ⚠ HOST DOMINANCE DETECTED
2026-05-29 22:17:10,570 | ⚠ POSSIBLE PORT SCAN DETECTED
2026-05-29 22:17:15,574 | ⚠ HOST DOMINANCE DETECTED
2026-05-29 22:17:15,574 | ⚠ POSSIBLE PORT SCAN DETECTED
2026-05-29 22:17:20,581 | ⚠ HOST DOMINANCE DETECTED
2026-05-29 22:17:20,582 | ⚠ POSSIBLE PORT SCAN DETECTED
2026-05-29 22:17:25,589 | ⚠ HOST DOMINANCE DETECTED
2026-05-29 22:17:25,589 | ⚠ POSSIBLE PORT SCAN DETECTED
2026-05-29 22:17:30,602 | ⚠ HOST DOMINANCE DETECTED
2026-05-29 22:17:30,602 | ⚠ POSSIBLE PORT SCAN DETECTED
2026-05-29 22:17:35,613 | ⚠ HOST DOMINANCE DETECTED
2026-05-29 22:17:35,613 | ⚠ POSSIBLE PORT SCAN DETECTED
2026-05-29 22:17:40,624 | ⚠ HOST DOMINANCE DETECTED
2026-05-29 22:17:40,625 | ⚠ POSSIBLE PORT SCAN DETECTED
2026-05-29 22:17:45,631 | ⚠ HOST DOMINANCE DETECTED
2026-05-29 22:17:45,631 | ⚠ POSSIBLE PORT SCAN DETECTED
2026-05-29 22:17:50,640 | ⚠ HOST DOMINANCE DETECTED
2026-05-29 22:17:50,640 | ⚠ POSSIBLE PORT SCAN DETECTED
2026-05-29 22:17:55,644 | ⚠ HOST DOMINANCE DETECTED
2026-05-29 22:17:55,645 | ⚠ POSSIBLE PORT SCAN DETECTED
2026-05-29 22:18:00,653 | ⚠ HOST DOMINANCE DETECTED
2026-05-29 22:18:00,653 | ⚠ POSSIBLE PORT SCAN DETECTED
2026-05-29 22:18:05,661 | ⚠ HOST DOMINANCE DETECTED
2026-05-29 22:18:05,661 | ⚠ POSSIBLE PORT SCAN DETECTED
2026-05-29 22:18:10,665 | ⚠ HOST DOMINANCE DETECTED
2026-05-29 22:18:10,665 | ⚠ POSSIBLE PORT SCAN DETECTED
2026-05-29 22:18:15,671 | ⚠ HOST DOMINANCE DETECTED
2026-05-29 22:18:15,671 | ⚠ POSSIBLE PORT SCAN DETECTED
2026-05-29 22:18:20,677 | ⚠ HOST DOMINANCE DETECTED
2026-05-29 22:18:20,678 | ⚠ POSSIBLE PORT SCAN DETECTED
2026-05-29 22:18:25,684 | ⚠ HOST DOMINANCE DETECTED
2026-05-29 22:18:25,684 | ⚠ POSSIBLE PORT SCAN DETECTED
2026-05-29 22:18:30,690 | ⚠ HOST DOMINANCE DETECTED
2026-05-29 22:18:30,691 | ⚠ POSSIBLE PORT SCAN DETECTED
2026-05-29 22:18:35,696 | ⚠ HOST DOMINANCE DETECTED
2026-05-29 22:18:35,697 | ⚠ POSSIBLE PORT SCAN DETECTED
2026-05-29 22:18:40,701 | ⚠ HOST DOMINANCE DETECTED
2026-05-29 22:18:40,701 | ⚠ POSSIBLE PORT SCAN DETECTED
2026-05-29 22:18:45,706 | ⚠ HOST DOMINANCE DETECTED
2026-05-29 22:18:45,706 | ⚠ POSSIBLE PORT SCAN DETECTED
2026-05-29 22:18:50,713 | ⚠ HOST DOMINANCE DETECTED
2026-05-29 22:18:50,714 | ⚠ POSSIBLE PORT SCAN DETECTED
2026-05-29 22:18:55,720 | ⚠ HOST DOMINANCE DETECTED
2026-05-29 22:18:55,720 | ⚠ POSSIBLE PORT SCAN DETECTED
2026-05-29 22:19:00,726 | ⚠ HOST DOMINANCE DETECTED
2026-05-29 22:19:00,727 | ⚠ POSSIBLE PORT SCAN DETECTED
2026-05-29 22:19:05,733 | ⚠ HOST DOMINANCE DETECTED
2026-05-29 22:19:05,733 | ⚠ POSSIBLE PORT SCAN DETECTED
2026-05-29 22:19:10,736 | ⚠ HOST DOMINANCE DETECTED
2026-05-29 22:19:10,737 | ⚠ POSSIBLE PORT SCAN DETECTED
2026-05-29 22:19:15,742 | ⚠ HOST DOMINANCE DETECTED
2026-05-29 22:19:15,742 | ⚠ POSSIBLE PORT SCAN DETECTED
2026-05-29 22:19:20,746 | ⚠ HOST DOMINANCE DETECTED
2026-05-29 22:19:20,747 | ⚠ POSSIBLE PORT SCAN DETECTED
2026-05-29 22:19:25,754 | ⚠ HOST DOMINANCE DETECTED
2026-05-29 22:19:25,754 | ⚠ POSSIBLE PORT SCAN DETECTED
2026-05-29 22:19:30,761 | ⚠ HOST DOMINANCE DETECTED
2026-05-29 22:19:30,762 | ⚠ POSSIBLE PORT SCAN DETECTED
2026-05-29 22:19:35,770 | ⚠ HOST DOMINANCE DETECTED
2026-05-29 22:19:35,770 | ⚠ POSSIBLE PORT SCAN DETECTED
2026-05-29 22:19:40,776 | ⚠ HOST DOMINANCE DETECTED
2026-05-29 22:19:40,777 | ⚠ POSSIBLE PORT SCAN DETECTED
2026-05-29 22:19:45,783 | ⚠ HOST DOMINANCE DETECTED
2026-05-29 22:19:45,784 | ⚠ POSSIBLE PORT SCAN DETECTED
2026-05-29 22:19:50,792 | ⚠ HOST DOMINANCE DETECTED
2026-05-29 22:19:50,793 | ⚠ POSSIBLE PORT SCAN DETECTED
2026-05-29 22:19:55,799 | ⚠ HOST DOMINANCE DETECTED
2026-05-29 22:19:55,799 | ⚠ POSSIBLE PORT SCAN DETECTED
2026-05-29 22:20:00,806 | ⚠ HOST DOMINANCE DETECTED
2026-05-29 22:20:00,807 | ⚠ POSSIBLE PORT SCAN DETECTED
2026-05-29 22:20:05,811 | ⚠ HOST DOMINANCE DETECTED
2026-05-29 22:20:05,812 | ⚠ POSSIBLE PORT SCAN DETECTED
2026-05-29 22:20:10,814 | ⚠ HOST DOMINANCE DETECTED
2026-05-29 22:20:10,815 | ⚠ POSSIBLE PORT SCAN DETECTED
2026-05-29 22:20:15,822 | ⚠ HOST DOMINANCE DETECTED
2026-05-29 22:20:15,822 | ⚠ POSSIBLE PORT SCAN DETECTED
2026-05-29 22:20:20,826 | ⚠ HOST DOMINANCE DETECTED
2026-05-29 22:20:20,827 | ⚠ POSSIBLE PORT SCAN DETECTED
2026-05-29 22:20:25,834 | ⚠ HOST DOMINANCE DETECTED
2026-05-29 22:20:25,834 | ⚠ POSSIBLE PORT SCAN DETECTED
2026-05-29 22:20:30,840 | ⚠ HOST DOMINANCE DETECTED
2026-05-29 22:20:30,841 | ⚠ POSSIBLE PORT SCAN DETECTED
2026-05-29 22:20:35,848 | ⚠ HOST DOMINANCE DETECTED
2026-05-29 22:20:35,848 | ⚠ POSSIBLE PORT SCAN DETECTED
2026-05-29 22:20:40,856 | ⚠ HOST DOMINANCE DETECTED
2026-05-29 22:20:40,858 | ⚠ POSSIBLE PORT SCAN DETECTED
2026-05-29 22:20:45,862 | ⚠ HOST DOMINANCE DETECTED
2026-05-29 22:20:45,862 | ⚠ POSSIBLE PORT SCAN DETECTED
2026-05-29 22:20:50,868 | ⚠ HOST DOMINANCE DETECTED
2026-05-29 22:20:50,869 | ⚠ POSSIBLE PORT SCAN DETECTED
2026-05-29 22:20:55,875 | ⚠ BANDWIDTH SPIKE DETECTED
2026-05-29 22:20:55,875 | ⚠ HOST DOMINANCE DETECTED
2026-05-29 22:20:55,875 | ⚠ POSSIBLE PORT SCAN DETECTED
2026-05-29 22:21:00,881 | ⚠ BANDWIDTH SPIKE DETECTED
2026-05-29 22:21:00,881 | ⚠ HOST DOMINANCE DETECTED
2026-05-29 22:21:00,881 | ⚠ POSSIBLE PORT SCAN DETECTED
2026-05-29 22:21:05,887 | ⚠ BANDWIDTH SPIKE DETECTED
2026-05-29 22:21:05,887 | ⚠ HOST DOMINANCE DETECTED
2026-05-29 22:21:05,887 | ⚠ POSSIBLE PORT SCAN DETECTED
2026-05-29 22:21:10,893 | ⚠ HOST DOMINANCE DETECTED
2026-05-29 22:21:10,894 | ⚠ POSSIBLE PORT SCAN DETECTED
2026-05-29 22:21:15,900 | ⚠ BANDWIDTH SPIKE DETECTED
2026-05-29 22:21:15,900 | ⚠ HOST DOMINANCE DETECTED
2026-05-29 22:21:15,900 | ⚠ POSSIBLE PORT SCAN DETECTED
2026-05-29 22:21:20,906 | ⚠ HOST DOMINANCE DETECTED
2026-05-29 22:21:20,906 | ⚠ POSSIBLE PORT SCAN DETECTED
2026-05-29 22:21:25,909 | ⚠ BANDWIDTH SPIKE DETECTED
2026-05-29 22:21:25,909 | ⚠ HOST DOMINANCE DETECTED
2026-05-29 22:21:25,909 | ⚠ POSSIBLE PORT SCAN DETECTED
2026-05-29 22:21:30,914 | ⚠ HOST DOMINANCE DETECTED
2026-05-29 22:21:30,916 | ⚠ POSSIBLE PORT SCAN DETECTED
2026-05-29 22:21:35,936 | ⚠ HOST DOMINANCE DETECTED
2026-05-29 22:21:35,936 | ⚠ POSSIBLE PORT SCAN DETECTED
2026-05-29 22:21:40,943 | ⚠ HOST DOMINANCE DETECTED
2026-05-29 22:21:40,943 | ⚠ POSSIBLE PORT SCAN DETECTED
2026-05-29 22:21:45,951 | ⚠ HOST DOMINANCE DETECTED
2026-05-29 22:21:45,951 | ⚠ POSSIBLE PORT SCAN DETECTED
2026-05-29 22:21:50,958 | ⚠ HOST DOMINANCE DETECTED
2026-05-29 22:21:50,958 | ⚠ POSSIBLE PORT SCAN DETECTED
2026-05-29 22:21:55,964 | ⚠ BANDWIDTH SPIKE DETECTED
2026-05-29 22:21:55,965 | ⚠ HOST DOMINANCE DETECTED
2026-05-29 22:21:55,965 | ⚠ POSSIBLE PORT SCAN DETECTED
2026-05-29 22:22:00,973 | ⚠ BANDWIDTH SPIKE DETECTED
2026-05-29 22:22:00,973 | ⚠ HOST DOMINANCE DETECTED
2026-05-29 22:22:00,973 | ⚠ POSSIBLE PORT SCAN DETECTED
2026-05-29 22:22:05,979 | ⚠ HOST DOMINANCE DETECTED
2026-05-29 22:22:05,979 | ⚠ POSSIBLE PORT SCAN DETECTED
2026-05-29 22:22:10,985 | ⚠ BANDWIDTH SPIKE DETECTED
2026-05-29 22:22:10,986 | ⚠ HOST DOMINANCE DETECTED
2026-05-29 22:22:10,986 | ⚠ POSSIBLE PORT SCAN DETECTED
2026-05-29 22:22:15,992 | ⚠ HOST DOMINANCE DETECTED
2026-05-29 22:22:15,993 | ⚠ POSSIBLE PORT SCAN DETECTED
2026-05-29 22:22:21,000 | ⚠ BANDWIDTH SPIKE DETECTED
2026-05-29 22:22:21,000 | ⚠ HOST DOMINANCE DETECTED
2026-05-29 22:22:21,000 | ⚠ POSSIBLE PORT SCAN DETECTED
2026-05-29 22:22:26,002 | ⚠ BANDWIDTH SPIKE DETECTED
2026-05-29 22:22:26,003 | ⚠ HOST DOMINANCE DETECTED
2026-05-29 22:22:26,003 | ⚠ POSSIBLE PORT SCAN DETECTED
2026-05-29 22:22:31,012 | ⚠ HOST DOMINANCE DETECTED
2026-05-29 22:22:31,019 | ⚠ POSSIBLE PORT SCAN DETECTED
2026-05-29 22:22:36,048 | ⚠ HOST DOMINANCE DETECTED
2026-05-29 22:22:36,049 | ⚠ POSSIBLE PORT SCAN DETECTED
2026-05-29 22:22:41,057 | ⚠ HOST DOMINANCE DETECTED
2026-05-29 22:22:41,058 | ⚠ POSSIBLE PORT SCAN DETECTED
2026-05-29 22:22:46,066 | ⚠ HOST DOMINANCE DETECTED
2026-05-29 22:22:46,067 | ⚠ POSSIBLE PORT SCAN DETECTED
2026-05-29 22:22:51,074 | ⚠ HOST DOMINANCE DETECTED
2026-05-29 22:22:51,074 | ⚠ POSSIBLE PORT SCAN DETECTED
2026-05-29 22:22:56,077 | ⚠ HOST DOMINANCE DETECTED
2026-05-29 22:22:56,078 | ⚠ POSSIBLE PORT SCAN DETECTED
2026-05-29 22:23:01,085 | ⚠ HOST DOMINANCE DETECTED
2026-05-29 22:23:01,085 | ⚠ POSSIBLE PORT SCAN DETECTED
2026-05-29 22:23:06,092 | ⚠ HOST DOMINANCE DETECTED
2026-05-29 22:23:06,092 | ⚠ POSSIBLE PORT SCAN DETECTED
2026-05-29 22:23:11,099 | ⚠ HOST DOMINANCE DETECTED
2026-05-29 22:23:11,099 | ⚠ POSSIBLE PORT SCAN DETECTED
2026-05-29 22:23:16,105 | ⚠ BANDWIDTH SPIKE DETECTED
2026-05-29 22:23:16,106 | ⚠ HOST DOMINANCE DETECTED
2026-05-29 22:23:16,106 | ⚠ POSSIBLE PORT SCAN DETECTED
2026-05-29 22:23:21,111 | ⚠ BANDWIDTH SPIKE DETECTED
2026-05-29 22:23:21,111 | ⚠ HOST DOMINANCE DETECTED
2026-05-29 22:23:21,111 | ⚠ POSSIBLE PORT SCAN DETECTED
2026-05-29 22:23:26,113 | ⚠ BANDWIDTH SPIKE DETECTED
2026-05-29 22:23:26,113 | ⚠ HOST DOMINANCE DETECTED
2026-05-29 22:23:26,113 | ⚠ POSSIBLE PORT SCAN DETECTED
2026-05-29 22:23:31,119 | ⚠ BANDWIDTH SPIKE DETECTED
2026-05-29 22:23:31,120 | ⚠ HOST DOMINANCE DETECTED
2026-05-29 22:23:31,121 | ⚠ POSSIBLE PORT SCAN DETECTED
2026-05-29 22:23:36,128 | ⚠ HOST DOMINANCE DETECTED
2026-05-29 22:23:36,129 | ⚠ POSSIBLE PORT SCAN DETECTED
2026-05-29 22:23:41,137 | ⚠ BANDWIDTH SPIKE DETECTED
2026-05-29 22:23:41,137 | ⚠ HOST DOMINANCE DETECTED
2026-05-29 22:23:41,137 | ⚠ POSSIBLE PORT SCAN DETECTED
2026-05-29 22:23:46,153 | ⚠ HOST DOMINANCE DETECTED
2026-05-29 22:23:46,154 | ⚠ POSSIBLE PORT SCAN DETECTED
2026-05-29 22:23:51,161 | ⚠ HOST DOMINANCE DETECTED
2026-05-29 22:23:51,161 | ⚠ POSSIBLE PORT SCAN DETECTED
2026-05-29 22:23:56,169 | ⚠ HOST DOMINANCE DETECTED
2026-05-29 22:23:56,169 | ⚠ POSSIBLE PORT SCAN DETECTED
2026-05-29 22:24:01,176 | ⚠ BANDWIDTH SPIKE DETECTED
2026-05-29 22:24:01,176 | ⚠ HOST DOMINANCE DETECTED
2026-05-29 22:24:01,176 | ⚠ POSSIBLE PORT SCAN DETECTED
2026-05-29 22:24:06,184 | ⚠ BANDWIDTH SPIKE DETECTED
2026-05-29 22:24:06,185 | ⚠ HOST DOMINANCE DETECTED
2026-05-29 22:24:06,185 | ⚠ POSSIBLE PORT SCAN DETECTED
2026-05-29 22:24:11,193 | ⚠ HOST DOMINANCE DETECTED
2026-05-29 22:24:11,193 | ⚠ POSSIBLE PORT SCAN DETECTED
2026-05-29 22:24:21,632 | ⚠ HOST DOMINANCE DETECTED
2026-05-29 22:24:33,259 | ⚠ HOST DOMINANCE DETECTED
2026-05-29 22:24:38,265 | ⚠ HOST DOMINANCE DETECTED
2026-05-29 22:24:43,267 | ⚠ HOST DOMINANCE DETECTED
2026-05-29 22:24:48,273 | ⚠ HOST DOMINANCE DETECTED
2026-05-29 22:24:53,278 | ⚠ HOST DOMINANCE DETECTED
2026-05-29 22:24:56,267 | ⚠ HOST DOMINANCE DETECTED
2026-05-29 22:24:58,296 | ⚠ HOST DOMINANCE DETECTED
2026-05-29 22:25:03,304 | ⚠ HOST DOMINANCE DETECTED
2026-05-29 22:25:03,305 | ⚠ POSSIBLE PORT SCAN DETECTED
2026-05-29 22:25:08,312 | ⚠ HOST DOMINANCE DETECTED
2026-05-29 22:25:08,312 | ⚠ POSSIBLE PORT SCAN DETECTED
2026-05-29 22:25:13,316 | ⚠ HOST DOMINANCE DETECTED
2026-05-29 22:25:13,317 | ⚠ POSSIBLE PORT SCAN DETECTED
2026-05-29 22:25:18,324 | ⚠ HOST DOMINANCE DETECTED
2026-05-29 22:25:18,324 | ⚠ POSSIBLE PORT SCAN DETECTED
2026-05-29 22:25:23,331 | ⚠ HOST DOMINANCE DETECTED
2026-05-29 22:25:23,331 | ⚠ POSSIBLE PORT SCAN DETECTED
2026-05-29 22:25:26,473 | ⚠ HOST DOMINANCE DETECTED
2026-05-29 22:25:26,473 | ⚠ POSSIBLE PORT SCAN DETECTED
2026-05-29 22:25:28,339 | ⚠ HOST DOMINANCE DETECTED
2026-05-29 22:25:28,339 | ⚠ POSSIBLE PORT SCAN DETECTED
2026-05-29 22:25:33,348 | ⚠ HOST DOMINANCE DETECTED
2026-05-29 22:25:33,348 | ⚠ POSSIBLE PORT SCAN DETECTED
2026-05-29 22:25:38,355 | ⚠ HOST DOMINANCE DETECTED
2026-05-29 22:25:38,355 | ⚠ POSSIBLE PORT SCAN DETECTED
2026-05-29 22:25:43,361 | ⚠ HOST DOMINANCE DETECTED
2026-05-29 22:25:43,361 | ⚠ POSSIBLE PORT SCAN DETECTED
2026-05-29 22:25:48,366 | ⚠ HOST DOMINANCE DETECTED
2026-05-29 22:25:48,366 | ⚠ POSSIBLE PORT SCAN DETECTED
2026-05-29 22:25:53,372 | ⚠ HOST DOMINANCE DETECTED
2026-05-29 22:25:53,373 | ⚠ POSSIBLE PORT SCAN DETECTED
2026-05-29 22:25:56,761 | ⚠ HOST DOMINANCE DETECTED
2026-05-29 22:25:56,761 | ⚠ POSSIBLE PORT SCAN DETECTED
2026-05-29 22:25:58,380 | ⚠ HOST DOMINANCE DETECTED
2026-05-29 22:25:58,380 | ⚠ POSSIBLE PORT SCAN DETECTED
2026-05-29 22:26:03,388 | ⚠ HOST DOMINANCE DETECTED
2026-05-29 22:26:03,390 | ⚠ POSSIBLE PORT SCAN DETECTED
2026-05-29 22:26:08,401 | ⚠ HOST DOMINANCE DETECTED
2026-05-29 22:26:08,402 | ⚠ POSSIBLE PORT SCAN DETECTED
2026-05-29 22:26:13,409 | ⚠ HOST DOMINANCE DETECTED
2026-05-29 22:26:13,409 | ⚠ POSSIBLE PORT SCAN DETECTED
2026-05-29 22:26:18,416 | ⚠ HOST DOMINANCE DETECTED
2026-05-29 22:26:18,416 | ⚠ POSSIBLE PORT SCAN DETECTED
2026-05-29 22:26:23,422 | ⚠ HOST DOMINANCE DETECTED
2026-05-29 22:26:23,423 | ⚠ POSSIBLE PORT SCAN DETECTED
2026-05-29 22:26:43,062 | ⚠ HIGH ICMP TRAFFIC DETECTED
2026-05-29 22:26:43,063 | ⚠ HOST DOMINANCE DETECTED
2026-05-29 22:26:48,067 | ⚠ HIGH ICMP TRAFFIC DETECTED
2026-05-29 22:26:48,067 | ⚠ HOST DOMINANCE DETECTED
2026-05-29 22:26:48,067 | ⚠ RECONNAISSANCE ACTIVITY DETECTED
2026-05-29 22:26:53,071 | ⚠ HIGH ICMP TRAFFIC DETECTED
2026-05-29 22:26:53,071 | ⚠ HOST DOMINANCE DETECTED
2026-05-29 22:26:53,071 | ⚠ RECONNAISSANCE ACTIVITY DETECTED
2026-05-29 22:26:58,076 | ⚠ HIGH ICMP TRAFFIC DETECTED
2026-05-29 22:26:58,076 | ⚠ HOST DOMINANCE DETECTED
2026-05-29 22:26:58,077 | ⚠ RECONNAISSANCE ACTIVITY DETECTED
2026-05-29 22:27:03,082 | ⚠ HOST DOMINANCE DETECTED
2026-05-29 22:27:03,082 | ⚠ RECONNAISSANCE ACTIVITY DETECTED
2026-05-29 22:27:06,059 | ⚠ HOST DOMINANCE DETECTED
2026-05-29 22:27:06,059 | ⚠ RECONNAISSANCE ACTIVITY DETECTED
2026-05-29 22:27:08,088 | ⚠ HOST DOMINANCE DETECTED
2026-05-29 22:27:08,088 | ⚠ POSSIBLE PORT SCAN DETECTED
2026-05-29 22:27:08,088 | ⚠ RECONNAISSANCE ACTIVITY DETECTED
2026-05-29 22:27:13,090 | ⚠ HOST DOMINANCE DETECTED
2026-05-29 22:27:13,091 | ⚠ POSSIBLE PORT SCAN DETECTED
2026-05-29 22:27:13,091 | ⚠ RECONNAISSANCE ACTIVITY DETECTED
2026-05-29 22:27:18,097 | ⚠ HOST DOMINANCE DETECTED
2026-05-29 22:27:18,098 | ⚠ POSSIBLE PORT SCAN DETECTED
2026-05-29 22:27:18,098 | ⚠ RECONNAISSANCE ACTIVITY DETECTED
2026-05-29 22:27:23,101 | ⚠ HOST DOMINANCE DETECTED
2026-05-29 22:27:23,101 | ⚠ POSSIBLE PORT SCAN DETECTED
2026-05-29 22:27:23,101 | ⚠ RECONNAISSANCE ACTIVITY DETECTED
2026-05-29 22:27:28,107 | ⚠ HOST DOMINANCE DETECTED
2026-05-29 22:27:28,108 | ⚠ POSSIBLE PORT SCAN DETECTED
2026-05-29 22:27:28,108 | ⚠ RECONNAISSANCE ACTIVITY DETECTED
2026-05-29 22:27:33,117 | ⚠ HOST DOMINANCE DETECTED
2026-05-29 22:27:33,117 | ⚠ POSSIBLE PORT SCAN DETECTED
2026-05-29 22:27:33,117 | ⚠ RECONNAISSANCE ACTIVITY DETECTED
2026-05-29 22:27:36,190 | ⚠ HOST DOMINANCE DETECTED
2026-05-29 22:27:36,191 | ⚠ POSSIBLE PORT SCAN DETECTED
2026-05-29 22:27:36,191 | ⚠ RECONNAISSANCE ACTIVITY DETECTED
2026-05-29 22:42:09,209 | ⚠ HIGH ICMP TRAFFIC DETECTED
2026-05-29 22:42:09,211 | ⚠ HOST DOMINANCE DETECTED
2026-05-29 22:42:10,212 | ⚠ HIGH ICMP TRAFFIC DETECTED
2026-05-29 22:42:10,213 | ⚠ HOST DOMINANCE DETECTED
2026-05-29 22:42:11,214 | ⚠ HIGH ICMP TRAFFIC DETECTED
2026-05-29 22:42:11,215 | ⚠ HOST DOMINANCE DETECTED
2026-05-29 22:42:12,217 | ⚠ HIGH ICMP TRAFFIC DETECTED
2026-05-29 22:42:12,218 | ⚠ HOST DOMINANCE DETECTED
2026-05-29 22:42:13,219 | ⚠ HIGH ICMP TRAFFIC DETECTED
2026-05-29 22:42:13,220 | ⚠ HOST DOMINANCE DETECTED
2026-05-29 22:42:14,221 | ⚠ HIGH ICMP TRAFFIC DETECTED
2026-05-29 22:42:14,222 | ⚠ HOST DOMINANCE DETECTED
2026-05-29 22:42:15,217 | ⚠ HIGH ICMP TRAFFIC DETECTED
2026-05-29 22:42:15,218 | ⚠ HOST DOMINANCE DETECTED
2026-05-29 22:42:15,224 | ⚠ HIGH ICMP TRAFFIC DETECTED
2026-05-29 22:42:15,224 | ⚠ HOST DOMINANCE DETECTED
2026-05-29 22:42:16,226 | ⚠ HIGH ICMP TRAFFIC DETECTED
2026-05-29 22:42:16,226 | ⚠ HOST DOMINANCE DETECTED
2026-05-29 22:42:17,228 | ⚠ HIGH ICMP TRAFFIC DETECTED
2026-05-29 22:42:17,229 | ⚠ HOST DOMINANCE DETECTED
2026-05-29 22:42:17,229 | ⚠ RECONNAISSANCE ACTIVITY DETECTED
2026-05-29 22:42:18,230 | ⚠ HIGH ICMP TRAFFIC DETECTED
2026-05-29 22:42:18,231 | ⚠ HOST DOMINANCE DETECTED
2026-05-29 22:42:18,231 | ⚠ RECONNAISSANCE ACTIVITY DETECTED
2026-05-29 22:42:19,232 | ⚠ HOST DOMINANCE DETECTED
2026-05-29 22:42:20,224 | ⚠ HOST DOMINANCE DETECTED
2026-05-29 22:42:20,225 | ⚠ RECONNAISSANCE ACTIVITY DETECTED
2026-05-29 22:42:20,233 | ⚠ HOST DOMINANCE DETECTED
2026-05-29 22:42:20,233 | ⚠ RECONNAISSANCE ACTIVITY DETECTED
2026-05-29 22:42:21,235 | ⚠ HOST DOMINANCE DETECTED
2026-05-29 22:42:22,236 | ⚠ HOST DOMINANCE DETECTED
2026-05-29 22:42:23,238 | ⚠ HOST DOMINANCE DETECTED
2026-05-29 22:42:24,239 | ⚠ HOST DOMINANCE DETECTED
2026-05-29 22:42:25,230 | ⚠ HOST DOMINANCE DETECTED
2026-05-29 22:42:25,241 | ⚠ HOST DOMINANCE DETECTED
2026-05-29 22:42:26,243 | ⚠ HOST DOMINANCE DETECTED
2026-05-29 22:42:27,245 | ⚠ HOST DOMINANCE DETECTED
2026-05-29 22:42:28,246 | ⚠ HOST DOMINANCE DETECTED
2026-05-29 22:42:29,248 | ⚠ HOST DOMINANCE DETECTED
2026-05-29 22:42:30,234 | ⚠ HOST DOMINANCE DETECTED
2026-05-29 22:42:30,250 | ⚠ HOST DOMINANCE DETECTED
2026-05-29 22:42:31,252 | ⚠ HOST DOMINANCE DETECTED
2026-05-29 22:42:32,254 | ⚠ HOST DOMINANCE DETECTED
2026-05-29 22:42:33,257 | ⚠ HOST DOMINANCE DETECTED
2026-05-29 22:42:34,260 | ⚠ HOST DOMINANCE DETECTED
2026-05-29 22:42:35,240 | ⚠ HOST DOMINANCE DETECTED
2026-05-29 22:42:35,262 | ⚠ HOST DOMINANCE DETECTED
2026-05-29 22:42:36,264 | ⚠ HOST DOMINANCE DETECTED
2026-05-29 22:42:37,266 | ⚠ HOST DOMINANCE DETECTED
2026-05-29 22:42:38,214 | ⚠ HOST DOMINANCE DETECTED
2026-05-29 22:42:38,267 | ⚠ HOST DOMINANCE DETECTED
2026-05-29 22:42:39,269 | ⚠ HOST DOMINANCE DETECTED
2026-05-29 22:42:40,245 | ⚠ HOST DOMINANCE DETECTED
2026-05-29 22:42:40,271 | ⚠ HOST DOMINANCE DETECTED
2026-05-29 22:42:41,272 | ⚠ HOST DOMINANCE DETECTED
2026-05-29 22:42:42,275 | ⚠ HOST DOMINANCE DETECTED
2026-05-29 22:42:43,277 | ⚠ HOST DOMINANCE DETECTED
2026-05-29 22:42:44,279 | ⚠ HOST DOMINANCE DETECTED
2026-05-29 22:42:45,252 | ⚠ HOST DOMINANCE DETECTED
2026-05-29 22:42:45,281 | ⚠ HOST DOMINANCE DETECTED
2026-05-29 22:42:46,283 | ⚠ HOST DOMINANCE DETECTED
2026-05-29 22:42:47,285 | ⚠ HOST DOMINANCE DETECTED
2026-05-29 22:42:48,287 | ⚠ HOST DOMINANCE DETECTED
2026-05-29 22:42:49,289 | ⚠ HOST DOMINANCE DETECTED
2026-05-29 22:42:50,258 | ⚠ HOST DOMINANCE DETECTED
2026-05-29 22:42:50,292 | ⚠ HOST DOMINANCE DETECTED
2026-05-29 22:42:51,294 | ⚠ HOST DOMINANCE DETECTED
2026-05-29 22:42:52,295 | ⚠ HOST DOMINANCE DETECTED
2026-05-29 22:42:53,297 | ⚠ HOST DOMINANCE DETECTED
2026-05-29 22:42:54,298 | ⚠ HOST DOMINANCE DETECTED
2026-05-29 22:42:54,298 | ⚠ POSSIBLE PORT SCAN DETECTED
2026-05-29 22:42:55,264 | ⚠ HOST DOMINANCE DETECTED
2026-05-29 22:42:55,264 | ⚠ POSSIBLE PORT SCAN DETECTED
2026-05-29 22:42:55,300 | ⚠ HOST DOMINANCE DETECTED
2026-05-29 22:42:55,300 | ⚠ POSSIBLE PORT SCAN DETECTED
2026-05-29 22:42:56,301 | ⚠ HOST DOMINANCE DETECTED
2026-05-29 22:42:56,302 | ⚠ POSSIBLE PORT SCAN DETECTED
2026-05-29 22:42:57,303 | ⚠ HOST DOMINANCE DETECTED
2026-05-29 22:42:57,305 | ⚠ POSSIBLE PORT SCAN DETECTED
2026-05-29 22:42:58,307 | ⚠ HOST DOMINANCE DETECTED
2026-05-29 22:42:58,307 | ⚠ POSSIBLE PORT SCAN DETECTED
2026-05-29 22:42:59,308 | ⚠ HOST DOMINANCE DETECTED
2026-05-29 22:42:59,309 | ⚠ POSSIBLE PORT SCAN DETECTED
2026-05-29 22:43:00,267 | ⚠ HOST DOMINANCE DETECTED
2026-05-29 22:43:00,267 | ⚠ POSSIBLE PORT SCAN DETECTED
2026-05-29 22:43:00,311 | ⚠ HOST DOMINANCE DETECTED
2026-05-29 22:43:00,311 | ⚠ POSSIBLE PORT SCAN DETECTED
2026-05-29 22:43:01,314 | ⚠ HOST DOMINANCE DETECTED
2026-05-29 22:43:01,315 | ⚠ POSSIBLE PORT SCAN DETECTED
2026-05-29 22:43:02,317 | ⚠ HOST DOMINANCE DETECTED
2026-05-29 22:43:02,317 | ⚠ POSSIBLE PORT SCAN DETECTED
2026-05-29 22:43:03,319 | ⚠ HOST DOMINANCE DETECTED
2026-05-29 22:43:03,319 | ⚠ POSSIBLE PORT SCAN DETECTED
2026-05-29 22:43:04,321 | ⚠ HOST DOMINANCE DETECTED
2026-05-29 22:43:04,321 | ⚠ POSSIBLE PORT SCAN DETECTED
2026-05-29 22:43:05,274 | ⚠ HOST DOMINANCE DETECTED
2026-05-29 22:43:05,275 | ⚠ POSSIBLE PORT SCAN DETECTED
2026-05-29 22:43:05,324 | ⚠ HOST DOMINANCE DETECTED
2026-05-29 22:43:05,324 | ⚠ POSSIBLE PORT SCAN DETECTED
2026-05-29 22:43:06,328 | ⚠ HOST DOMINANCE DETECTED
2026-05-29 22:43:06,330 | ⚠ POSSIBLE PORT SCAN DETECTED
2026-05-29 22:43:07,332 | ⚠ HOST DOMINANCE DETECTED
2026-05-29 22:43:07,332 | ⚠ POSSIBLE PORT SCAN DETECTED
2026-05-29 22:43:08,334 | ⚠ HOST DOMINANCE DETECTED
2026-05-29 22:43:08,334 | ⚠ POSSIBLE PORT SCAN DETECTED
2026-05-29 22:43:08,378 | ⚠ HOST DOMINANCE DETECTED
2026-05-29 22:43:08,378 | ⚠ POSSIBLE PORT SCAN DETECTED
2026-05-29 22:43:09,336 | ⚠ HOST DOMINANCE DETECTED
2026-05-29 22:43:09,337 | ⚠ POSSIBLE PORT SCAN DETECTED
2026-05-29 22:43:10,281 | ⚠ HOST DOMINANCE DETECTED
2026-05-29 22:43:10,282 | ⚠ POSSIBLE PORT SCAN DETECTED
2026-05-29 22:43:10,339 | ⚠ HOST DOMINANCE DETECTED
2026-05-29 22:43:10,340 | ⚠ POSSIBLE PORT SCAN DETECTED
2026-05-29 22:43:11,341 | ⚠ HOST DOMINANCE DETECTED
2026-05-29 22:43:11,342 | ⚠ POSSIBLE PORT SCAN DETECTED
2026-05-29 22:43:12,344 | ⚠ HOST DOMINANCE DETECTED
2026-05-29 22:43:12,344 | ⚠ POSSIBLE PORT SCAN DETECTED
2026-05-29 22:43:13,345 | ⚠ HOST DOMINANCE DETECTED
2026-05-29 22:43:13,345 | ⚠ POSSIBLE PORT SCAN DETECTED
2026-05-29 22:43:14,347 | ⚠ HOST DOMINANCE DETECTED
2026-05-29 22:43:14,348 | ⚠ POSSIBLE PORT SCAN DETECTED
2026-05-29 22:43:15,285 | ⚠ HOST DOMINANCE DETECTED
2026-05-29 22:43:15,285 | ⚠ POSSIBLE PORT SCAN DETECTED
2026-05-29 22:43:15,350 | ⚠ HOST DOMINANCE DETECTED
2026-05-29 22:43:15,350 | ⚠ POSSIBLE PORT SCAN DETECTED
2026-05-29 22:43:16,353 | ⚠ HOST DOMINANCE DETECTED
2026-05-29 22:43:16,353 | ⚠ POSSIBLE PORT SCAN DETECTED
2026-05-29 22:43:17,355 | ⚠ HOST DOMINANCE DETECTED
2026-05-29 22:43:17,355 | ⚠ POSSIBLE PORT SCAN DETECTED
2026-05-29 22:43:18,356 | ⚠ HOST DOMINANCE DETECTED
2026-05-29 22:43:18,357 | ⚠ POSSIBLE PORT SCAN DETECTED
2026-05-29 22:43:19,358 | ⚠ HOST DOMINANCE DETECTED
2026-05-29 22:43:19,359 | ⚠ POSSIBLE PORT SCAN DETECTED
2026-05-29 22:43:20,292 | ⚠ HOST DOMINANCE DETECTED
2026-05-29 22:43:20,292 | ⚠ POSSIBLE PORT SCAN DETECTED
2026-05-29 22:43:20,360 | ⚠ HOST DOMINANCE DETECTED
2026-05-29 22:43:20,360 | ⚠ POSSIBLE PORT SCAN DETECTED
2026-05-29 22:43:21,362 | ⚠ HOST DOMINANCE DETECTED
2026-05-29 22:43:21,363 | ⚠ POSSIBLE PORT SCAN DETECTED
2026-05-29 22:43:22,365 | ⚠ HOST DOMINANCE DETECTED
2026-05-29 22:43:22,365 | ⚠ POSSIBLE PORT SCAN DETECTED
2026-05-29 22:43:23,367 | ⚠ HOST DOMINANCE DETECTED
2026-05-29 22:43:23,367 | ⚠ POSSIBLE PORT SCAN DETECTED
2026-05-29 22:43:24,369 | ⚠ HOST DOMINANCE DETECTED
2026-05-29 22:43:24,370 | ⚠ POSSIBLE PORT SCAN DETECTED
2026-05-29 22:43:25,299 | ⚠ HOST DOMINANCE DETECTED
2026-05-29 22:43:25,299 | ⚠ POSSIBLE PORT SCAN DETECTED
2026-05-29 22:43:25,372 | ⚠ HOST DOMINANCE DETECTED
2026-05-29 22:43:25,372 | ⚠ POSSIBLE PORT SCAN DETECTED
2026-05-29 22:43:26,374 | ⚠ HOST DOMINANCE DETECTED
2026-05-29 22:43:26,374 | ⚠ POSSIBLE PORT SCAN DETECTED
2026-05-29 22:43:27,376 | ⚠ HOST DOMINANCE DETECTED
2026-05-29 22:43:27,378 | ⚠ POSSIBLE PORT SCAN DETECTED
2026-05-29 22:43:28,380 | ⚠ HOST DOMINANCE DETECTED
2026-05-29 22:43:28,380 | ⚠ POSSIBLE PORT SCAN DETECTED
2026-05-29 22:43:29,381 | ⚠ HOST DOMINANCE DETECTED
2026-05-29 22:43:29,381 | ⚠ POSSIBLE PORT SCAN DETECTED
2026-05-29 22:43:30,306 | ⚠ HOST DOMINANCE DETECTED
2026-05-29 22:43:30,306 | ⚠ POSSIBLE PORT SCAN DETECTED
2026-05-29 22:43:30,383 | ⚠ HOST DOMINANCE DETECTED
2026-05-29 22:43:30,383 | ⚠ POSSIBLE PORT SCAN DETECTED
2026-05-29 22:43:31,384 | ⚠ HOST DOMINANCE DETECTED
2026-05-29 22:43:31,385 | ⚠ POSSIBLE PORT SCAN DETECTED
2026-05-29 22:43:32,386 | ⚠ HOST DOMINANCE DETECTED
2026-05-29 22:43:32,387 | ⚠ POSSIBLE PORT SCAN DETECTED
2026-05-29 22:43:33,388 | ⚠ HOST DOMINANCE DETECTED
2026-05-29 22:43:33,388 | ⚠ POSSIBLE PORT SCAN DETECTED
2026-05-29 22:43:34,389 | ⚠ HOST DOMINANCE DETECTED
2026-05-29 22:43:34,389 | ⚠ POSSIBLE PORT SCAN DETECTED
2026-05-29 22:43:35,314 | ⚠ HOST DOMINANCE DETECTED
2026-05-29 22:43:35,314 | ⚠ POSSIBLE PORT SCAN DETECTED
2026-05-29 22:43:35,391 | ⚠ HOST DOMINANCE DETECTED
2026-05-29 22:43:35,391 | ⚠ POSSIBLE PORT SCAN DETECTED
2026-05-29 22:43:36,393 | ⚠ HOST DOMINANCE DETECTED
2026-05-29 22:43:36,394 | ⚠ POSSIBLE PORT SCAN DETECTED
2026-05-29 22:43:37,396 | ⚠ HOST DOMINANCE DETECTED
2026-05-29 22:43:37,396 | ⚠ POSSIBLE PORT SCAN DETECTED
2026-05-29 22:43:38,397 | ⚠ HOST DOMINANCE DETECTED
2026-05-29 22:43:38,397 | ⚠ POSSIBLE PORT SCAN DETECTED
2026-05-29 22:43:38,550 | ⚠ HOST DOMINANCE DETECTED
2026-05-29 22:43:38,551 | ⚠ POSSIBLE PORT SCAN DETECTED
2026-05-29 22:43:39,399 | ⚠ HOST DOMINANCE DETECTED
2026-05-29 22:43:39,400 | ⚠ POSSIBLE PORT SCAN DETECTED
2026-05-29 22:43:40,322 | ⚠ HOST DOMINANCE DETECTED
2026-05-29 22:43:40,322 | ⚠ POSSIBLE PORT SCAN DETECTED
2026-05-29 22:43:40,402 | ⚠ HOST DOMINANCE DETECTED
2026-05-29 22:43:40,403 | ⚠ POSSIBLE PORT SCAN DETECTED
2026-05-29 22:43:41,405 | ⚠ HOST DOMINANCE DETECTED
2026-05-29 22:43:41,406 | ⚠ POSSIBLE PORT SCAN DETECTED
2026-05-29 22:43:42,407 | ⚠ HOST DOMINANCE DETECTED
2026-05-29 22:43:42,407 | ⚠ POSSIBLE PORT SCAN DETECTED
2026-05-29 22:43:43,409 | ⚠ HOST DOMINANCE DETECTED
2026-05-29 22:43:43,409 | ⚠ POSSIBLE PORT SCAN DETECTED
2026-05-29 22:43:44,411 | ⚠ HOST DOMINANCE DETECTED
2026-05-29 22:43:44,411 | ⚠ POSSIBLE PORT SCAN DETECTED
2026-05-29 22:43:45,325 | ⚠ HOST DOMINANCE DETECTED
2026-05-29 22:43:45,326 | ⚠ POSSIBLE PORT SCAN DETECTED
2026-05-29 22:43:45,413 | ⚠ HOST DOMINANCE DETECTED
2026-05-29 22:43:45,414 | ⚠ POSSIBLE PORT SCAN DETECTED
2026-05-29 22:43:46,416 | ⚠ HOST DOMINANCE DETECTED
2026-05-29 22:43:46,416 | ⚠ POSSIBLE PORT SCAN DETECTED
2026-05-29 22:43:47,419 | ⚠ HOST DOMINANCE DETECTED
2026-05-29 22:43:47,420 | ⚠ POSSIBLE PORT SCAN DETECTED
2026-05-29 22:43:48,422 | ⚠ HOST DOMINANCE DETECTED
2026-05-29 22:43:48,422 | ⚠ POSSIBLE PORT SCAN DETECTED
2026-05-29 22:43:49,424 | ⚠ HOST DOMINANCE DETECTED
2026-05-29 22:43:49,424 | ⚠ POSSIBLE PORT SCAN DETECTED
2026-05-29 22:43:50,332 | ⚠ HOST DOMINANCE DETECTED
2026-05-29 22:43:50,333 | ⚠ POSSIBLE PORT SCAN DETECTED
2026-05-29 22:43:50,426 | ⚠ HOST DOMINANCE DETECTED
2026-05-29 22:43:50,427 | ⚠ POSSIBLE PORT SCAN DETECTED
2026-05-29 22:43:51,430 | ⚠ HOST DOMINANCE DETECTED
2026-05-29 22:43:51,430 | ⚠ POSSIBLE PORT SCAN DETECTED
2026-05-29 22:43:52,432 | ⚠ HOST DOMINANCE DETECTED
2026-05-29 22:43:52,433 | ⚠ POSSIBLE PORT SCAN DETECTED
2026-05-29 22:43:53,434 | ⚠ HOST DOMINANCE DETECTED
2026-05-29 22:43:53,434 | ⚠ POSSIBLE PORT SCAN DETECTED
2026-05-29 22:43:54,436 | ⚠ HOST DOMINANCE DETECTED
2026-05-29 22:43:54,437 | ⚠ POSSIBLE PORT SCAN DETECTED
2026-05-29 22:43:55,337 | ⚠ HOST DOMINANCE DETECTED
2026-05-29 22:43:55,338 | ⚠ POSSIBLE PORT SCAN DETECTED
2026-05-29 22:43:55,439 | ⚠ HOST DOMINANCE DETECTED
2026-05-29 22:43:55,440 | ⚠ POSSIBLE PORT SCAN DETECTED
2026-05-29 22:43:56,442 | ⚠ HOST DOMINANCE DETECTED
2026-05-29 22:43:56,442 | ⚠ POSSIBLE PORT SCAN DETECTED
2026-05-29 22:43:56,442 | ⚠ RECONNAISSANCE ACTIVITY DETECTED
2026-05-29 22:43:57,445 | ⚠ HOST DOMINANCE DETECTED
2026-05-29 22:43:57,445 | ⚠ POSSIBLE PORT SCAN DETECTED
2026-05-29 22:43:58,446 | ⚠ HOST DOMINANCE DETECTED
2026-05-29 22:43:58,446 | ⚠ POSSIBLE PORT SCAN DETECTED
2026-05-29 22:43:58,446 | ⚠ RECONNAISSANCE ACTIVITY DETECTED
2026-05-29 22:43:58,760 | ⚠ HIGH ICMP TRAFFIC DETECTED
2026-05-29 22:43:58,760 | ⚠ HOST DOMINANCE DETECTED
2026-05-29 22:43:58,760 | ⚠ RECONNAISSANCE ACTIVITY DETECTED
2026-05-29 22:43:59,448 | ⚠ HOST DOMINANCE DETECTED
2026-05-29 22:43:59,449 | ⚠ POSSIBLE PORT SCAN DETECTED
2026-05-29 22:43:59,449 | ⚠ RECONNAISSANCE ACTIVITY DETECTED
2026-05-29 22:43:59,761 | ⚠ HIGH ICMP TRAFFIC DETECTED
2026-05-29 22:43:59,762 | ⚠ HOST DOMINANCE DETECTED
2026-05-29 22:43:59,762 | ⚠ RECONNAISSANCE ACTIVITY DETECTED
2026-05-29 22:44:00,346 | ⚠ HOST DOMINANCE DETECTED
2026-05-29 22:44:00,347 | ⚠ POSSIBLE PORT SCAN DETECTED
2026-05-29 22:44:00,347 | ⚠ RECONNAISSANCE ACTIVITY DETECTED
2026-05-29 22:44:00,451 | ⚠ HOST DOMINANCE DETECTED
2026-05-29 22:44:00,451 | ⚠ POSSIBLE PORT SCAN DETECTED
2026-05-29 22:44:00,451 | ⚠ RECONNAISSANCE ACTIVITY DETECTED
2026-05-29 22:44:00,763 | ⚠ HIGH ICMP TRAFFIC DETECTED
2026-05-29 22:44:00,763 | ⚠ HOST DOMINANCE DETECTED
2026-05-29 22:44:00,763 | ⚠ RECONNAISSANCE ACTIVITY DETECTED
2026-05-29 22:44:01,454 | ⚠ HOST DOMINANCE DETECTED
2026-05-29 22:44:01,455 | ⚠ POSSIBLE PORT SCAN DETECTED
2026-05-29 22:44:01,455 | ⚠ RECONNAISSANCE ACTIVITY DETECTED
2026-05-29 22:44:01,770 | ⚠ HIGH ICMP TRAFFIC DETECTED
2026-05-29 22:44:01,770 | ⚠ HOST DOMINANCE DETECTED
2026-05-29 22:44:01,770 | ⚠ RECONNAISSANCE ACTIVITY DETECTED
2026-05-29 22:44:02,457 | ⚠ HOST DOMINANCE DETECTED
2026-05-29 22:44:02,459 | ⚠ POSSIBLE PORT SCAN DETECTED
2026-05-29 22:44:02,459 | ⚠ RECONNAISSANCE ACTIVITY DETECTED
2026-05-29 22:44:02,772 | ⚠ HIGH ICMP TRAFFIC DETECTED
2026-05-29 22:44:02,772 | ⚠ HOST DOMINANCE DETECTED
2026-05-29 22:44:02,772 | ⚠ RECONNAISSANCE ACTIVITY DETECTED
2026-05-29 22:44:03,461 | ⚠ HOST DOMINANCE DETECTED
2026-05-29 22:44:03,461 | ⚠ POSSIBLE PORT SCAN DETECTED
2026-05-29 22:44:03,461 | ⚠ RECONNAISSANCE ACTIVITY DETECTED
2026-05-29 22:44:03,774 | ⚠ HIGH ICMP TRAFFIC DETECTED
2026-05-29 22:44:03,774 | ⚠ HOST DOMINANCE DETECTED
2026-05-29 22:44:03,775 | ⚠ RECONNAISSANCE ACTIVITY DETECTED
2026-05-29 22:44:04,463 | ⚠ HOST DOMINANCE DETECTED
2026-05-29 22:44:04,464 | ⚠ POSSIBLE PORT SCAN DETECTED
2026-05-29 22:44:04,464 | ⚠ RECONNAISSANCE ACTIVITY DETECTED
2026-05-29 22:44:04,767 | ⚠ HIGH ICMP TRAFFIC DETECTED
2026-05-29 22:44:04,767 | ⚠ HOST DOMINANCE DETECTED
2026-05-29 22:44:04,767 | ⚠ RECONNAISSANCE ACTIVITY DETECTED
2026-05-29 22:44:04,776 | ⚠ HIGH ICMP TRAFFIC DETECTED
2026-05-29 22:44:04,776 | ⚠ HOST DOMINANCE DETECTED
2026-05-29 22:44:04,776 | ⚠ RECONNAISSANCE ACTIVITY DETECTED
2026-05-29 22:44:05,354 | ⚠ HOST DOMINANCE DETECTED
2026-05-29 22:44:05,354 | ⚠ POSSIBLE PORT SCAN DETECTED
2026-05-29 22:44:05,355 | ⚠ RECONNAISSANCE ACTIVITY DETECTED
2026-05-29 22:44:05,467 | ⚠ HOST DOMINANCE DETECTED
2026-05-29 22:44:05,467 | ⚠ POSSIBLE PORT SCAN DETECTED
2026-05-29 22:44:05,467 | ⚠ RECONNAISSANCE ACTIVITY DETECTED
2026-05-29 22:44:05,778 | ⚠ HIGH ICMP TRAFFIC DETECTED
2026-05-29 22:44:05,779 | ⚠ HOST DOMINANCE DETECTED
2026-05-29 22:44:05,779 | ⚠ RECONNAISSANCE ACTIVITY DETECTED
2026-05-29 22:44:06,469 | ⚠ HOST DOMINANCE DETECTED
2026-05-29 22:44:06,469 | ⚠ POSSIBLE PORT SCAN DETECTED
2026-05-29 22:44:06,469 | ⚠ RECONNAISSANCE ACTIVITY DETECTED
2026-05-29 22:44:06,781 | ⚠ HIGH ICMP TRAFFIC DETECTED
2026-05-29 22:44:06,782 | ⚠ HOST DOMINANCE DETECTED
2026-05-29 22:44:06,782 | ⚠ RECONNAISSANCE ACTIVITY DETECTED
2026-05-29 22:44:07,471 | ⚠ HOST DOMINANCE DETECTED
2026-05-29 22:44:07,471 | ⚠ POSSIBLE PORT SCAN DETECTED
2026-05-29 22:44:07,472 | ⚠ RECONNAISSANCE ACTIVITY DETECTED
2026-05-29 22:44:07,783 | ⚠ HIGH ICMP TRAFFIC DETECTED
2026-05-29 22:44:07,784 | ⚠ HOST DOMINANCE DETECTED
2026-05-29 22:44:07,784 | ⚠ RECONNAISSANCE ACTIVITY DETECTED
2026-05-29 22:44:08,473 | ⚠ HOST DOMINANCE DETECTED
2026-05-29 22:44:08,473 | ⚠ POSSIBLE PORT SCAN DETECTED
2026-05-29 22:44:08,473 | ⚠ RECONNAISSANCE ACTIVITY DETECTED
2026-05-29 22:44:08,780 | ⚠ HOST DOMINANCE DETECTED
2026-05-29 22:44:08,780 | ⚠ POSSIBLE PORT SCAN DETECTED
2026-05-29 22:44:08,781 | ⚠ RECONNAISSANCE ACTIVITY DETECTED
2026-05-29 22:44:08,786 | ⚠ HIGH ICMP TRAFFIC DETECTED
2026-05-29 22:44:08,786 | ⚠ HOST DOMINANCE DETECTED
2026-05-29 22:44:08,787 | ⚠ RECONNAISSANCE ACTIVITY DETECTED
2026-05-29 22:44:09,475 | ⚠ HOST DOMINANCE DETECTED
2026-05-29 22:44:09,476 | ⚠ POSSIBLE PORT SCAN DETECTED
2026-05-29 22:44:09,476 | ⚠ RECONNAISSANCE ACTIVITY DETECTED
2026-05-29 22:44:09,824 | ⚠ HIGH ICMP TRAFFIC DETECTED
2026-05-29 22:44:09,824 | ⚠ HOST DOMINANCE DETECTED
2026-05-29 22:44:09,824 | ⚠ RECONNAISSANCE ACTIVITY DETECTED
2026-05-29 22:44:09,824 | ⚠ HIGH ICMP TRAFFIC DETECTED
2026-05-29 22:44:09,825 | ⚠ HOST DOMINANCE DETECTED
2026-05-29 22:44:09,825 | ⚠ RECONNAISSANCE ACTIVITY DETECTED
2026-05-29 22:44:10,356 | ⚠ HOST DOMINANCE DETECTED
2026-05-29 22:44:10,357 | ⚠ POSSIBLE PORT SCAN DETECTED
2026-05-29 22:44:10,357 | ⚠ RECONNAISSANCE ACTIVITY DETECTED
2026-05-29 22:44:10,478 | ⚠ HOST DOMINANCE DETECTED
2026-05-29 22:44:10,478 | ⚠ POSSIBLE PORT SCAN DETECTED
2026-05-29 22:44:10,478 | ⚠ RECONNAISSANCE ACTIVITY DETECTED
2026-05-29 22:44:10,827 | ⚠ HOST DOMINANCE DETECTED
2026-05-29 22:44:10,828 | ⚠ RECONNAISSANCE ACTIVITY DETECTED
2026-05-29 22:44:11,480 | ⚠ HOST DOMINANCE DETECTED
2026-05-29 22:44:11,481 | ⚠ POSSIBLE PORT SCAN DETECTED
2026-05-29 22:44:11,481 | ⚠ RECONNAISSANCE ACTIVITY DETECTED
2026-05-29 22:44:11,830 | ⚠ HOST DOMINANCE DETECTED
2026-05-29 22:44:11,830 | ⚠ RECONNAISSANCE ACTIVITY DETECTED
2026-05-29 22:44:12,483 | ⚠ HOST DOMINANCE DETECTED
2026-05-29 22:44:12,483 | ⚠ POSSIBLE PORT SCAN DETECTED
2026-05-29 22:44:12,483 | ⚠ RECONNAISSANCE ACTIVITY DETECTED
2026-05-29 22:44:12,833 | ⚠ HOST DOMINANCE DETECTED
2026-05-29 22:44:12,833 | ⚠ RECONNAISSANCE ACTIVITY DETECTED
2026-05-29 22:44:13,485 | ⚠ HOST DOMINANCE DETECTED
2026-05-29 22:44:13,486 | ⚠ POSSIBLE PORT SCAN DETECTED
2026-05-29 22:44:13,486 | ⚠ RECONNAISSANCE ACTIVITY DETECTED
2026-05-29 22:44:13,836 | ⚠ HOST DOMINANCE DETECTED
2026-05-29 22:44:13,836 | ⚠ RECONNAISSANCE ACTIVITY DETECTED
2026-05-29 22:44:14,488 | ⚠ HOST DOMINANCE DETECTED
2026-05-29 22:44:14,489 | ⚠ POSSIBLE PORT SCAN DETECTED
2026-05-29 22:44:14,489 | ⚠ RECONNAISSANCE ACTIVITY DETECTED
2026-05-29 22:44:14,830 | ⚠ HOST DOMINANCE DETECTED
2026-05-29 22:44:14,830 | ⚠ RECONNAISSANCE ACTIVITY DETECTED
2026-05-29 22:44:14,838 | ⚠ HOST DOMINANCE DETECTED
2026-05-29 22:44:14,838 | ⚠ RECONNAISSANCE ACTIVITY DETECTED
2026-05-29 22:44:15,362 | ⚠ HOST DOMINANCE DETECTED
2026-05-29 22:44:15,362 | ⚠ POSSIBLE PORT SCAN DETECTED
2026-05-29 22:44:15,362 | ⚠ RECONNAISSANCE ACTIVITY DETECTED
2026-05-29 22:44:15,492 | ⚠ HOST DOMINANCE DETECTED
2026-05-29 22:44:15,492 | ⚠ POSSIBLE PORT SCAN DETECTED
2026-05-29 22:44:15,492 | ⚠ RECONNAISSANCE ACTIVITY DETECTED
2026-05-29 22:44:15,839 | ⚠ HOST DOMINANCE DETECTED
2026-05-29 22:44:15,840 | ⚠ RECONNAISSANCE ACTIVITY DETECTED
2026-05-29 22:44:16,495 | ⚠ HOST DOMINANCE DETECTED
2026-05-29 22:44:16,495 | ⚠ POSSIBLE PORT SCAN DETECTED
2026-05-29 22:44:16,495 | ⚠ RECONNAISSANCE ACTIVITY DETECTED
2026-05-29 22:44:16,842 | ⚠ HOST DOMINANCE DETECTED
2026-05-29 22:44:16,842 | ⚠ RECONNAISSANCE ACTIVITY DETECTED
2026-05-29 22:44:17,497 | ⚠ HOST DOMINANCE DETECTED
2026-05-29 22:44:17,498 | ⚠ POSSIBLE PORT SCAN DETECTED
2026-05-29 22:44:17,498 | ⚠ RECONNAISSANCE ACTIVITY DETECTED
2026-05-29 22:44:17,844 | ⚠ HOST DOMINANCE DETECTED
2026-05-29 22:44:17,845 | ⚠ RECONNAISSANCE ACTIVITY DETECTED
2026-05-29 22:44:18,500 | ⚠ HOST DOMINANCE DETECTED
2026-05-29 22:44:18,501 | ⚠ POSSIBLE PORT SCAN DETECTED
2026-05-29 22:44:18,501 | ⚠ RECONNAISSANCE ACTIVITY DETECTED
2026-05-29 22:44:18,846 | ⚠ HOST DOMINANCE DETECTED
2026-05-29 22:44:18,846 | ⚠ RECONNAISSANCE ACTIVITY DETECTED
2026-05-29 22:44:19,502 | ⚠ HOST DOMINANCE DETECTED
2026-05-29 22:44:19,503 | ⚠ POSSIBLE PORT SCAN DETECTED
2026-05-29 22:44:19,503 | ⚠ RECONNAISSANCE ACTIVITY DETECTED
2026-05-29 22:44:19,834 | ⚠ HOST DOMINANCE DETECTED
2026-05-29 22:44:19,834 | ⚠ RECONNAISSANCE ACTIVITY DETECTED
2026-05-29 22:44:19,848 | ⚠ HOST DOMINANCE DETECTED
2026-05-29 22:44:19,848 | ⚠ RECONNAISSANCE ACTIVITY DETECTED
2026-05-29 22:44:20,372 | ⚠ HOST DOMINANCE DETECTED
2026-05-29 22:44:20,372 | ⚠ POSSIBLE PORT SCAN DETECTED
2026-05-29 22:44:20,372 | ⚠ RECONNAISSANCE ACTIVITY DETECTED
2026-05-29 22:44:20,504 | ⚠ HOST DOMINANCE DETECTED
2026-05-29 22:44:20,505 | ⚠ POSSIBLE PORT SCAN DETECTED
2026-05-29 22:44:20,505 | ⚠ RECONNAISSANCE ACTIVITY DETECTED
2026-05-29 22:44:20,851 | ⚠ HOST DOMINANCE DETECTED
2026-05-29 22:44:20,852 | ⚠ RECONNAISSANCE ACTIVITY DETECTED
2026-05-29 22:44:21,506 | ⚠ HOST DOMINANCE DETECTED
2026-05-29 22:44:21,507 | ⚠ POSSIBLE PORT SCAN DETECTED
2026-05-29 22:44:21,854 | ⚠ HOST DOMINANCE DETECTED
2026-05-29 22:44:21,855 | ⚠ RECONNAISSANCE ACTIVITY DETECTED
2026-05-29 22:44:22,509 | ⚠ HOST DOMINANCE DETECTED
2026-05-29 22:44:22,509 | ⚠ POSSIBLE PORT SCAN DETECTED
2026-05-29 22:44:22,509 | ⚠ RECONNAISSANCE ACTIVITY DETECTED
2026-05-29 22:44:22,857 | ⚠ HOST DOMINANCE DETECTED
2026-05-29 22:44:22,858 | ⚠ RECONNAISSANCE ACTIVITY DETECTED
2026-05-29 22:44:23,511 | ⚠ HOST DOMINANCE DETECTED
2026-05-29 22:44:23,512 | ⚠ POSSIBLE PORT SCAN DETECTED
2026-05-29 22:44:23,512 | ⚠ RECONNAISSANCE ACTIVITY DETECTED
2026-05-29 22:44:23,859 | ⚠ HOST DOMINANCE DETECTED
2026-05-29 22:44:23,859 | ⚠ RECONNAISSANCE ACTIVITY DETECTED
2026-05-29 22:44:24,514 | ⚠ HOST DOMINANCE DETECTED
2026-05-29 22:44:24,514 | ⚠ POSSIBLE PORT SCAN DETECTED
2026-05-29 22:44:24,514 | ⚠ RECONNAISSANCE ACTIVITY DETECTED
2026-05-29 22:44:24,840 | ⚠ HOST DOMINANCE DETECTED
2026-05-29 22:44:24,841 | ⚠ RECONNAISSANCE ACTIVITY DETECTED
2026-05-29 22:44:24,860 | ⚠ HOST DOMINANCE DETECTED
2026-05-29 22:44:24,860 | ⚠ RECONNAISSANCE ACTIVITY DETECTED
2026-05-29 22:44:25,380 | ⚠ HOST DOMINANCE DETECTED
2026-05-29 22:44:25,381 | ⚠ POSSIBLE PORT SCAN DETECTED
2026-05-29 22:44:25,381 | ⚠ RECONNAISSANCE ACTIVITY DETECTED
2026-05-29 22:44:25,517 | ⚠ HOST DOMINANCE DETECTED
2026-05-29 22:44:25,517 | ⚠ POSSIBLE PORT SCAN DETECTED
2026-05-29 22:44:25,517 | ⚠ RECONNAISSANCE ACTIVITY DETECTED
2026-05-29 22:44:25,861 | ⚠ HOST DOMINANCE DETECTED
2026-05-29 22:44:25,862 | ⚠ RECONNAISSANCE ACTIVITY DETECTED
2026-05-29 22:44:26,520 | ⚠ HOST DOMINANCE DETECTED
2026-05-29 22:44:26,521 | ⚠ POSSIBLE PORT SCAN DETECTED
2026-05-29 22:44:26,864 | ⚠ HOST DOMINANCE DETECTED
2026-05-29 22:44:26,865 | ⚠ RECONNAISSANCE ACTIVITY DETECTED
2026-05-29 22:44:27,523 | ⚠ HOST DOMINANCE DETECTED
2026-05-29 22:44:27,524 | ⚠ POSSIBLE PORT SCAN DETECTED
2026-05-29 22:44:27,524 | ⚠ RECONNAISSANCE ACTIVITY DETECTED
2026-05-29 22:44:27,762 | ⚠ HOST DOMINANCE DETECTED
2026-05-29 22:44:27,762 | ⚠ RECONNAISSANCE ACTIVITY DETECTED
2026-05-29 22:44:27,867 | ⚠ HOST DOMINANCE DETECTED
2026-05-29 22:44:27,867 | ⚠ RECONNAISSANCE ACTIVITY DETECTED
2026-05-29 22:44:28,527 | ⚠ HOST DOMINANCE DETECTED
2026-05-29 22:44:28,527 | ⚠ POSSIBLE PORT SCAN DETECTED
2026-05-29 22:44:28,527 | ⚠ RECONNAISSANCE ACTIVITY DETECTED
2026-05-29 22:44:28,868 | ⚠ HOST DOMINANCE DETECTED
2026-05-29 22:44:28,868 | ⚠ RECONNAISSANCE ACTIVITY DETECTED
2026-05-29 22:44:29,531 | ⚠ HOST DOMINANCE DETECTED
2026-05-29 22:44:29,531 | ⚠ POSSIBLE PORT SCAN DETECTED
2026-05-29 22:44:29,531 | ⚠ RECONNAISSANCE ACTIVITY DETECTED
2026-05-29 22:44:29,847 | ⚠ HOST DOMINANCE DETECTED
2026-05-29 22:44:29,847 | ⚠ RECONNAISSANCE ACTIVITY DETECTED
2026-05-29 22:44:29,869 | ⚠ HOST DOMINANCE DETECTED
2026-05-29 22:44:29,870 | ⚠ RECONNAISSANCE ACTIVITY DETECTED
2026-05-29 22:44:30,389 | ⚠ HOST DOMINANCE DETECTED
2026-05-29 22:44:30,389 | ⚠ POSSIBLE PORT SCAN DETECTED
2026-05-29 22:44:30,390 | ⚠ RECONNAISSANCE ACTIVITY DETECTED
2026-05-29 22:44:30,534 | ⚠ HOST DOMINANCE DETECTED
2026-05-29 22:44:30,534 | ⚠ POSSIBLE PORT SCAN DETECTED
2026-05-29 22:44:30,534 | ⚠ RECONNAISSANCE ACTIVITY DETECTED
2026-05-29 22:44:30,871 | ⚠ HOST DOMINANCE DETECTED
2026-05-29 22:44:30,872 | ⚠ RECONNAISSANCE ACTIVITY DETECTED
2026-05-29 22:44:31,537 | ⚠ HOST DOMINANCE DETECTED
2026-05-29 22:44:31,537 | ⚠ POSSIBLE PORT SCAN DETECTED
2026-05-29 22:44:31,537 | ⚠ RECONNAISSANCE ACTIVITY DETECTED
2026-05-29 22:44:31,874 | ⚠ HOST DOMINANCE DETECTED
2026-05-29 22:44:31,875 | ⚠ RECONNAISSANCE ACTIVITY DETECTED
2026-05-29 22:44:32,541 | ⚠ HOST DOMINANCE DETECTED
2026-05-29 22:44:32,541 | ⚠ POSSIBLE PORT SCAN DETECTED
2026-05-29 22:44:32,541 | ⚠ RECONNAISSANCE ACTIVITY DETECTED
2026-05-29 22:44:32,877 | ⚠ HOST DOMINANCE DETECTED
2026-05-29 22:44:32,877 | ⚠ RECONNAISSANCE ACTIVITY DETECTED
2026-05-29 22:44:33,544 | ⚠ HOST DOMINANCE DETECTED
2026-05-29 22:44:33,544 | ⚠ POSSIBLE PORT SCAN DETECTED
2026-05-29 22:44:33,544 | ⚠ RECONNAISSANCE ACTIVITY DETECTED
2026-05-29 22:44:33,879 | ⚠ HOST DOMINANCE DETECTED
2026-05-29 22:44:33,879 | ⚠ POSSIBLE PORT SCAN DETECTED
2026-05-29 22:44:33,879 | ⚠ RECONNAISSANCE ACTIVITY DETECTED
2026-05-29 22:44:34,547 | ⚠ HOST DOMINANCE DETECTED
2026-05-29 22:44:34,547 | ⚠ POSSIBLE PORT SCAN DETECTED
2026-05-29 22:44:34,547 | ⚠ RECONNAISSANCE ACTIVITY DETECTED
2026-05-29 22:44:34,853 | ⚠ HOST DOMINANCE DETECTED
2026-05-29 22:44:34,853 | ⚠ POSSIBLE PORT SCAN DETECTED
2026-05-29 22:44:34,853 | ⚠ RECONNAISSANCE ACTIVITY DETECTED
2026-05-29 22:44:34,882 | ⚠ HOST DOMINANCE DETECTED
2026-05-29 22:44:34,882 | ⚠ POSSIBLE PORT SCAN DETECTED
2026-05-29 22:44:34,882 | ⚠ RECONNAISSANCE ACTIVITY DETECTED
2026-05-29 22:44:35,398 | ⚠ HOST DOMINANCE DETECTED
2026-05-29 22:44:35,398 | ⚠ POSSIBLE PORT SCAN DETECTED
2026-05-29 22:44:35,398 | ⚠ RECONNAISSANCE ACTIVITY DETECTED
2026-05-29 22:44:35,550 | ⚠ HOST DOMINANCE DETECTED
2026-05-29 22:44:35,551 | ⚠ POSSIBLE PORT SCAN DETECTED
2026-05-29 22:44:35,551 | ⚠ RECONNAISSANCE ACTIVITY DETECTED
2026-05-29 22:44:35,883 | ⚠ HOST DOMINANCE DETECTED
2026-05-29 22:44:35,884 | ⚠ POSSIBLE PORT SCAN DETECTED
2026-05-29 22:44:35,884 | ⚠ RECONNAISSANCE ACTIVITY DETECTED
2026-05-29 22:44:36,554 | ⚠ HOST DOMINANCE DETECTED
2026-05-29 22:44:36,555 | ⚠ POSSIBLE PORT SCAN DETECTED
2026-05-29 22:44:36,555 | ⚠ RECONNAISSANCE ACTIVITY DETECTED
2026-05-29 22:44:36,887 | ⚠ HOST DOMINANCE DETECTED
2026-05-29 22:44:36,887 | ⚠ POSSIBLE PORT SCAN DETECTED
2026-05-29 22:44:36,887 | ⚠ RECONNAISSANCE ACTIVITY DETECTED
2026-05-29 22:44:37,558 | ⚠ HOST DOMINANCE DETECTED
2026-05-29 22:44:37,558 | ⚠ POSSIBLE PORT SCAN DETECTED
2026-05-29 22:44:37,558 | ⚠ RECONNAISSANCE ACTIVITY DETECTED
2026-05-29 22:44:37,890 | ⚠ HOST DOMINANCE DETECTED
2026-05-29 22:44:37,890 | ⚠ POSSIBLE PORT SCAN DETECTED
2026-05-29 22:44:37,890 | ⚠ RECONNAISSANCE ACTIVITY DETECTED
2026-05-29 22:44:38,560 | ⚠ HOST DOMINANCE DETECTED
2026-05-29 22:44:38,561 | ⚠ POSSIBLE PORT SCAN DETECTED
2026-05-29 22:44:38,561 | ⚠ RECONNAISSANCE ACTIVITY DETECTED
2026-05-29 22:44:38,893 | ⚠ HOST DOMINANCE DETECTED
2026-05-29 22:44:38,894 | ⚠ POSSIBLE PORT SCAN DETECTED
2026-05-29 22:44:38,894 | ⚠ RECONNAISSANCE ACTIVITY DETECTED
2026-05-29 22:44:39,065 | ⚠ HOST DOMINANCE DETECTED
2026-05-29 22:44:39,066 | ⚠ POSSIBLE PORT SCAN DETECTED
2026-05-29 22:44:39,066 | ⚠ RECONNAISSANCE ACTIVITY DETECTED
2026-05-29 22:44:39,563 | ⚠ HOST DOMINANCE DETECTED
2026-05-29 22:44:39,563 | ⚠ POSSIBLE PORT SCAN DETECTED
2026-05-29 22:44:39,563 | ⚠ RECONNAISSANCE ACTIVITY DETECTED
2026-05-29 22:44:39,859 | ⚠ HOST DOMINANCE DETECTED
2026-05-29 22:44:39,859 | ⚠ POSSIBLE PORT SCAN DETECTED
2026-05-29 22:44:39,859 | ⚠ RECONNAISSANCE ACTIVITY DETECTED
2026-05-29 22:44:39,896 | ⚠ HOST DOMINANCE DETECTED
2026-05-29 22:44:39,896 | ⚠ POSSIBLE PORT SCAN DETECTED
2026-05-29 22:44:39,896 | ⚠ RECONNAISSANCE ACTIVITY DETECTED
2026-05-29 22:44:40,406 | ⚠ HOST DOMINANCE DETECTED
2026-05-29 22:44:40,407 | ⚠ POSSIBLE PORT SCAN DETECTED
2026-05-29 22:44:40,407 | ⚠ RECONNAISSANCE ACTIVITY DETECTED
2026-05-29 22:44:40,564 | ⚠ HOST DOMINANCE DETECTED
2026-05-29 22:44:40,565 | ⚠ POSSIBLE PORT SCAN DETECTED
2026-05-29 22:44:40,565 | ⚠ RECONNAISSANCE ACTIVITY DETECTED
2026-05-29 22:44:40,898 | ⚠ HOST DOMINANCE DETECTED
2026-05-29 22:44:40,899 | ⚠ POSSIBLE PORT SCAN DETECTED
2026-05-29 22:44:40,899 | ⚠ RECONNAISSANCE ACTIVITY DETECTED
2026-05-29 22:44:41,567 | ⚠ HOST DOMINANCE DETECTED
2026-05-29 22:44:41,567 | ⚠ POSSIBLE PORT SCAN DETECTED
2026-05-29 22:44:41,567 | ⚠ RECONNAISSANCE ACTIVITY DETECTED
2026-05-29 22:44:41,900 | ⚠ HOST DOMINANCE DETECTED
2026-05-29 22:44:41,901 | ⚠ POSSIBLE PORT SCAN DETECTED
2026-05-29 22:44:41,901 | ⚠ RECONNAISSANCE ACTIVITY DETECTED
2026-05-29 22:44:42,568 | ⚠ HOST DOMINANCE DETECTED
2026-05-29 22:44:42,569 | ⚠ POSSIBLE PORT SCAN DETECTED
2026-05-29 22:44:42,569 | ⚠ RECONNAISSANCE ACTIVITY DETECTED
2026-05-29 22:44:42,903 | ⚠ HOST DOMINANCE DETECTED
2026-05-29 22:44:42,904 | ⚠ POSSIBLE PORT SCAN DETECTED
2026-05-29 22:44:42,904 | ⚠ RECONNAISSANCE ACTIVITY DETECTED
2026-05-29 22:44:43,571 | ⚠ HOST DOMINANCE DETECTED
2026-05-29 22:44:43,572 | ⚠ POSSIBLE PORT SCAN DETECTED
2026-05-29 22:44:43,572 | ⚠ RECONNAISSANCE ACTIVITY DETECTED
2026-05-29 22:44:43,906 | ⚠ HOST DOMINANCE DETECTED
2026-05-29 22:44:43,907 | ⚠ POSSIBLE PORT SCAN DETECTED
2026-05-29 22:44:43,907 | ⚠ RECONNAISSANCE ACTIVITY DETECTED
2026-05-29 22:44:44,575 | ⚠ HOST DOMINANCE DETECTED
2026-05-29 22:44:44,575 | ⚠ POSSIBLE PORT SCAN DETECTED
2026-05-29 22:44:44,576 | ⚠ RECONNAISSANCE ACTIVITY DETECTED
2026-05-29 22:44:44,865 | ⚠ HOST DOMINANCE DETECTED
2026-05-29 22:44:44,865 | ⚠ POSSIBLE PORT SCAN DETECTED
2026-05-29 22:44:44,865 | ⚠ RECONNAISSANCE ACTIVITY DETECTED
2026-05-29 22:44:44,909 | ⚠ HOST DOMINANCE DETECTED
2026-05-29 22:44:44,909 | ⚠ POSSIBLE PORT SCAN DETECTED
2026-05-29 22:44:44,909 | ⚠ RECONNAISSANCE ACTIVITY DETECTED
2026-05-29 22:44:45,411 | ⚠ HOST DOMINANCE DETECTED
2026-05-29 22:44:45,412 | ⚠ POSSIBLE PORT SCAN DETECTED
2026-05-29 22:44:45,412 | ⚠ RECONNAISSANCE ACTIVITY DETECTED
2026-05-29 22:44:45,578 | ⚠ HOST DOMINANCE DETECTED
2026-05-29 22:44:45,578 | ⚠ POSSIBLE PORT SCAN DETECTED
2026-05-29 22:44:45,579 | ⚠ RECONNAISSANCE ACTIVITY DETECTED
2026-05-29 22:44:45,911 | ⚠ HOST DOMINANCE DETECTED
2026-05-29 22:44:45,911 | ⚠ POSSIBLE PORT SCAN DETECTED
2026-05-29 22:44:45,911 | ⚠ RECONNAISSANCE ACTIVITY DETECTED
2026-05-29 22:44:46,581 | ⚠ HOST DOMINANCE DETECTED
2026-05-29 22:44:46,581 | ⚠ POSSIBLE PORT SCAN DETECTED
2026-05-29 22:44:46,581 | ⚠ RECONNAISSANCE ACTIVITY DETECTED
2026-05-29 22:44:46,913 | ⚠ HOST DOMINANCE DETECTED
2026-05-29 22:44:46,914 | ⚠ POSSIBLE PORT SCAN DETECTED
2026-05-29 22:44:46,914 | ⚠ RECONNAISSANCE ACTIVITY DETECTED
2026-05-29 22:44:47,582 | ⚠ HOST DOMINANCE DETECTED
2026-05-29 22:44:47,583 | ⚠ POSSIBLE PORT SCAN DETECTED
2026-05-29 22:44:47,583 | ⚠ RECONNAISSANCE ACTIVITY DETECTED
2026-05-29 22:44:47,917 | ⚠ HOST DOMINANCE DETECTED
2026-05-29 22:44:47,918 | ⚠ POSSIBLE PORT SCAN DETECTED
2026-05-29 22:44:47,918 | ⚠ RECONNAISSANCE ACTIVITY DETECTED
2026-05-29 22:44:48,584 | ⚠ HOST DOMINANCE DETECTED
2026-05-29 22:44:48,584 | ⚠ POSSIBLE PORT SCAN DETECTED
2026-05-29 22:44:48,585 | ⚠ RECONNAISSANCE ACTIVITY DETECTED
2026-05-29 22:44:48,920 | ⚠ HOST DOMINANCE DETECTED
2026-05-29 22:44:48,920 | ⚠ POSSIBLE PORT SCAN DETECTED
2026-05-29 22:44:48,920 | ⚠ RECONNAISSANCE ACTIVITY DETECTED
2026-05-29 22:44:49,587 | ⚠ HOST DOMINANCE DETECTED
2026-05-29 22:44:49,587 | ⚠ POSSIBLE PORT SCAN DETECTED
2026-05-29 22:44:49,587 | ⚠ RECONNAISSANCE ACTIVITY DETECTED
2026-05-29 22:44:49,870 | ⚠ HOST DOMINANCE DETECTED
2026-05-29 22:44:49,870 | ⚠ POSSIBLE PORT SCAN DETECTED
2026-05-29 22:44:49,871 | ⚠ RECONNAISSANCE ACTIVITY DETECTED
2026-05-29 22:44:49,921 | ⚠ HOST DOMINANCE DETECTED
2026-05-29 22:44:49,921 | ⚠ POSSIBLE PORT SCAN DETECTED
2026-05-29 22:44:49,921 | ⚠ RECONNAISSANCE ACTIVITY DETECTED
2026-05-29 22:44:50,417 | ⚠ HOST DOMINANCE DETECTED
2026-05-29 22:44:50,417 | ⚠ POSSIBLE PORT SCAN DETECTED
2026-05-29 22:44:50,417 | ⚠ RECONNAISSANCE ACTIVITY DETECTED
2026-05-29 22:44:50,590 | ⚠ HOST DOMINANCE DETECTED
2026-05-29 22:44:50,590 | ⚠ POSSIBLE PORT SCAN DETECTED
2026-05-29 22:44:50,590 | ⚠ RECONNAISSANCE ACTIVITY DETECTED
2026-05-29 22:44:50,923 | ⚠ HOST DOMINANCE DETECTED
2026-05-29 22:44:50,923 | ⚠ POSSIBLE PORT SCAN DETECTED
2026-05-29 22:44:50,923 | ⚠ RECONNAISSANCE ACTIVITY DETECTED
2026-05-29 22:44:51,593 | ⚠ HOST DOMINANCE DETECTED
2026-05-29 22:44:51,593 | ⚠ POSSIBLE PORT SCAN DETECTED
2026-05-29 22:44:51,593 | ⚠ RECONNAISSANCE ACTIVITY DETECTED
2026-05-29 22:44:51,925 | ⚠ HOST DOMINANCE DETECTED
2026-05-29 22:44:51,925 | ⚠ POSSIBLE PORT SCAN DETECTED
2026-05-29 22:44:51,925 | ⚠ RECONNAISSANCE ACTIVITY DETECTED
2026-05-29 22:44:52,595 | ⚠ HOST DOMINANCE DETECTED
2026-05-29 22:44:52,595 | ⚠ POSSIBLE PORT SCAN DETECTED
2026-05-29 22:44:52,595 | ⚠ RECONNAISSANCE ACTIVITY DETECTED
2026-05-29 22:44:52,928 | ⚠ HIGH ICMP TRAFFIC DETECTED
2026-05-29 22:44:52,928 | ⚠ HOST DOMINANCE DETECTED
2026-05-29 22:44:52,928 | ⚠ POSSIBLE PORT SCAN DETECTED
2026-05-29 22:44:52,928 | ⚠ RECONNAISSANCE ACTIVITY DETECTED
2026-05-29 22:44:53,597 | ⚠ HOST DOMINANCE DETECTED
2026-05-29 22:44:53,597 | ⚠ POSSIBLE PORT SCAN DETECTED
2026-05-29 22:44:53,597 | ⚠ RECONNAISSANCE ACTIVITY DETECTED
2026-05-29 22:44:53,930 | ⚠ HOST DOMINANCE DETECTED
2026-05-29 22:44:53,931 | ⚠ POSSIBLE PORT SCAN DETECTED
2026-05-29 22:44:53,931 | ⚠ RECONNAISSANCE ACTIVITY DETECTED
2026-05-29 22:44:54,599 | ⚠ HOST DOMINANCE DETECTED
2026-05-29 22:44:54,600 | ⚠ POSSIBLE PORT SCAN DETECTED
2026-05-29 22:44:54,600 | ⚠ RECONNAISSANCE ACTIVITY DETECTED
2026-05-29 22:44:54,876 | ⚠ HOST DOMINANCE DETECTED
2026-05-29 22:44:54,877 | ⚠ POSSIBLE PORT SCAN DETECTED
2026-05-29 22:44:54,877 | ⚠ RECONNAISSANCE ACTIVITY DETECTED
2026-05-29 22:44:54,933 | ⚠ HOST DOMINANCE DETECTED
2026-05-29 22:44:54,933 | ⚠ POSSIBLE PORT SCAN DETECTED
2026-05-29 22:44:54,933 | ⚠ RECONNAISSANCE ACTIVITY DETECTED
2026-05-29 22:44:55,422 | ⚠ HOST DOMINANCE DETECTED
2026-05-29 22:44:55,422 | ⚠ POSSIBLE PORT SCAN DETECTED
2026-05-29 22:44:55,423 | ⚠ RECONNAISSANCE ACTIVITY DETECTED
2026-05-29 22:44:55,602 | ⚠ HOST DOMINANCE DETECTED
2026-05-29 22:44:55,603 | ⚠ POSSIBLE PORT SCAN DETECTED
2026-05-29 22:44:55,603 | ⚠ RECONNAISSANCE ACTIVITY DETECTED
2026-05-29 22:44:55,935 | ⚠ HOST DOMINANCE DETECTED
2026-05-29 22:44:55,935 | ⚠ POSSIBLE PORT SCAN DETECTED
2026-05-29 22:44:55,935 | ⚠ RECONNAISSANCE ACTIVITY DETECTED
2026-05-29 22:44:56,604 | ⚠ HOST DOMINANCE DETECTED
2026-05-29 22:44:56,605 | ⚠ POSSIBLE PORT SCAN DETECTED
2026-05-29 22:44:56,605 | ⚠ RECONNAISSANCE ACTIVITY DETECTED
2026-05-29 22:44:56,937 | ⚠ HIGH ICMP TRAFFIC DETECTED
2026-05-29 22:44:56,938 | ⚠ HOST DOMINANCE DETECTED
2026-05-29 22:44:56,938 | ⚠ POSSIBLE PORT SCAN DETECTED
2026-05-29 22:44:56,938 | ⚠ RECONNAISSANCE ACTIVITY DETECTED
2026-05-29 22:44:57,607 | ⚠ HOST DOMINANCE DETECTED
2026-05-29 22:44:57,607 | ⚠ POSSIBLE PORT SCAN DETECTED
2026-05-29 22:44:57,607 | ⚠ RECONNAISSANCE ACTIVITY DETECTED
2026-05-29 22:44:57,939 | ⚠ HIGH ICMP TRAFFIC DETECTED
2026-05-29 22:44:57,939 | ⚠ HOST DOMINANCE DETECTED
2026-05-29 22:44:57,940 | ⚠ POSSIBLE PORT SCAN DETECTED
2026-05-29 22:44:57,940 | ⚠ RECONNAISSANCE ACTIVITY DETECTED
2026-05-29 22:44:57,961 | ⚠ HIGH ICMP TRAFFIC DETECTED
2026-05-29 22:44:57,961 | ⚠ HOST DOMINANCE DETECTED
2026-05-29 22:44:57,961 | ⚠ POSSIBLE PORT SCAN DETECTED
2026-05-29 22:44:57,962 | ⚠ RECONNAISSANCE ACTIVITY DETECTED
2026-05-29 22:44:58,608 | ⚠ HOST DOMINANCE DETECTED
2026-05-29 22:44:58,609 | ⚠ POSSIBLE PORT SCAN DETECTED
2026-05-29 22:44:58,609 | ⚠ RECONNAISSANCE ACTIVITY DETECTED
2026-05-29 22:44:58,942 | ⚠ HIGH ICMP TRAFFIC DETECTED
2026-05-29 22:44:58,942 | ⚠ HOST DOMINANCE DETECTED
2026-05-29 22:44:58,942 | ⚠ POSSIBLE PORT SCAN DETECTED
2026-05-29 22:44:58,942 | ⚠ RECONNAISSANCE ACTIVITY DETECTED
2026-05-29 22:44:59,610 | ⚠ HOST DOMINANCE DETECTED
2026-05-29 22:44:59,611 | ⚠ POSSIBLE PORT SCAN DETECTED
2026-05-29 22:44:59,611 | ⚠ RECONNAISSANCE ACTIVITY DETECTED
2026-05-29 22:44:59,882 | ⚠ HIGH ICMP TRAFFIC DETECTED
2026-05-29 22:44:59,883 | ⚠ HOST DOMINANCE DETECTED
2026-05-29 22:44:59,883 | ⚠ POSSIBLE PORT SCAN DETECTED
2026-05-29 22:44:59,883 | ⚠ RECONNAISSANCE ACTIVITY DETECTED
2026-05-29 22:44:59,944 | ⚠ HIGH ICMP TRAFFIC DETECTED
2026-05-29 22:44:59,944 | ⚠ HOST DOMINANCE DETECTED
2026-05-29 22:44:59,944 | ⚠ POSSIBLE PORT SCAN DETECTED
2026-05-29 22:44:59,944 | ⚠ RECONNAISSANCE ACTIVITY DETECTED
2026-05-29 22:45:00,429 | ⚠ HOST DOMINANCE DETECTED
2026-05-29 22:45:00,430 | ⚠ POSSIBLE PORT SCAN DETECTED
2026-05-29 22:45:00,430 | ⚠ RECONNAISSANCE ACTIVITY DETECTED
2026-05-29 22:45:00,613 | ⚠ HOST DOMINANCE DETECTED
2026-05-29 22:45:00,614 | ⚠ POSSIBLE PORT SCAN DETECTED
2026-05-29 22:45:00,614 | ⚠ RECONNAISSANCE ACTIVITY DETECTED
2026-05-29 22:45:00,945 | ⚠ HIGH ICMP TRAFFIC DETECTED
2026-05-29 22:45:00,946 | ⚠ HOST DOMINANCE DETECTED
2026-05-29 22:45:00,946 | ⚠ POSSIBLE PORT SCAN DETECTED
2026-05-29 22:45:00,946 | ⚠ RECONNAISSANCE ACTIVITY DETECTED
2026-05-29 22:45:01,617 | ⚠ HOST DOMINANCE DETECTED
2026-05-29 22:45:01,618 | ⚠ POSSIBLE PORT SCAN DETECTED
2026-05-29 22:45:01,618 | ⚠ RECONNAISSANCE ACTIVITY DETECTED
2026-05-29 22:45:01,949 | ⚠ HIGH ICMP TRAFFIC DETECTED
2026-05-29 22:45:01,949 | ⚠ HOST DOMINANCE DETECTED
2026-05-29 22:45:01,949 | ⚠ POSSIBLE PORT SCAN DETECTED
2026-05-29 22:45:01,949 | ⚠ RECONNAISSANCE ACTIVITY DETECTED
2026-05-29 22:45:02,620 | ⚠ HOST DOMINANCE DETECTED
2026-05-29 22:45:02,620 | ⚠ POSSIBLE PORT SCAN DETECTED
2026-05-29 22:45:02,620 | ⚠ RECONNAISSANCE ACTIVITY DETECTED
2026-05-29 22:45:02,951 | ⚠ HOST DOMINANCE DETECTED
2026-05-29 22:45:02,952 | ⚠ POSSIBLE PORT SCAN DETECTED
2026-05-29 22:45:02,952 | ⚠ RECONNAISSANCE ACTIVITY DETECTED
2026-05-29 22:45:03,621 | ⚠ HOST DOMINANCE DETECTED
2026-05-29 22:45:03,621 | ⚠ POSSIBLE PORT SCAN DETECTED
2026-05-29 22:45:03,621 | ⚠ RECONNAISSANCE ACTIVITY DETECTED
2026-05-29 22:45:03,955 | ⚠ HOST DOMINANCE DETECTED
2026-05-29 22:45:03,955 | ⚠ POSSIBLE PORT SCAN DETECTED
2026-05-29 22:45:03,956 | ⚠ RECONNAISSANCE ACTIVITY DETECTED
2026-05-29 22:45:04,624 | ⚠ HOST DOMINANCE DETECTED
2026-05-29 22:45:04,624 | ⚠ POSSIBLE PORT SCAN DETECTED
2026-05-29 22:45:04,624 | ⚠ RECONNAISSANCE ACTIVITY DETECTED
2026-05-29 22:45:04,885 | ⚠ HOST DOMINANCE DETECTED
2026-05-29 22:45:04,885 | ⚠ POSSIBLE PORT SCAN DETECTED
2026-05-29 22:45:04,885 | ⚠ RECONNAISSANCE ACTIVITY DETECTED
2026-05-29 22:45:04,958 | ⚠ HOST DOMINANCE DETECTED
2026-05-29 22:45:04,958 | ⚠ POSSIBLE PORT SCAN DETECTED
2026-05-29 22:45:04,958 | ⚠ RECONNAISSANCE ACTIVITY DETECTED
2026-05-29 22:45:05,438 | ⚠ HOST DOMINANCE DETECTED
2026-05-29 22:45:05,439 | ⚠ POSSIBLE PORT SCAN DETECTED
2026-05-29 22:45:05,439 | ⚠ RECONNAISSANCE ACTIVITY DETECTED
2026-05-29 22:45:05,627 | ⚠ HOST DOMINANCE DETECTED
2026-05-29 22:45:05,627 | ⚠ POSSIBLE PORT SCAN DETECTED
2026-05-29 22:45:05,627 | ⚠ RECONNAISSANCE ACTIVITY DETECTED
2026-05-29 22:45:05,959 | ⚠ HOST DOMINANCE DETECTED
2026-05-29 22:45:05,959 | ⚠ POSSIBLE PORT SCAN DETECTED
2026-05-29 22:45:05,959 | ⚠ RECONNAISSANCE ACTIVITY DETECTED
2026-05-29 22:45:06,629 | ⚠ HOST DOMINANCE DETECTED
2026-05-29 22:45:06,630 | ⚠ POSSIBLE PORT SCAN DETECTED
2026-05-29 22:45:06,630 | ⚠ RECONNAISSANCE ACTIVITY DETECTED
2026-05-29 22:45:06,961 | ⚠ HOST DOMINANCE DETECTED
2026-05-29 22:45:06,961 | ⚠ POSSIBLE PORT SCAN DETECTED
2026-05-29 22:45:06,962 | ⚠ RECONNAISSANCE ACTIVITY DETECTED
2026-05-29 22:45:07,632 | ⚠ HOST DOMINANCE DETECTED
2026-05-29 22:45:07,632 | ⚠ POSSIBLE PORT SCAN DETECTED
2026-05-29 22:45:07,633 | ⚠ RECONNAISSANCE ACTIVITY DETECTED
2026-05-29 22:45:07,963 | ⚠ HOST DOMINANCE DETECTED
2026-05-29 22:45:07,964 | ⚠ POSSIBLE PORT SCAN DETECTED
2026-05-29 22:45:07,964 | ⚠ RECONNAISSANCE ACTIVITY DETECTED
2026-05-29 22:45:08,634 | ⚠ HOST DOMINANCE DETECTED
2026-05-29 22:45:08,634 | ⚠ POSSIBLE PORT SCAN DETECTED
2026-05-29 22:45:08,635 | ⚠ RECONNAISSANCE ACTIVITY DETECTED
2026-05-29 22:45:08,966 | ⚠ HOST DOMINANCE DETECTED
2026-05-29 22:45:08,966 | ⚠ POSSIBLE PORT SCAN DETECTED
2026-05-29 22:45:08,966 | ⚠ RECONNAISSANCE ACTIVITY DETECTED
2026-05-29 22:45:09,442 | ⚠ HOST DOMINANCE DETECTED
2026-05-29 22:45:09,444 | ⚠ POSSIBLE PORT SCAN DETECTED
2026-05-29 22:45:09,444 | ⚠ RECONNAISSANCE ACTIVITY DETECTED
2026-05-29 22:45:09,636 | ⚠ HOST DOMINANCE DETECTED
2026-05-29 22:45:09,637 | ⚠ POSSIBLE PORT SCAN DETECTED
2026-05-29 22:45:09,637 | ⚠ RECONNAISSANCE ACTIVITY DETECTED
2026-05-29 22:45:09,887 | ⚠ HOST DOMINANCE DETECTED
2026-05-29 22:45:09,887 | ⚠ POSSIBLE PORT SCAN DETECTED
2026-05-29 22:45:09,887 | ⚠ RECONNAISSANCE ACTIVITY DETECTED
2026-05-29 22:45:09,968 | ⚠ HOST DOMINANCE DETECTED
2026-05-29 22:45:09,968 | ⚠ POSSIBLE PORT SCAN DETECTED
2026-05-29 22:45:09,968 | ⚠ RECONNAISSANCE ACTIVITY DETECTED
2026-05-29 22:45:10,446 | ⚠ HOST DOMINANCE DETECTED
2026-05-29 22:45:10,446 | ⚠ POSSIBLE PORT SCAN DETECTED
2026-05-29 22:45:10,446 | ⚠ RECONNAISSANCE ACTIVITY DETECTED
2026-05-29 22:45:10,638 | ⚠ HOST DOMINANCE DETECTED
2026-05-29 22:45:10,638 | ⚠ POSSIBLE PORT SCAN DETECTED
2026-05-29 22:45:10,638 | ⚠ RECONNAISSANCE ACTIVITY DETECTED
2026-05-29 22:45:10,969 | ⚠ HOST DOMINANCE DETECTED
2026-05-29 22:45:10,970 | ⚠ POSSIBLE PORT SCAN DETECTED
2026-05-29 22:45:10,970 | ⚠ RECONNAISSANCE ACTIVITY DETECTED
2026-05-29 22:45:11,641 | ⚠ HOST DOMINANCE DETECTED
2026-05-29 22:45:11,641 | ⚠ POSSIBLE PORT SCAN DETECTED
2026-05-29 22:45:11,641 | ⚠ RECONNAISSANCE ACTIVITY DETECTED
2026-05-29 22:45:11,972 | ⚠ HOST DOMINANCE DETECTED
2026-05-29 22:45:11,972 | ⚠ POSSIBLE PORT SCAN DETECTED
2026-05-29 22:45:11,972 | ⚠ RECONNAISSANCE ACTIVITY DETECTED
2026-05-29 22:45:12,643 | ⚠ HOST DOMINANCE DETECTED
2026-05-29 22:45:12,643 | ⚠ POSSIBLE PORT SCAN DETECTED
2026-05-29 22:45:12,643 | ⚠ RECONNAISSANCE ACTIVITY DETECTED
2026-05-29 22:45:12,975 | ⚠ HOST DOMINANCE DETECTED
2026-05-29 22:45:12,975 | ⚠ POSSIBLE PORT SCAN DETECTED
2026-05-29 22:45:12,976 | ⚠ RECONNAISSANCE ACTIVITY DETECTED
2026-05-29 22:45:13,645 | ⚠ HOST DOMINANCE DETECTED
2026-05-29 22:45:13,647 | ⚠ POSSIBLE PORT SCAN DETECTED
2026-05-29 22:45:13,978 | ⚠ HOST DOMINANCE DETECTED
2026-05-29 22:45:13,978 | ⚠ POSSIBLE PORT SCAN DETECTED
2026-05-29 22:45:14,649 | ⚠ HOST DOMINANCE DETECTED
2026-05-29 22:45:14,649 | ⚠ POSSIBLE PORT SCAN DETECTED
2026-05-29 22:45:14,892 | ⚠ HOST DOMINANCE DETECTED
2026-05-29 22:45:14,892 | ⚠ POSSIBLE PORT SCAN DETECTED
2026-05-29 22:45:14,980 | ⚠ HOST DOMINANCE DETECTED
2026-05-29 22:45:14,981 | ⚠ POSSIBLE PORT SCAN DETECTED
2026-05-29 22:45:15,452 | ⚠ HOST DOMINANCE DETECTED
2026-05-29 22:45:15,454 | ⚠ POSSIBLE PORT SCAN DETECTED
2026-05-29 22:45:15,651 | ⚠ HOST DOMINANCE DETECTED
2026-05-29 22:45:15,652 | ⚠ POSSIBLE PORT SCAN DETECTED
2026-05-29 22:45:15,982 | ⚠ HOST DOMINANCE DETECTED
2026-05-29 22:45:15,983 | ⚠ POSSIBLE PORT SCAN DETECTED
2026-05-29 22:45:16,654 | ⚠ HOST DOMINANCE DETECTED
2026-05-29 22:45:16,654 | ⚠ POSSIBLE PORT SCAN DETECTED
2026-05-29 22:45:16,985 | ⚠ HOST DOMINANCE DETECTED
2026-05-29 22:45:16,985 | ⚠ POSSIBLE PORT SCAN DETECTED
2026-05-29 22:45:17,656 | ⚠ HOST DOMINANCE DETECTED
2026-05-29 22:45:17,657 | ⚠ POSSIBLE PORT SCAN DETECTED
2026-05-29 22:45:17,987 | ⚠ HOST DOMINANCE DETECTED
2026-05-29 22:45:17,988 | ⚠ POSSIBLE PORT SCAN DETECTED
2026-05-29 22:45:18,658 | ⚠ HOST DOMINANCE DETECTED
2026-05-29 22:45:18,659 | ⚠ POSSIBLE PORT SCAN DETECTED
2026-05-29 22:45:18,990 | ⚠ HOST DOMINANCE DETECTED
2026-05-29 22:45:18,990 | ⚠ POSSIBLE PORT SCAN DETECTED
2026-05-29 22:45:19,663 | ⚠ HOST DOMINANCE DETECTED
2026-05-29 22:45:19,664 | ⚠ POSSIBLE PORT SCAN DETECTED
2026-05-29 22:45:19,897 | ⚠ HOST DOMINANCE DETECTED
2026-05-29 22:45:19,897 | ⚠ POSSIBLE PORT SCAN DETECTED
2026-05-29 22:45:19,992 | ⚠ HOST DOMINANCE DETECTED
2026-05-29 22:45:19,992 | ⚠ POSSIBLE PORT SCAN DETECTED
2026-05-29 22:45:20,467 | ⚠ HOST DOMINANCE DETECTED
2026-05-29 22:45:20,468 | ⚠ POSSIBLE PORT SCAN DETECTED
2026-05-29 22:45:20,666 | ⚠ HOST DOMINANCE DETECTED
2026-05-29 22:45:20,666 | ⚠ POSSIBLE PORT SCAN DETECTED
2026-05-29 22:45:20,993 | ⚠ HOST DOMINANCE DETECTED
2026-05-29 22:45:20,993 | ⚠ POSSIBLE PORT SCAN DETECTED
2026-05-29 22:45:21,668 | ⚠ HOST DOMINANCE DETECTED
2026-05-29 22:45:21,668 | ⚠ POSSIBLE PORT SCAN DETECTED
2026-05-29 22:45:21,995 | ⚠ HOST DOMINANCE DETECTED
2026-05-29 22:45:21,995 | ⚠ POSSIBLE PORT SCAN DETECTED
2026-05-29 22:45:22,670 | ⚠ HOST DOMINANCE DETECTED
2026-05-29 22:45:22,670 | ⚠ POSSIBLE PORT SCAN DETECTED
2026-05-29 22:45:22,997 | ⚠ HOST DOMINANCE DETECTED
2026-05-29 22:45:22,997 | ⚠ POSSIBLE PORT SCAN DETECTED
2026-05-29 22:45:23,672 | ⚠ HOST DOMINANCE DETECTED
2026-05-29 22:45:23,672 | ⚠ POSSIBLE PORT SCAN DETECTED
2026-05-29 22:45:23,999 | ⚠ HOST DOMINANCE DETECTED
2026-05-29 22:45:23,999 | ⚠ POSSIBLE PORT SCAN DETECTED
2026-05-29 22:45:24,674 | ⚠ HOST DOMINANCE DETECTED
2026-05-29 22:45:24,674 | ⚠ POSSIBLE PORT SCAN DETECTED
2026-05-29 22:45:24,903 | ⚠ HOST DOMINANCE DETECTED
2026-05-29 22:45:24,903 | ⚠ POSSIBLE PORT SCAN DETECTED
2026-05-29 22:45:25,000 | ⚠ HOST DOMINANCE DETECTED
2026-05-29 22:45:25,000 | ⚠ POSSIBLE PORT SCAN DETECTED
2026-05-29 22:45:25,476 | ⚠ HOST DOMINANCE DETECTED
2026-05-29 22:45:25,477 | ⚠ POSSIBLE PORT SCAN DETECTED
2026-05-29 22:45:25,676 | ⚠ HOST DOMINANCE DETECTED
2026-05-29 22:45:25,676 | ⚠ POSSIBLE PORT SCAN DETECTED
2026-05-29 22:45:26,002 | ⚠ HOST DOMINANCE DETECTED
2026-05-29 22:45:26,002 | ⚠ POSSIBLE PORT SCAN DETECTED
2026-05-29 22:45:26,678 | ⚠ HOST DOMINANCE DETECTED
2026-05-29 22:45:26,679 | ⚠ POSSIBLE PORT SCAN DETECTED
2026-05-29 22:45:27,004 | ⚠ HOST DOMINANCE DETECTED
2026-05-29 22:45:27,004 | ⚠ POSSIBLE PORT SCAN DETECTED
2026-05-29 22:45:27,681 | ⚠ HOST DOMINANCE DETECTED
2026-05-29 22:45:27,681 | ⚠ POSSIBLE PORT SCAN DETECTED
2026-05-29 22:45:28,005 | ⚠ HOST DOMINANCE DETECTED
2026-05-29 22:45:28,006 | ⚠ POSSIBLE PORT SCAN DETECTED
2026-05-29 22:45:28,164 | ⚠ HOST DOMINANCE DETECTED
2026-05-29 22:45:28,164 | ⚠ POSSIBLE PORT SCAN DETECTED
2026-05-29 22:45:28,683 | ⚠ HOST DOMINANCE DETECTED
2026-05-29 22:45:28,683 | ⚠ POSSIBLE PORT SCAN DETECTED
2026-05-29 22:45:29,008 | ⚠ HOST DOMINANCE DETECTED
2026-05-29 22:45:29,008 | ⚠ POSSIBLE PORT SCAN DETECTED
2026-05-29 22:45:29,685 | ⚠ HOST DOMINANCE DETECTED
2026-05-29 22:45:29,685 | ⚠ POSSIBLE PORT SCAN DETECTED
2026-05-29 22:45:29,908 | ⚠ HOST DOMINANCE DETECTED
2026-05-29 22:45:29,908 | ⚠ POSSIBLE PORT SCAN DETECTED
2026-05-29 22:45:30,009 | ⚠ HOST DOMINANCE DETECTED
2026-05-29 22:45:30,010 | ⚠ POSSIBLE PORT SCAN DETECTED
2026-05-29 22:45:30,482 | ⚠ HOST DOMINANCE DETECTED
2026-05-29 22:45:30,483 | ⚠ POSSIBLE PORT SCAN DETECTED
2026-05-29 22:45:30,688 | ⚠ HOST DOMINANCE DETECTED
2026-05-29 22:45:30,688 | ⚠ POSSIBLE PORT SCAN DETECTED
2026-05-29 22:45:31,011 | ⚠ HOST DOMINANCE DETECTED
2026-05-29 22:45:31,011 | ⚠ POSSIBLE PORT SCAN DETECTED
2026-05-29 22:45:31,690 | ⚠ HOST DOMINANCE DETECTED
2026-05-29 22:45:31,690 | ⚠ POSSIBLE PORT SCAN DETECTED
2026-05-29 22:45:32,013 | ⚠ HOST DOMINANCE DETECTED
2026-05-29 22:45:32,014 | ⚠ POSSIBLE PORT SCAN DETECTED
2026-05-29 22:45:32,692 | ⚠ HOST DOMINANCE DETECTED
2026-05-29 22:45:32,692 | ⚠ POSSIBLE PORT SCAN DETECTED
2026-05-29 22:45:33,016 | ⚠ HOST DOMINANCE DETECTED
2026-05-29 22:45:33,016 | ⚠ POSSIBLE PORT SCAN DETECTED
2026-05-29 22:45:33,694 | ⚠ HOST DOMINANCE DETECTED
2026-05-29 22:45:33,694 | ⚠ POSSIBLE PORT SCAN DETECTED
2026-05-29 22:45:34,018 | ⚠ HOST DOMINANCE DETECTED
2026-05-29 22:45:34,019 | ⚠ POSSIBLE PORT SCAN DETECTED
2026-05-29 22:45:34,696 | ⚠ HOST DOMINANCE DETECTED
2026-05-29 22:45:34,696 | ⚠ POSSIBLE PORT SCAN DETECTED
2026-05-29 22:45:34,914 | ⚠ HOST DOMINANCE DETECTED
2026-05-29 22:45:34,914 | ⚠ POSSIBLE PORT SCAN DETECTED
2026-05-29 22:45:35,020 | ⚠ HOST DOMINANCE DETECTED
2026-05-29 22:45:35,021 | ⚠ POSSIBLE PORT SCAN DETECTED
2026-05-29 22:45:35,493 | ⚠ HOST DOMINANCE DETECTED
2026-05-29 22:45:35,494 | ⚠ POSSIBLE PORT SCAN DETECTED
2026-05-29 22:45:35,699 | ⚠ HOST DOMINANCE DETECTED
2026-05-29 22:45:35,699 | ⚠ POSSIBLE PORT SCAN DETECTED
2026-05-29 22:45:36,022 | ⚠ HOST DOMINANCE DETECTED
2026-05-29 22:45:36,022 | ⚠ POSSIBLE PORT SCAN DETECTED
2026-05-29 22:45:36,701 | ⚠ HOST DOMINANCE DETECTED
2026-05-29 22:45:36,701 | ⚠ POSSIBLE PORT SCAN DETECTED
2026-05-29 22:45:37,024 | ⚠ HOST DOMINANCE DETECTED
2026-05-29 22:45:37,024 | ⚠ POSSIBLE PORT SCAN DETECTED
2026-05-29 22:45:37,702 | ⚠ HOST DOMINANCE DETECTED
2026-05-29 22:45:37,703 | ⚠ POSSIBLE PORT SCAN DETECTED
2026-05-29 22:45:38,026 | ⚠ HOST DOMINANCE DETECTED
2026-05-29 22:45:38,026 | ⚠ POSSIBLE PORT SCAN DETECTED
2026-05-29 22:45:38,705 | ⚠ HOST DOMINANCE DETECTED
2026-05-29 22:45:38,705 | ⚠ POSSIBLE PORT SCAN DETECTED
2026-05-29 22:45:39,029 | ⚠ HOST DOMINANCE DETECTED
2026-05-29 22:45:39,029 | ⚠ POSSIBLE PORT SCAN DETECTED
2026-05-29 22:45:39,708 | ⚠ HOST DOMINANCE DETECTED
2026-05-29 22:45:39,708 | ⚠ POSSIBLE PORT SCAN DETECTED
2026-05-29 22:45:39,829 | ⚠ HOST DOMINANCE DETECTED
2026-05-29 22:45:39,830 | ⚠ POSSIBLE PORT SCAN DETECTED
2026-05-29 22:45:39,920 | ⚠ HOST DOMINANCE DETECTED
2026-05-29 22:45:39,920 | ⚠ POSSIBLE PORT SCAN DETECTED
2026-05-29 22:45:40,030 | ⚠ HOST DOMINANCE DETECTED
2026-05-29 22:45:40,030 | ⚠ POSSIBLE PORT SCAN DETECTED
2026-05-29 22:45:40,499 | ⚠ BANDWIDTH SPIKE DETECTED
2026-05-29 22:45:40,499 | ⚠ HOST DOMINANCE DETECTED
2026-05-29 22:45:40,499 | ⚠ POSSIBLE PORT SCAN DETECTED
2026-05-29 22:45:40,711 | ⚠ HOST DOMINANCE DETECTED
2026-05-29 22:45:40,712 | ⚠ POSSIBLE PORT SCAN DETECTED
2026-05-29 22:45:41,032 | ⚠ HOST DOMINANCE DETECTED
2026-05-29 22:45:41,033 | ⚠ POSSIBLE PORT SCAN DETECTED
2026-05-29 22:45:41,716 | ⚠ HOST DOMINANCE DETECTED
2026-05-29 22:45:41,717 | ⚠ POSSIBLE PORT SCAN DETECTED
2026-05-29 22:45:42,035 | ⚠ HOST DOMINANCE DETECTED
2026-05-29 22:45:42,035 | ⚠ POSSIBLE PORT SCAN DETECTED
2026-05-29 22:45:42,719 | ⚠ HOST DOMINANCE DETECTED
2026-05-29 22:45:42,719 | ⚠ POSSIBLE PORT SCAN DETECTED
2026-05-29 22:45:43,038 | ⚠ HOST DOMINANCE DETECTED
2026-05-29 22:45:43,038 | ⚠ POSSIBLE PORT SCAN DETECTED
2026-05-29 22:45:43,721 | ⚠ HOST DOMINANCE DETECTED
2026-05-29 22:45:43,721 | ⚠ POSSIBLE PORT SCAN DETECTED
2026-05-29 22:45:44,041 | ⚠ HOST DOMINANCE DETECTED
2026-05-29 22:45:44,041 | ⚠ POSSIBLE PORT SCAN DETECTED
2026-05-29 22:45:44,723 | ⚠ HOST DOMINANCE DETECTED
2026-05-29 22:45:44,723 | ⚠ POSSIBLE PORT SCAN DETECTED
2026-05-29 22:45:44,921 | ⚠ HOST DOMINANCE DETECTED
2026-05-29 22:45:44,921 | ⚠ POSSIBLE PORT SCAN DETECTED
2026-05-29 22:45:45,044 | ⚠ HOST DOMINANCE DETECTED
2026-05-29 22:45:45,044 | ⚠ POSSIBLE PORT SCAN DETECTED
2026-05-29 22:45:45,506 | ⚠ HOST DOMINANCE DETECTED
2026-05-29 22:45:45,506 | ⚠ POSSIBLE PORT SCAN DETECTED
2026-05-29 22:45:45,725 | ⚠ HOST DOMINANCE DETECTED
2026-05-29 22:45:45,726 | ⚠ POSSIBLE PORT SCAN DETECTED
2026-05-29 22:45:46,046 | ⚠ HOST DOMINANCE DETECTED
2026-05-29 22:45:46,047 | ⚠ POSSIBLE PORT SCAN DETECTED
2026-05-29 22:45:46,728 | ⚠ HOST DOMINANCE DETECTED
2026-05-29 22:45:46,729 | ⚠ POSSIBLE PORT SCAN DETECTED
2026-05-29 22:45:47,049 | ⚠ HOST DOMINANCE DETECTED
2026-05-29 22:45:47,049 | ⚠ POSSIBLE PORT SCAN DETECTED
2026-05-29 22:45:47,731 | ⚠ HOST DOMINANCE DETECTED
2026-05-29 22:45:47,732 | ⚠ POSSIBLE PORT SCAN DETECTED
2026-05-29 22:45:48,050 | ⚠ HOST DOMINANCE DETECTED
2026-05-29 22:45:48,050 | ⚠ POSSIBLE PORT SCAN DETECTED
2026-05-29 22:45:48,733 | ⚠ HOST DOMINANCE DETECTED
2026-05-29 22:45:48,734 | ⚠ POSSIBLE PORT SCAN DETECTED
2026-05-29 22:45:49,052 | ⚠ HOST DOMINANCE DETECTED
2026-05-29 22:45:49,053 | ⚠ POSSIBLE PORT SCAN DETECTED
2026-05-29 22:45:49,735 | ⚠ HOST DOMINANCE DETECTED
2026-05-29 22:45:49,735 | ⚠ POSSIBLE PORT SCAN DETECTED
2026-05-29 22:45:49,927 | ⚠ HOST DOMINANCE DETECTED
2026-05-29 22:45:49,928 | ⚠ POSSIBLE PORT SCAN DETECTED
2026-05-29 22:45:50,055 | ⚠ HOST DOMINANCE DETECTED
2026-05-29 22:45:50,055 | ⚠ POSSIBLE PORT SCAN DETECTED
2026-05-29 22:45:50,514 | ⚠ HOST DOMINANCE DETECTED
2026-05-29 22:45:50,514 | ⚠ POSSIBLE PORT SCAN DETECTED
2026-05-29 22:45:50,737 | ⚠ HOST DOMINANCE DETECTED
2026-05-29 22:45:50,737 | ⚠ POSSIBLE PORT SCAN DETECTED
2026-05-29 22:45:51,067 | ⚠ HOST DOMINANCE DETECTED
2026-05-29 22:45:51,068 | ⚠ POSSIBLE PORT SCAN DETECTED
2026-05-29 22:45:51,740 | ⚠ HOST DOMINANCE DETECTED
2026-05-29 22:45:51,740 | ⚠ POSSIBLE PORT SCAN DETECTED
2026-05-29 22:45:52,069 | ⚠ HOST DOMINANCE DETECTED
2026-05-29 22:45:52,069 | ⚠ POSSIBLE PORT SCAN DETECTED
2026-05-29 22:45:52,743 | ⚠ HOST DOMINANCE DETECTED
2026-05-29 22:45:52,743 | ⚠ POSSIBLE PORT SCAN DETECTED
2026-05-29 22:45:53,071 | ⚠ HOST DOMINANCE DETECTED
2026-05-29 22:45:53,072 | ⚠ POSSIBLE PORT SCAN DETECTED
2026-05-29 22:45:53,746 | ⚠ HOST DOMINANCE DETECTED
2026-05-29 22:45:53,746 | ⚠ POSSIBLE PORT SCAN DETECTED
2026-05-29 22:45:54,075 | ⚠ HOST DOMINANCE DETECTED
2026-05-29 22:45:54,075 | ⚠ POSSIBLE PORT SCAN DETECTED
2026-05-29 22:45:54,748 | ⚠ HOST DOMINANCE DETECTED
2026-05-29 22:45:54,749 | ⚠ POSSIBLE PORT SCAN DETECTED
2026-05-29 22:45:54,931 | ⚠ HOST DOMINANCE DETECTED
2026-05-29 22:45:54,931 | ⚠ POSSIBLE PORT SCAN DETECTED
2026-05-29 22:45:55,078 | ⚠ HOST DOMINANCE DETECTED
2026-05-29 22:45:55,079 | ⚠ POSSIBLE PORT SCAN DETECTED
2026-05-29 22:45:55,535 | ⚠ HOST DOMINANCE DETECTED
2026-05-29 22:45:55,535 | ⚠ POSSIBLE PORT SCAN DETECTED
2026-05-29 22:45:55,751 | ⚠ HOST DOMINANCE DETECTED
2026-05-29 22:45:55,752 | ⚠ POSSIBLE PORT SCAN DETECTED
2026-05-29 22:45:56,081 | ⚠ HOST DOMINANCE DETECTED
2026-05-29 22:45:56,081 | ⚠ POSSIBLE PORT SCAN DETECTED
2026-05-29 22:45:56,755 | ⚠ HOST DOMINANCE DETECTED
2026-05-29 22:45:56,755 | ⚠ POSSIBLE PORT SCAN DETECTED
2026-05-29 22:45:57,083 | ⚠ HOST DOMINANCE DETECTED
2026-05-29 22:45:57,084 | ⚠ POSSIBLE PORT SCAN DETECTED
2026-05-29 22:45:57,757 | ⚠ HOST DOMINANCE DETECTED
2026-05-29 22:45:57,757 | ⚠ POSSIBLE PORT SCAN DETECTED
2026-05-29 22:45:58,086 | ⚠ HOST DOMINANCE DETECTED
2026-05-29 22:45:58,086 | ⚠ POSSIBLE PORT SCAN DETECTED
2026-05-29 22:45:58,403 | ⚠ HOST DOMINANCE DETECTED
2026-05-29 22:45:58,404 | ⚠ POSSIBLE PORT SCAN DETECTED
2026-05-29 22:45:58,759 | ⚠ HOST DOMINANCE DETECTED
2026-05-29 22:45:58,759 | ⚠ POSSIBLE PORT SCAN DETECTED
2026-05-29 22:45:59,088 | ⚠ HOST DOMINANCE DETECTED
2026-05-29 22:45:59,089 | ⚠ POSSIBLE PORT SCAN DETECTED
2026-05-29 22:45:59,761 | ⚠ HOST DOMINANCE DETECTED
2026-05-29 22:45:59,762 | ⚠ POSSIBLE PORT SCAN DETECTED
2026-05-29 22:45:59,933 | ⚠ HOST DOMINANCE DETECTED
2026-05-29 22:45:59,933 | ⚠ POSSIBLE PORT SCAN DETECTED
2026-05-29 22:46:00,091 | ⚠ HOST DOMINANCE DETECTED
2026-05-29 22:46:00,092 | ⚠ POSSIBLE PORT SCAN DETECTED
2026-05-29 22:46:00,543 | ⚠ HOST DOMINANCE DETECTED
2026-05-29 22:46:00,543 | ⚠ POSSIBLE PORT SCAN DETECTED
2026-05-29 22:46:00,764 | ⚠ HOST DOMINANCE DETECTED
2026-05-29 22:46:00,765 | ⚠ POSSIBLE PORT SCAN DETECTED
2026-05-29 22:46:01,093 | ⚠ HOST DOMINANCE DETECTED
2026-05-29 22:46:01,094 | ⚠ POSSIBLE PORT SCAN DETECTED
2026-05-29 22:46:01,768 | ⚠ HOST DOMINANCE DETECTED
2026-05-29 22:46:01,769 | ⚠ POSSIBLE PORT SCAN DETECTED
2026-05-29 22:46:02,096 | ⚠ HOST DOMINANCE DETECTED
2026-05-29 22:46:02,097 | ⚠ POSSIBLE PORT SCAN DETECTED
2026-05-29 22:46:02,771 | ⚠ HOST DOMINANCE DETECTED
2026-05-29 22:46:02,771 | ⚠ POSSIBLE PORT SCAN DETECTED
2026-05-29 22:46:03,099 | ⚠ HOST DOMINANCE DETECTED
2026-05-29 22:46:03,100 | ⚠ POSSIBLE PORT SCAN DETECTED
2026-05-29 22:46:03,773 | ⚠ HOST DOMINANCE DETECTED
2026-05-29 22:46:03,773 | ⚠ POSSIBLE PORT SCAN DETECTED
2026-05-29 22:46:04,102 | ⚠ HOST DOMINANCE DETECTED
2026-05-29 22:46:04,102 | ⚠ POSSIBLE PORT SCAN DETECTED
2026-05-29 22:46:04,775 | ⚠ HOST DOMINANCE DETECTED
2026-05-29 22:46:04,775 | ⚠ POSSIBLE PORT SCAN DETECTED
2026-05-29 22:46:04,938 | ⚠ HOST DOMINANCE DETECTED
2026-05-29 22:46:04,938 | ⚠ POSSIBLE PORT SCAN DETECTED
2026-05-29 22:46:05,104 | ⚠ HOST DOMINANCE DETECTED
2026-05-29 22:46:05,104 | ⚠ POSSIBLE PORT SCAN DETECTED
2026-05-29 22:46:05,548 | ⚠ HOST DOMINANCE DETECTED
2026-05-29 22:46:05,549 | ⚠ POSSIBLE PORT SCAN DETECTED
2026-05-29 22:46:05,778 | ⚠ HOST DOMINANCE DETECTED
2026-05-29 22:46:05,778 | ⚠ POSSIBLE PORT SCAN DETECTED
2026-05-29 22:46:06,106 | ⚠ HOST DOMINANCE DETECTED
2026-05-29 22:46:06,107 | ⚠ POSSIBLE PORT SCAN DETECTED
2026-05-29 22:46:06,780 | ⚠ HOST DOMINANCE DETECTED
2026-05-29 22:46:06,781 | ⚠ POSSIBLE PORT SCAN DETECTED
2026-05-29 22:46:07,109 | ⚠ HOST DOMINANCE DETECTED
2026-05-29 22:46:07,110 | ⚠ POSSIBLE PORT SCAN DETECTED
2026-05-29 22:46:07,783 | ⚠ HOST DOMINANCE DETECTED
2026-05-29 22:46:07,783 | ⚠ POSSIBLE PORT SCAN DETECTED
2026-05-29 22:46:08,113 | ⚠ HOST DOMINANCE DETECTED
2026-05-29 22:46:08,113 | ⚠ POSSIBLE PORT SCAN DETECTED
2026-05-29 22:46:08,786 | ⚠ HOST DOMINANCE DETECTED
2026-05-29 22:46:08,786 | ⚠ POSSIBLE PORT SCAN DETECTED
2026-05-29 22:46:09,115 | ⚠ HOST DOMINANCE DETECTED
2026-05-29 22:46:09,116 | ⚠ POSSIBLE PORT SCAN DETECTED
2026-05-29 22:46:09,788 | ⚠ HOST DOMINANCE DETECTED
2026-05-29 22:46:09,788 | ⚠ POSSIBLE PORT SCAN DETECTED
2026-05-29 22:46:09,940 | ⚠ HOST DOMINANCE DETECTED
2026-05-29 22:46:09,940 | ⚠ POSSIBLE PORT SCAN DETECTED
2026-05-29 22:46:10,118 | ⚠ HOST DOMINANCE DETECTED
2026-05-29 22:46:10,118 | ⚠ POSSIBLE PORT SCAN DETECTED
2026-05-29 22:46:10,301 | ⚠ HOST DOMINANCE DETECTED
2026-05-29 22:46:10,302 | ⚠ POSSIBLE PORT SCAN DETECTED
2026-05-29 22:46:10,555 | ⚠ HOST DOMINANCE DETECTED
2026-05-29 22:46:10,555 | ⚠ POSSIBLE PORT SCAN DETECTED
2026-05-29 22:46:10,790 | ⚠ HOST DOMINANCE DETECTED
2026-05-29 22:46:10,790 | ⚠ POSSIBLE PORT SCAN DETECTED
2026-05-29 22:46:11,120 | ⚠ HOST DOMINANCE DETECTED
2026-05-29 22:46:11,121 | ⚠ POSSIBLE PORT SCAN DETECTED
2026-05-29 22:46:11,792 | ⚠ HOST DOMINANCE DETECTED
2026-05-29 22:46:11,793 | ⚠ POSSIBLE PORT SCAN DETECTED
2026-05-29 22:46:12,122 | ⚠ HOST DOMINANCE DETECTED
2026-05-29 22:46:12,123 | ⚠ POSSIBLE PORT SCAN DETECTED
2026-05-29 22:46:12,796 | ⚠ HOST DOMINANCE DETECTED
2026-05-29 22:46:12,796 | ⚠ POSSIBLE PORT SCAN DETECTED
2026-05-29 22:46:13,125 | ⚠ HOST DOMINANCE DETECTED
2026-05-29 22:46:13,125 | ⚠ POSSIBLE PORT SCAN DETECTED
2026-05-29 22:46:13,798 | ⚠ HOST DOMINANCE DETECTED
2026-05-29 22:46:13,799 | ⚠ POSSIBLE PORT SCAN DETECTED
2026-05-29 22:46:14,128 | ⚠ HOST DOMINANCE DETECTED
2026-05-29 22:46:14,128 | ⚠ POSSIBLE PORT SCAN DETECTED
2026-05-29 22:46:14,802 | ⚠ HOST DOMINANCE DETECTED
2026-05-29 22:46:14,802 | ⚠ POSSIBLE PORT SCAN DETECTED
2026-05-29 22:46:14,946 | ⚠ HOST DOMINANCE DETECTED
2026-05-29 22:46:14,946 | ⚠ POSSIBLE PORT SCAN DETECTED
2026-05-29 22:46:15,130 | ⚠ HOST DOMINANCE DETECTED
2026-05-29 22:46:15,131 | ⚠ POSSIBLE PORT SCAN DETECTED
2026-05-29 22:46:15,562 | ⚠ HOST DOMINANCE DETECTED
2026-05-29 22:46:15,562 | ⚠ POSSIBLE PORT SCAN DETECTED
2026-05-29 22:46:15,805 | ⚠ HOST DOMINANCE DETECTED
2026-05-29 22:46:15,805 | ⚠ POSSIBLE PORT SCAN DETECTED
2026-05-29 22:46:16,133 | ⚠ HOST DOMINANCE DETECTED
2026-05-29 22:46:16,134 | ⚠ POSSIBLE PORT SCAN DETECTED
2026-05-29 22:46:16,810 | ⚠ HOST DOMINANCE DETECTED
2026-05-29 22:46:16,810 | ⚠ POSSIBLE PORT SCAN DETECTED
2026-05-29 22:46:17,137 | ⚠ HOST DOMINANCE DETECTED
2026-05-29 22:46:17,137 | ⚠ POSSIBLE PORT SCAN DETECTED
2026-05-29 22:46:17,812 | ⚠ HOST DOMINANCE DETECTED
2026-05-29 22:46:17,812 | ⚠ POSSIBLE PORT SCAN DETECTED
2026-05-29 22:46:18,140 | ⚠ HOST DOMINANCE DETECTED
2026-05-29 22:46:18,140 | ⚠ POSSIBLE PORT SCAN DETECTED
2026-05-29 22:46:18,815 | ⚠ HOST DOMINANCE DETECTED
2026-05-29 22:46:18,816 | ⚠ POSSIBLE PORT SCAN DETECTED
2026-05-29 22:46:19,142 | ⚠ HOST DOMINANCE DETECTED
2026-05-29 22:46:19,142 | ⚠ POSSIBLE PORT SCAN DETECTED
2026-05-29 22:46:19,818 | ⚠ HOST DOMINANCE DETECTED
2026-05-29 22:46:19,819 | ⚠ POSSIBLE PORT SCAN DETECTED
2026-05-29 22:46:19,952 | ⚠ HOST DOMINANCE DETECTED
2026-05-29 22:46:19,952 | ⚠ POSSIBLE PORT SCAN DETECTED
2026-05-29 22:46:20,145 | ⚠ HOST DOMINANCE DETECTED
2026-05-29 22:46:20,145 | ⚠ POSSIBLE PORT SCAN DETECTED
2026-05-29 22:46:20,571 | ⚠ HOST DOMINANCE DETECTED
2026-05-29 22:46:20,572 | ⚠ POSSIBLE PORT SCAN DETECTED
2026-05-29 22:46:20,821 | ⚠ HOST DOMINANCE DETECTED
2026-05-29 22:46:20,821 | ⚠ POSSIBLE PORT SCAN DETECTED
2026-05-29 22:46:21,148 | ⚠ HOST DOMINANCE DETECTED
2026-05-29 22:46:21,148 | ⚠ POSSIBLE PORT SCAN DETECTED
2026-05-29 22:46:21,823 | ⚠ HOST DOMINANCE DETECTED
2026-05-29 22:46:21,823 | ⚠ POSSIBLE PORT SCAN DETECTED
2026-05-29 22:46:22,150 | ⚠ HOST DOMINANCE DETECTED
2026-05-29 22:46:22,151 | ⚠ POSSIBLE PORT SCAN DETECTED
2026-05-29 22:46:22,826 | ⚠ HOST DOMINANCE DETECTED
2026-05-29 22:46:22,827 | ⚠ POSSIBLE PORT SCAN DETECTED
2026-05-29 22:46:23,153 | ⚠ HOST DOMINANCE DETECTED
2026-05-29 22:46:23,153 | ⚠ POSSIBLE PORT SCAN DETECTED
2026-05-29 22:46:23,830 | ⚠ HOST DOMINANCE DETECTED
2026-05-29 22:46:23,830 | ⚠ POSSIBLE PORT SCAN DETECTED
2026-05-29 22:46:24,155 | ⚠ HOST DOMINANCE DETECTED
2026-05-29 22:46:24,156 | ⚠ POSSIBLE PORT SCAN DETECTED
2026-05-29 22:46:24,833 | ⚠ HOST DOMINANCE DETECTED
2026-05-29 22:46:24,833 | ⚠ POSSIBLE PORT SCAN DETECTED
2026-05-29 22:46:24,958 | ⚠ HOST DOMINANCE DETECTED
2026-05-29 22:46:24,958 | ⚠ POSSIBLE PORT SCAN DETECTED
2026-05-29 22:46:25,158 | ⚠ HOST DOMINANCE DETECTED
2026-05-29 22:46:25,158 | ⚠ POSSIBLE PORT SCAN DETECTED
2026-05-29 22:46:25,586 | ⚠ HOST DOMINANCE DETECTED
2026-05-29 22:46:25,587 | ⚠ POSSIBLE PORT SCAN DETECTED
2026-05-29 22:46:25,836 | ⚠ HOST DOMINANCE DETECTED
2026-05-29 22:46:25,836 | ⚠ POSSIBLE PORT SCAN DETECTED
2026-05-29 22:46:26,161 | ⚠ HOST DOMINANCE DETECTED
2026-05-29 22:46:26,161 | ⚠ POSSIBLE PORT SCAN DETECTED
2026-05-29 22:46:26,839 | ⚠ HOST DOMINANCE DETECTED
2026-05-29 22:46:26,839 | ⚠ POSSIBLE PORT SCAN DETECTED
2026-05-29 22:46:27,164 | ⚠ HOST DOMINANCE DETECTED
2026-05-29 22:46:27,165 | ⚠ POSSIBLE PORT SCAN DETECTED
2026-05-29 22:46:27,843 | ⚠ HOST DOMINANCE DETECTED
2026-05-29 22:46:27,843 | ⚠ POSSIBLE PORT SCAN DETECTED
2026-05-29 22:46:28,168 | ⚠ HOST DOMINANCE DETECTED
2026-05-29 22:46:28,168 | ⚠ POSSIBLE PORT SCAN DETECTED
2026-05-29 22:46:28,650 | ⚠ HOST DOMINANCE DETECTED
2026-05-29 22:46:28,651 | ⚠ POSSIBLE PORT SCAN DETECTED
2026-05-29 22:46:28,846 | ⚠ HOST DOMINANCE DETECTED
2026-05-29 22:46:28,846 | ⚠ POSSIBLE PORT SCAN DETECTED
2026-05-29 22:46:29,169 | ⚠ HOST DOMINANCE DETECTED
2026-05-29 22:46:29,171 | ⚠ POSSIBLE PORT SCAN DETECTED
2026-05-29 22:46:29,848 | ⚠ HOST DOMINANCE DETECTED
2026-05-29 22:46:29,848 | ⚠ POSSIBLE PORT SCAN DETECTED
2026-05-29 22:46:29,964 | ⚠ HOST DOMINANCE DETECTED
2026-05-29 22:46:29,964 | ⚠ POSSIBLE PORT SCAN DETECTED
2026-05-29 22:46:30,174 | ⚠ HOST DOMINANCE DETECTED
2026-05-29 22:46:30,174 | ⚠ POSSIBLE PORT SCAN DETECTED
2026-05-29 22:46:30,596 | ⚠ HOST DOMINANCE DETECTED
2026-05-29 22:46:30,597 | ⚠ POSSIBLE PORT SCAN DETECTED
2026-05-29 22:46:30,852 | ⚠ HOST DOMINANCE DETECTED
2026-05-29 22:46:30,852 | ⚠ POSSIBLE PORT SCAN DETECTED
2026-05-29 22:46:31,177 | ⚠ HOST DOMINANCE DETECTED
2026-05-29 22:46:31,178 | ⚠ POSSIBLE PORT SCAN DETECTED
2026-05-29 22:46:31,855 | ⚠ HOST DOMINANCE DETECTED
2026-05-29 22:46:31,856 | ⚠ POSSIBLE PORT SCAN DETECTED
2026-05-29 22:46:32,181 | ⚠ HOST DOMINANCE DETECTED
2026-05-29 22:46:32,181 | ⚠ POSSIBLE PORT SCAN DETECTED
2026-05-29 22:46:32,858 | ⚠ HOST DOMINANCE DETECTED
2026-05-29 22:46:32,858 | ⚠ POSSIBLE PORT SCAN DETECTED
2026-05-29 22:46:33,184 | ⚠ HOST DOMINANCE DETECTED
2026-05-29 22:46:33,185 | ⚠ POSSIBLE PORT SCAN DETECTED
2026-05-29 22:46:33,861 | ⚠ HOST DOMINANCE DETECTED
2026-05-29 22:46:33,862 | ⚠ POSSIBLE PORT SCAN DETECTED
2026-05-29 22:46:34,188 | ⚠ HOST DOMINANCE DETECTED
2026-05-29 22:46:34,189 | ⚠ POSSIBLE PORT SCAN DETECTED
2026-05-29 22:46:34,864 | ⚠ HOST DOMINANCE DETECTED
2026-05-29 22:46:34,864 | ⚠ POSSIBLE PORT SCAN DETECTED
2026-05-29 22:46:34,970 | ⚠ HOST DOMINANCE DETECTED
2026-05-29 22:46:34,970 | ⚠ POSSIBLE PORT SCAN DETECTED
2026-05-29 22:46:35,191 | ⚠ HOST DOMINANCE DETECTED
2026-05-29 22:46:35,191 | ⚠ POSSIBLE PORT SCAN DETECTED
2026-05-29 22:46:35,606 | ⚠ HOST DOMINANCE DETECTED
2026-05-29 22:46:35,607 | ⚠ POSSIBLE PORT SCAN DETECTED
2026-05-29 22:46:35,867 | ⚠ HOST DOMINANCE DETECTED
2026-05-29 22:46:35,867 | ⚠ POSSIBLE PORT SCAN DETECTED
2026-05-29 22:46:36,194 | ⚠ HOST DOMINANCE DETECTED
2026-05-29 22:46:36,194 | ⚠ POSSIBLE PORT SCAN DETECTED
2026-05-29 22:46:36,870 | ⚠ HOST DOMINANCE DETECTED
2026-05-29 22:46:36,870 | ⚠ POSSIBLE PORT SCAN DETECTED
2026-05-29 22:46:37,196 | ⚠ HOST DOMINANCE DETECTED
2026-05-29 22:46:37,197 | ⚠ POSSIBLE PORT SCAN DETECTED
2026-05-29 22:46:37,872 | ⚠ HOST DOMINANCE DETECTED
2026-05-29 22:46:37,872 | ⚠ POSSIBLE PORT SCAN DETECTED
2026-05-29 22:46:38,199 | ⚠ HOST DOMINANCE DETECTED
2026-05-29 22:46:38,199 | ⚠ POSSIBLE PORT SCAN DETECTED
2026-05-29 22:46:38,874 | ⚠ HOST DOMINANCE DETECTED
2026-05-29 22:46:38,874 | ⚠ POSSIBLE PORT SCAN DETECTED
2026-05-29 22:46:39,201 | ⚠ HOST DOMINANCE DETECTED
2026-05-29 22:46:39,202 | ⚠ POSSIBLE PORT SCAN DETECTED
2026-05-29 22:46:39,877 | ⚠ HOST DOMINANCE DETECTED
2026-05-29 22:46:39,877 | ⚠ POSSIBLE PORT SCAN DETECTED
2026-05-29 22:46:39,972 | ⚠ HOST DOMINANCE DETECTED
2026-05-29 22:46:39,972 | ⚠ POSSIBLE PORT SCAN DETECTED
2026-05-29 22:46:40,204 | ⚠ HOST DOMINANCE DETECTED
2026-05-29 22:46:40,204 | ⚠ POSSIBLE PORT SCAN DETECTED
2026-05-29 22:46:40,617 | ⚠ HOST DOMINANCE DETECTED
2026-05-29 22:46:40,618 | ⚠ POSSIBLE PORT SCAN DETECTED
2026-05-29 22:46:40,687 | ⚠ HOST DOMINANCE DETECTED
2026-05-29 22:46:40,688 | ⚠ POSSIBLE PORT SCAN DETECTED
2026-05-29 22:46:40,879 | ⚠ HOST DOMINANCE DETECTED
2026-05-29 22:46:40,879 | ⚠ POSSIBLE PORT SCAN DETECTED
2026-05-29 22:46:41,206 | ⚠ HOST DOMINANCE DETECTED
2026-05-29 22:46:41,206 | ⚠ POSSIBLE PORT SCAN DETECTED
2026-05-29 22:46:41,880 | ⚠ HOST DOMINANCE DETECTED
2026-05-29 22:46:41,881 | ⚠ POSSIBLE PORT SCAN DETECTED
2026-05-29 22:46:42,207 | ⚠ HOST DOMINANCE DETECTED
2026-05-29 22:46:42,207 | ⚠ POSSIBLE PORT SCAN DETECTED
2026-05-29 22:46:42,883 | ⚠ HOST DOMINANCE DETECTED
2026-05-29 22:46:42,883 | ⚠ POSSIBLE PORT SCAN DETECTED
2026-05-29 22:46:43,209 | ⚠ HOST DOMINANCE DETECTED
2026-05-29 22:46:43,209 | ⚠ POSSIBLE PORT SCAN DETECTED
2026-05-29 22:46:43,885 | ⚠ HOST DOMINANCE DETECTED
2026-05-29 22:46:43,886 | ⚠ POSSIBLE PORT SCAN DETECTED
2026-05-29 22:46:44,212 | ⚠ HOST DOMINANCE DETECTED
2026-05-29 22:46:44,212 | ⚠ POSSIBLE PORT SCAN DETECTED
2026-05-29 22:46:44,888 | ⚠ HOST DOMINANCE DETECTED
2026-05-29 22:46:44,888 | ⚠ POSSIBLE PORT SCAN DETECTED
2026-05-29 22:46:44,978 | ⚠ HOST DOMINANCE DETECTED
2026-05-29 22:46:44,978 | ⚠ POSSIBLE PORT SCAN DETECTED
2026-05-29 22:46:45,215 | ⚠ HOST DOMINANCE DETECTED
2026-05-29 22:46:45,215 | ⚠ POSSIBLE PORT SCAN DETECTED
2026-05-29 22:46:45,625 | ⚠ HOST DOMINANCE DETECTED
2026-05-29 22:46:45,626 | ⚠ POSSIBLE PORT SCAN DETECTED
2026-05-29 22:46:45,890 | ⚠ HOST DOMINANCE DETECTED
2026-05-29 22:46:45,890 | ⚠ POSSIBLE PORT SCAN DETECTED
2026-05-29 22:46:46,222 | ⚠ HOST DOMINANCE DETECTED
2026-05-29 22:46:46,223 | ⚠ POSSIBLE PORT SCAN DETECTED
2026-05-29 22:46:46,893 | ⚠ HOST DOMINANCE DETECTED
2026-05-29 22:46:46,893 | ⚠ POSSIBLE PORT SCAN DETECTED
2026-05-29 22:46:47,225 | ⚠ HOST DOMINANCE DETECTED
2026-05-29 22:46:47,225 | ⚠ POSSIBLE PORT SCAN DETECTED
2026-05-29 22:46:47,896 | ⚠ HOST DOMINANCE DETECTED
2026-05-29 22:46:47,896 | ⚠ POSSIBLE PORT SCAN DETECTED
2026-05-29 22:46:48,228 | ⚠ HOST DOMINANCE DETECTED
2026-05-29 22:46:48,228 | ⚠ POSSIBLE PORT SCAN DETECTED
2026-05-29 22:46:48,900 | ⚠ HOST DOMINANCE DETECTED
2026-05-29 22:46:48,901 | ⚠ POSSIBLE PORT SCAN DETECTED
2026-05-29 22:46:49,231 | ⚠ HOST DOMINANCE DETECTED
2026-05-29 22:46:49,231 | ⚠ POSSIBLE PORT SCAN DETECTED
2026-05-29 22:46:49,903 | ⚠ HOST DOMINANCE DETECTED
2026-05-29 22:46:49,903 | ⚠ POSSIBLE PORT SCAN DETECTED
2026-05-29 22:46:49,984 | ⚠ HOST DOMINANCE DETECTED
2026-05-29 22:46:49,984 | ⚠ POSSIBLE PORT SCAN DETECTED
2026-05-29 22:46:50,233 | ⚠ HOST DOMINANCE DETECTED
2026-05-29 22:46:50,234 | ⚠ POSSIBLE PORT SCAN DETECTED
2026-05-29 22:46:50,634 | ⚠ HOST DOMINANCE DETECTED
2026-05-29 22:46:50,634 | ⚠ POSSIBLE PORT SCAN DETECTED
2026-05-29 22:46:50,905 | ⚠ HOST DOMINANCE DETECTED
2026-05-29 22:46:50,905 | ⚠ POSSIBLE PORT SCAN DETECTED
2026-05-29 22:46:51,236 | ⚠ HOST DOMINANCE DETECTED
2026-05-29 22:46:51,236 | ⚠ POSSIBLE PORT SCAN DETECTED
2026-05-29 22:46:51,907 | ⚠ HOST DOMINANCE DETECTED
2026-05-29 22:46:51,909 | ⚠ POSSIBLE PORT SCAN DETECTED
2026-05-29 22:46:52,238 | ⚠ HOST DOMINANCE DETECTED
2026-05-29 22:46:52,239 | ⚠ POSSIBLE PORT SCAN DETECTED
2026-05-29 22:46:52,912 | ⚠ HOST DOMINANCE DETECTED
2026-05-29 22:46:52,912 | ⚠ POSSIBLE PORT SCAN DETECTED
2026-05-29 22:46:53,241 | ⚠ HOST DOMINANCE DETECTED
2026-05-29 22:46:53,242 | ⚠ POSSIBLE PORT SCAN DETECTED
2026-05-29 22:46:53,914 | ⚠ HOST DOMINANCE DETECTED
2026-05-29 22:46:53,914 | ⚠ POSSIBLE PORT SCAN DETECTED
2026-05-29 22:46:54,245 | ⚠ HOST DOMINANCE DETECTED
2026-05-29 22:46:54,246 | ⚠ POSSIBLE PORT SCAN DETECTED
2026-05-29 22:46:54,916 | ⚠ HOST DOMINANCE DETECTED
2026-05-29 22:46:54,917 | ⚠ POSSIBLE PORT SCAN DETECTED
2026-05-29 22:46:54,990 | ⚠ HOST DOMINANCE DETECTED
2026-05-29 22:46:54,990 | ⚠ POSSIBLE PORT SCAN DETECTED
2026-05-29 22:46:55,248 | ⚠ HOST DOMINANCE DETECTED
2026-05-29 22:46:55,248 | ⚠ POSSIBLE PORT SCAN DETECTED
2026-05-29 22:46:55,658 | ⚠ HOST DOMINANCE DETECTED
2026-05-29 22:46:55,660 | ⚠ POSSIBLE PORT SCAN DETECTED
2026-05-29 22:46:55,918 | ⚠ HOST DOMINANCE DETECTED
2026-05-29 22:46:55,918 | ⚠ POSSIBLE PORT SCAN DETECTED
2026-05-29 22:46:56,250 | ⚠ HOST DOMINANCE DETECTED
2026-05-29 22:46:56,250 | ⚠ POSSIBLE PORT SCAN DETECTED
2026-05-29 22:46:56,921 | ⚠ HOST DOMINANCE DETECTED
2026-05-29 22:46:56,921 | ⚠ POSSIBLE PORT SCAN DETECTED
2026-05-29 22:46:57,252 | ⚠ HOST DOMINANCE DETECTED
2026-05-29 22:46:57,253 | ⚠ POSSIBLE PORT SCAN DETECTED
2026-05-29 22:46:57,923 | ⚠ HOST DOMINANCE DETECTED
2026-05-29 22:46:57,924 | ⚠ POSSIBLE PORT SCAN DETECTED
2026-05-29 22:46:58,254 | ⚠ HOST DOMINANCE DETECTED
2026-05-29 22:46:58,255 | ⚠ POSSIBLE PORT SCAN DETECTED
2026-05-29 22:46:58,927 | ⚠ HOST DOMINANCE DETECTED
2026-05-29 22:46:58,928 | ⚠ POSSIBLE PORT SCAN DETECTED
2026-05-29 22:46:58,998 | ⚠ HOST DOMINANCE DETECTED
2026-05-29 22:46:58,998 | ⚠ POSSIBLE PORT SCAN DETECTED
2026-05-29 22:46:59,256 | ⚠ HOST DOMINANCE DETECTED
2026-05-29 22:46:59,256 | ⚠ POSSIBLE PORT SCAN DETECTED
2026-05-29 22:46:59,930 | ⚠ HOST DOMINANCE DETECTED
2026-05-29 22:46:59,930 | ⚠ POSSIBLE PORT SCAN DETECTED
2026-05-29 22:46:59,996 | ⚠ HOST DOMINANCE DETECTED
2026-05-29 22:46:59,997 | ⚠ POSSIBLE PORT SCAN DETECTED
2026-05-29 22:47:00,258 | ⚠ HOST DOMINANCE DETECTED
2026-05-29 22:47:00,258 | ⚠ POSSIBLE PORT SCAN DETECTED
2026-05-29 22:47:00,668 | ⚠ HOST DOMINANCE DETECTED
2026-05-29 22:47:00,668 | ⚠ POSSIBLE PORT SCAN DETECTED
2026-05-29 22:47:00,932 | ⚠ HOST DOMINANCE DETECTED
2026-05-29 22:47:00,933 | ⚠ POSSIBLE PORT SCAN DETECTED
2026-05-29 22:47:01,259 | ⚠ HOST DOMINANCE DETECTED
2026-05-29 22:47:01,260 | ⚠ POSSIBLE PORT SCAN DETECTED
2026-05-29 22:47:01,936 | ⚠ HOST DOMINANCE DETECTED
2026-05-29 22:47:01,936 | ⚠ POSSIBLE PORT SCAN DETECTED
2026-05-29 22:47:02,261 | ⚠ HOST DOMINANCE DETECTED
2026-05-29 22:47:02,261 | ⚠ POSSIBLE PORT SCAN DETECTED
2026-05-29 22:47:02,939 | ⚠ HOST DOMINANCE DETECTED
2026-05-29 22:47:02,940 | ⚠ POSSIBLE PORT SCAN DETECTED
2026-05-29 22:47:03,264 | ⚠ HOST DOMINANCE DETECTED
2026-05-29 22:47:03,264 | ⚠ POSSIBLE PORT SCAN DETECTED
2026-05-29 22:47:03,942 | ⚠ HOST DOMINANCE DETECTED
2026-05-29 22:47:03,943 | ⚠ POSSIBLE PORT SCAN DETECTED
2026-05-29 22:47:04,266 | ⚠ HOST DOMINANCE DETECTED
2026-05-29 22:47:04,266 | ⚠ POSSIBLE PORT SCAN DETECTED
2026-05-29 22:47:04,944 | ⚠ HOST DOMINANCE DETECTED
2026-05-29 22:47:04,945 | ⚠ POSSIBLE PORT SCAN DETECTED
2026-05-29 22:47:05,000 | ⚠ HOST DOMINANCE DETECTED
2026-05-29 22:47:05,000 | ⚠ POSSIBLE PORT SCAN DETECTED
2026-05-29 22:47:05,267 | ⚠ HOST DOMINANCE DETECTED
2026-05-29 22:47:05,267 | ⚠ POSSIBLE PORT SCAN DETECTED
2026-05-29 22:47:05,673 | ⚠ HOST DOMINANCE DETECTED
2026-05-29 22:47:05,673 | ⚠ POSSIBLE PORT SCAN DETECTED
2026-05-29 22:47:05,946 | ⚠ HOST DOMINANCE DETECTED
2026-05-29 22:47:05,946 | ⚠ POSSIBLE PORT SCAN DETECTED
2026-05-29 22:47:06,269 | ⚠ HOST DOMINANCE DETECTED
2026-05-29 22:47:06,269 | ⚠ POSSIBLE PORT SCAN DETECTED
2026-05-29 22:47:06,948 | ⚠ HOST DOMINANCE DETECTED
2026-05-29 22:47:06,948 | ⚠ POSSIBLE PORT SCAN DETECTED
2026-05-29 22:47:07,271 | ⚠ HOST DOMINANCE DETECTED
2026-05-29 22:47:07,271 | ⚠ POSSIBLE PORT SCAN DETECTED
2026-05-29 22:47:07,951 | ⚠ HOST DOMINANCE DETECTED
2026-05-29 22:47:07,951 | ⚠ POSSIBLE PORT SCAN DETECTED
2026-05-29 22:47:08,273 | ⚠ HOST DOMINANCE DETECTED
2026-05-29 22:47:08,273 | ⚠ POSSIBLE PORT SCAN DETECTED
2026-05-29 22:47:08,954 | ⚠ HOST DOMINANCE DETECTED
2026-05-29 22:47:08,955 | ⚠ POSSIBLE PORT SCAN DETECTED
2026-05-29 22:47:09,275 | ⚠ HOST DOMINANCE DETECTED
2026-05-29 22:47:09,275 | ⚠ POSSIBLE PORT SCAN DETECTED
2026-05-29 22:47:09,957 | ⚠ HOST DOMINANCE DETECTED
2026-05-29 22:47:09,957 | ⚠ POSSIBLE PORT SCAN DETECTED
2026-05-29 22:47:10,006 | ⚠ HOST DOMINANCE DETECTED
2026-05-29 22:47:10,006 | ⚠ POSSIBLE PORT SCAN DETECTED
2026-05-29 22:47:10,276 | ⚠ HOST DOMINANCE DETECTED
2026-05-29 22:47:10,277 | ⚠ POSSIBLE PORT SCAN DETECTED
2026-05-29 22:47:10,683 | ⚠ HOST DOMINANCE DETECTED
2026-05-29 22:47:10,683 | ⚠ POSSIBLE PORT SCAN DETECTED
2026-05-29 22:47:10,958 | ⚠ HOST DOMINANCE DETECTED
2026-05-29 22:47:10,958 | ⚠ POSSIBLE PORT SCAN DETECTED
2026-05-29 22:47:11,208 | ⚠ HOST DOMINANCE DETECTED
2026-05-29 22:47:11,208 | ⚠ POSSIBLE PORT SCAN DETECTED
2026-05-29 22:47:11,278 | ⚠ HOST DOMINANCE DETECTED
2026-05-29 22:47:11,278 | ⚠ POSSIBLE PORT SCAN DETECTED
2026-05-29 22:47:11,960 | ⚠ HOST DOMINANCE DETECTED
2026-05-29 22:47:11,960 | ⚠ POSSIBLE PORT SCAN DETECTED
2026-05-29 22:47:12,280 | ⚠ HOST DOMINANCE DETECTED
2026-05-29 22:47:12,280 | ⚠ POSSIBLE PORT SCAN DETECTED
2026-05-29 22:47:12,965 | ⚠ HOST DOMINANCE DETECTED
2026-05-29 22:47:12,965 | ⚠ POSSIBLE PORT SCAN DETECTED
2026-05-29 22:47:13,282 | ⚠ HOST DOMINANCE DETECTED
2026-05-29 22:47:13,282 | ⚠ POSSIBLE PORT SCAN DETECTED
2026-05-29 22:47:13,968 | ⚠ HOST DOMINANCE DETECTED
2026-05-29 22:47:13,968 | ⚠ POSSIBLE PORT SCAN DETECTED
2026-05-29 22:47:14,284 | ⚠ HOST DOMINANCE DETECTED
2026-05-29 22:47:14,285 | ⚠ POSSIBLE PORT SCAN DETECTED
2026-05-29 22:47:14,970 | ⚠ HOST DOMINANCE DETECTED
2026-05-29 22:47:14,970 | ⚠ POSSIBLE PORT SCAN DETECTED
2026-05-29 22:47:15,012 | ⚠ HOST DOMINANCE DETECTED
2026-05-29 22:47:15,012 | ⚠ POSSIBLE PORT SCAN DETECTED
2026-05-29 22:47:15,287 | ⚠ HOST DOMINANCE DETECTED
2026-05-29 22:47:15,287 | ⚠ POSSIBLE PORT SCAN DETECTED
2026-05-29 22:47:15,692 | ⚠ HOST DOMINANCE DETECTED
2026-05-29 22:47:15,692 | ⚠ POSSIBLE PORT SCAN DETECTED
2026-05-29 22:47:15,971 | ⚠ HOST DOMINANCE DETECTED
2026-05-29 22:47:15,971 | ⚠ POSSIBLE PORT SCAN DETECTED
2026-05-29 22:47:16,288 | ⚠ HOST DOMINANCE DETECTED
2026-05-29 22:47:16,288 | ⚠ POSSIBLE PORT SCAN DETECTED
2026-05-29 22:47:16,974 | ⚠ HOST DOMINANCE DETECTED
2026-05-29 22:47:16,975 | ⚠ POSSIBLE PORT SCAN DETECTED
2026-05-29 22:47:17,290 | ⚠ HOST DOMINANCE DETECTED
2026-05-29 22:47:17,290 | ⚠ POSSIBLE PORT SCAN DETECTED
2026-05-29 22:47:17,978 | ⚠ HOST DOMINANCE DETECTED
2026-05-29 22:47:17,978 | ⚠ POSSIBLE PORT SCAN DETECTED
2026-05-29 22:47:18,293 | ⚠ HOST DOMINANCE DETECTED
2026-05-29 22:47:18,293 | ⚠ POSSIBLE PORT SCAN DETECTED
2026-05-29 22:47:18,980 | ⚠ HOST DOMINANCE DETECTED
2026-05-29 22:47:18,981 | ⚠ POSSIBLE PORT SCAN DETECTED
2026-05-29 22:47:19,296 | ⚠ HOST DOMINANCE DETECTED
2026-05-29 22:47:19,296 | ⚠ POSSIBLE PORT SCAN DETECTED
2026-05-29 22:47:19,983 | ⚠ HOST DOMINANCE DETECTED
2026-05-29 22:47:19,983 | ⚠ POSSIBLE PORT SCAN DETECTED
2026-05-29 22:47:20,018 | ⚠ HOST DOMINANCE DETECTED
2026-05-29 22:47:20,018 | ⚠ POSSIBLE PORT SCAN DETECTED
2026-05-29 22:47:20,298 | ⚠ HOST DOMINANCE DETECTED
2026-05-29 22:47:20,298 | ⚠ POSSIBLE PORT SCAN DETECTED
2026-05-29 22:47:20,698 | ⚠ HOST DOMINANCE DETECTED
2026-05-29 22:47:20,699 | ⚠ POSSIBLE PORT SCAN DETECTED
2026-05-29 22:47:20,984 | ⚠ HOST DOMINANCE DETECTED
2026-05-29 22:47:20,985 | ⚠ POSSIBLE PORT SCAN DETECTED
2026-05-29 22:47:21,300 | ⚠ HOST DOMINANCE DETECTED
2026-05-29 22:47:21,300 | ⚠ POSSIBLE PORT SCAN DETECTED
2026-05-29 22:47:21,987 | ⚠ HOST DOMINANCE DETECTED
2026-05-29 22:47:21,987 | ⚠ POSSIBLE PORT SCAN DETECTED
2026-05-29 22:47:22,302 | ⚠ HOST DOMINANCE DETECTED
2026-05-29 22:47:22,303 | ⚠ POSSIBLE PORT SCAN DETECTED
2026-05-29 22:47:22,990 | ⚠ HOST DOMINANCE DETECTED
2026-05-29 22:47:22,991 | ⚠ POSSIBLE PORT SCAN DETECTED
2026-05-29 22:47:23,306 | ⚠ HOST DOMINANCE DETECTED
2026-05-29 22:47:23,307 | ⚠ POSSIBLE PORT SCAN DETECTED
2026-05-29 22:47:23,993 | ⚠ HOST DOMINANCE DETECTED
2026-05-29 22:47:23,994 | ⚠ POSSIBLE PORT SCAN DETECTED
2026-05-29 22:47:24,309 | ⚠ HOST DOMINANCE DETECTED
2026-05-29 22:47:24,310 | ⚠ POSSIBLE PORT SCAN DETECTED
2026-05-29 22:47:24,996 | ⚠ HOST DOMINANCE DETECTED
2026-05-29 22:47:24,996 | ⚠ POSSIBLE PORT SCAN DETECTED
2026-05-29 22:47:25,021 | ⚠ HOST DOMINANCE DETECTED
2026-05-29 22:47:25,021 | ⚠ POSSIBLE PORT SCAN DETECTED
2026-05-29 22:47:25,311 | ⚠ HOST DOMINANCE DETECTED
2026-05-29 22:47:25,312 | ⚠ POSSIBLE PORT SCAN DETECTED
2026-05-29 22:47:25,709 | ⚠ HOST DOMINANCE DETECTED
2026-05-29 22:47:25,709 | ⚠ POSSIBLE PORT SCAN DETECTED
2026-05-29 22:47:25,998 | ⚠ HOST DOMINANCE DETECTED
2026-05-29 22:47:25,998 | ⚠ POSSIBLE PORT SCAN DETECTED
2026-05-29 22:47:26,313 | ⚠ HOST DOMINANCE DETECTED
2026-05-29 22:47:26,314 | ⚠ POSSIBLE PORT SCAN DETECTED
2026-05-29 22:47:27,000 | ⚠ HOST DOMINANCE DETECTED
2026-05-29 22:47:27,000 | ⚠ POSSIBLE PORT SCAN DETECTED
2026-05-29 22:47:27,316 | ⚠ HOST DOMINANCE DETECTED
2026-05-29 22:47:27,316 | ⚠ POSSIBLE PORT SCAN DETECTED
2026-05-29 22:47:28,003 | ⚠ HOST DOMINANCE DETECTED
2026-05-29 22:47:28,003 | ⚠ POSSIBLE PORT SCAN DETECTED
2026-05-29 22:47:28,319 | ⚠ HOST DOMINANCE DETECTED
2026-05-29 22:47:28,319 | ⚠ POSSIBLE PORT SCAN DETECTED
2026-05-29 22:47:29,006 | ⚠ HOST DOMINANCE DETECTED
2026-05-29 22:47:29,006 | ⚠ POSSIBLE PORT SCAN DETECTED
2026-05-29 22:47:29,320 | ⚠ HOST DOMINANCE DETECTED
2026-05-29 22:47:29,320 | ⚠ POSSIBLE PORT SCAN DETECTED
2026-05-29 22:47:29,339 | ⚠ HOST DOMINANCE DETECTED
2026-05-29 22:47:29,339 | ⚠ POSSIBLE PORT SCAN DETECTED
2026-05-29 22:47:30,008 | ⚠ HOST DOMINANCE DETECTED
2026-05-29 22:47:30,008 | ⚠ POSSIBLE PORT SCAN DETECTED
2026-05-29 22:47:30,027 | ⚠ HOST DOMINANCE DETECTED
2026-05-29 22:47:30,027 | ⚠ POSSIBLE PORT SCAN DETECTED
2026-05-29 22:47:30,321 | ⚠ HOST DOMINANCE DETECTED
2026-05-29 22:47:30,321 | ⚠ POSSIBLE PORT SCAN DETECTED
2026-05-29 22:47:30,717 | ⚠ HOST DOMINANCE DETECTED
2026-05-29 22:47:30,717 | ⚠ POSSIBLE PORT SCAN DETECTED
2026-05-29 22:47:31,009 | ⚠ HOST DOMINANCE DETECTED
2026-05-29 22:47:31,010 | ⚠ POSSIBLE PORT SCAN DETECTED
2026-05-29 22:47:31,323 | ⚠ HOST DOMINANCE DETECTED
2026-05-29 22:47:31,323 | ⚠ POSSIBLE PORT SCAN DETECTED
2026-05-29 22:47:32,012 | ⚠ HOST DOMINANCE DETECTED
2026-05-29 22:47:32,012 | ⚠ POSSIBLE PORT SCAN DETECTED
2026-05-29 22:47:32,325 | ⚠ HOST DOMINANCE DETECTED
2026-05-29 22:47:32,326 | ⚠ POSSIBLE PORT SCAN DETECTED
2026-05-29 22:47:33,013 | ⚠ HOST DOMINANCE DETECTED
2026-05-29 22:47:33,014 | ⚠ POSSIBLE PORT SCAN DETECTED
2026-05-29 22:47:33,327 | ⚠ HOST DOMINANCE DETECTED
2026-05-29 22:47:33,328 | ⚠ POSSIBLE PORT SCAN DETECTED
2026-05-29 22:47:34,015 | ⚠ HOST DOMINANCE DETECTED
2026-05-29 22:47:34,016 | ⚠ POSSIBLE PORT SCAN DETECTED
2026-05-29 22:47:34,330 | ⚠ HOST DOMINANCE DETECTED
2026-05-29 22:47:34,330 | ⚠ POSSIBLE PORT SCAN DETECTED
2026-05-29 22:47:35,017 | ⚠ HOST DOMINANCE DETECTED
2026-05-29 22:47:35,017 | ⚠ POSSIBLE PORT SCAN DETECTED
2026-05-29 22:47:35,030 | ⚠ HOST DOMINANCE DETECTED
2026-05-29 22:47:35,030 | ⚠ POSSIBLE PORT SCAN DETECTED
2026-05-29 22:47:35,332 | ⚠ HOST DOMINANCE DETECTED
2026-05-29 22:47:35,332 | ⚠ POSSIBLE PORT SCAN DETECTED
2026-05-29 22:47:35,725 | ⚠ HOST DOMINANCE DETECTED
2026-05-29 22:47:35,725 | ⚠ POSSIBLE PORT SCAN DETECTED
2026-05-29 22:47:36,019 | ⚠ HOST DOMINANCE DETECTED
2026-05-29 22:47:36,020 | ⚠ POSSIBLE PORT SCAN DETECTED
2026-05-29 22:47:36,334 | ⚠ HOST DOMINANCE DETECTED
2026-05-29 22:47:36,334 | ⚠ POSSIBLE PORT SCAN DETECTED
2026-05-29 22:47:37,021 | ⚠ HOST DOMINANCE DETECTED
2026-05-29 22:47:37,022 | ⚠ POSSIBLE PORT SCAN DETECTED
2026-05-29 22:47:37,336 | ⚠ HOST DOMINANCE DETECTED
2026-05-29 22:47:37,337 | ⚠ POSSIBLE PORT SCAN DETECTED
2026-05-29 22:47:38,024 | ⚠ HOST DOMINANCE DETECTED
2026-05-29 22:47:38,024 | ⚠ POSSIBLE PORT SCAN DETECTED
2026-05-29 22:47:38,338 | ⚠ HOST DOMINANCE DETECTED
2026-05-29 22:47:38,338 | ⚠ POSSIBLE PORT SCAN DETECTED
2026-05-29 22:47:39,027 | ⚠ HOST DOMINANCE DETECTED
2026-05-29 22:47:39,028 | ⚠ POSSIBLE PORT SCAN DETECTED
2026-05-29 22:47:39,340 | ⚠ HOST DOMINANCE DETECTED
2026-05-29 22:47:39,341 | ⚠ POSSIBLE PORT SCAN DETECTED
2026-05-29 22:47:40,029 | ⚠ HOST DOMINANCE DETECTED
2026-05-29 22:47:40,029 | ⚠ POSSIBLE PORT SCAN DETECTED
2026-05-29 22:47:40,036 | ⚠ HOST DOMINANCE DETECTED
2026-05-29 22:47:40,036 | ⚠ POSSIBLE PORT SCAN DETECTED
2026-05-29 22:47:40,343 | ⚠ HOST DOMINANCE DETECTED
2026-05-29 22:47:40,343 | ⚠ POSSIBLE PORT SCAN DETECTED
2026-05-29 22:47:40,731 | ⚠ HOST DOMINANCE DETECTED
2026-05-29 22:47:40,732 | ⚠ POSSIBLE PORT SCAN DETECTED
2026-05-29 22:47:41,031 | ⚠ HOST DOMINANCE DETECTED
2026-05-29 22:47:41,032 | ⚠ POSSIBLE PORT SCAN DETECTED
2026-05-29 22:47:41,344 | ⚠ HOST DOMINANCE DETECTED
2026-05-29 22:47:41,345 | ⚠ POSSIBLE PORT SCAN DETECTED
2026-05-29 22:47:41,668 | ⚠ HOST DOMINANCE DETECTED
2026-05-29 22:47:41,669 | ⚠ POSSIBLE PORT SCAN DETECTED
2026-05-29 22:47:42,034 | ⚠ HOST DOMINANCE DETECTED
2026-05-29 22:47:42,034 | ⚠ POSSIBLE PORT SCAN DETECTED
2026-05-29 22:47:42,347 | ⚠ HOST DOMINANCE DETECTED
2026-05-29 22:47:42,347 | ⚠ POSSIBLE PORT SCAN DETECTED
2026-05-29 22:47:43,035 | ⚠ HOST DOMINANCE DETECTED
2026-05-29 22:47:43,036 | ⚠ POSSIBLE PORT SCAN DETECTED
2026-05-29 22:47:43,349 | ⚠ HOST DOMINANCE DETECTED
2026-05-29 22:47:43,349 | ⚠ POSSIBLE PORT SCAN DETECTED
2026-05-29 22:47:44,038 | ⚠ HOST DOMINANCE DETECTED
2026-05-29 22:47:44,039 | ⚠ POSSIBLE PORT SCAN DETECTED
2026-05-29 22:47:44,351 | ⚠ HOST DOMINANCE DETECTED
2026-05-29 22:47:44,351 | ⚠ POSSIBLE PORT SCAN DETECTED
2026-05-29 22:47:45,040 | ⚠ HOST DOMINANCE DETECTED
2026-05-29 22:47:45,041 | ⚠ POSSIBLE PORT SCAN DETECTED
2026-05-29 22:47:45,042 | ⚠ HOST DOMINANCE DETECTED
2026-05-29 22:47:45,042 | ⚠ POSSIBLE PORT SCAN DETECTED
2026-05-29 22:47:45,352 | ⚠ HOST DOMINANCE DETECTED
2026-05-29 22:47:45,353 | ⚠ POSSIBLE PORT SCAN DETECTED
2026-05-29 22:47:45,737 | ⚠ HOST DOMINANCE DETECTED
2026-05-29 22:47:45,737 | ⚠ POSSIBLE PORT SCAN DETECTED
2026-05-29 22:47:46,042 | ⚠ HOST DOMINANCE DETECTED
2026-05-29 22:47:46,043 | ⚠ POSSIBLE PORT SCAN DETECTED
2026-05-29 22:47:46,355 | ⚠ HOST DOMINANCE DETECTED
2026-05-29 22:47:46,355 | ⚠ POSSIBLE PORT SCAN DETECTED
2026-05-29 22:47:47,046 | ⚠ HOST DOMINANCE DETECTED
2026-05-29 22:47:47,046 | ⚠ POSSIBLE PORT SCAN DETECTED
2026-05-29 22:47:47,357 | ⚠ HOST DOMINANCE DETECTED
2026-05-29 22:47:47,357 | ⚠ POSSIBLE PORT SCAN DETECTED
2026-05-29 22:47:48,049 | ⚠ HOST DOMINANCE DETECTED
2026-05-29 22:47:48,049 | ⚠ POSSIBLE PORT SCAN DETECTED
2026-05-29 22:47:48,359 | ⚠ HOST DOMINANCE DETECTED
2026-05-29 22:47:48,359 | ⚠ POSSIBLE PORT SCAN DETECTED
2026-05-29 22:47:49,051 | ⚠ HOST DOMINANCE DETECTED
2026-05-29 22:47:49,052 | ⚠ POSSIBLE PORT SCAN DETECTED
2026-05-29 22:47:49,362 | ⚠ HOST DOMINANCE DETECTED
2026-05-29 22:47:49,362 | ⚠ POSSIBLE PORT SCAN DETECTED
2026-05-29 22:47:50,048 | ⚠ HOST DOMINANCE DETECTED
2026-05-29 22:47:50,048 | ⚠ POSSIBLE PORT SCAN DETECTED
2026-05-29 22:47:50,053 | ⚠ HOST DOMINANCE DETECTED
2026-05-29 22:47:50,053 | ⚠ POSSIBLE PORT SCAN DETECTED
2026-05-29 22:47:50,364 | ⚠ HOST DOMINANCE DETECTED
2026-05-29 22:47:50,364 | ⚠ POSSIBLE PORT SCAN DETECTED
2026-05-29 22:47:50,742 | ⚠ HOST DOMINANCE DETECTED
2026-05-29 22:47:50,742 | ⚠ POSSIBLE PORT SCAN DETECTED
2026-05-29 22:47:51,055 | ⚠ HOST DOMINANCE DETECTED
2026-05-29 22:47:51,055 | ⚠ POSSIBLE PORT SCAN DETECTED
2026-05-29 22:47:51,366 | ⚠ HOST DOMINANCE DETECTED
2026-05-29 22:47:51,367 | ⚠ POSSIBLE PORT SCAN DETECTED
2026-05-29 22:47:52,057 | ⚠ HOST DOMINANCE DETECTED
2026-05-29 22:47:52,057 | ⚠ POSSIBLE PORT SCAN DETECTED
2026-05-29 22:47:52,369 | ⚠ HOST DOMINANCE DETECTED
2026-05-29 22:47:52,369 | ⚠ POSSIBLE PORT SCAN DETECTED
2026-05-29 22:47:53,060 | ⚠ HOST DOMINANCE DETECTED
2026-05-29 22:47:53,060 | ⚠ POSSIBLE PORT SCAN DETECTED
2026-05-29 22:47:53,371 | ⚠ HOST DOMINANCE DETECTED
2026-05-29 22:47:53,371 | ⚠ POSSIBLE PORT SCAN DETECTED
2026-05-29 22:47:54,063 | ⚠ HOST DOMINANCE DETECTED
2026-05-29 22:47:54,063 | ⚠ POSSIBLE PORT SCAN DETECTED
2026-05-29 22:47:54,373 | ⚠ HOST DOMINANCE DETECTED
2026-05-29 22:47:54,374 | ⚠ POSSIBLE PORT SCAN DETECTED
2026-05-29 22:47:55,053 | ⚠ HOST DOMINANCE DETECTED
2026-05-29 22:47:55,053 | ⚠ POSSIBLE PORT SCAN DETECTED
2026-05-29 22:47:55,065 | ⚠ HOST DOMINANCE DETECTED
2026-05-29 22:47:55,065 | ⚠ POSSIBLE PORT SCAN DETECTED
2026-05-29 22:47:55,376 | ⚠ HOST DOMINANCE DETECTED
2026-05-29 22:47:55,377 | ⚠ POSSIBLE PORT SCAN DETECTED
2026-05-29 22:47:55,752 | ⚠ HOST DOMINANCE DETECTED
2026-05-29 22:47:55,753 | ⚠ POSSIBLE PORT SCAN DETECTED
2026-05-29 22:47:56,067 | ⚠ HOST DOMINANCE DETECTED
2026-05-29 22:47:56,067 | ⚠ POSSIBLE PORT SCAN DETECTED
2026-05-29 22:47:56,380 | ⚠ HOST DOMINANCE DETECTED
2026-05-29 22:47:56,380 | ⚠ POSSIBLE PORT SCAN DETECTED
2026-05-29 22:47:57,070 | ⚠ HOST DOMINANCE DETECTED
2026-05-29 22:47:57,070 | ⚠ POSSIBLE PORT SCAN DETECTED
2026-05-29 22:47:57,383 | ⚠ HOST DOMINANCE DETECTED
2026-05-29 22:47:57,383 | ⚠ POSSIBLE PORT SCAN DETECTED
2026-05-29 22:47:58,072 | ⚠ HOST DOMINANCE DETECTED
2026-05-29 22:47:58,073 | ⚠ POSSIBLE PORT SCAN DETECTED
2026-05-29 22:47:58,385 | ⚠ HOST DOMINANCE DETECTED
2026-05-29 22:47:58,385 | ⚠ POSSIBLE PORT SCAN DETECTED
2026-05-29 22:47:59,075 | ⚠ HOST DOMINANCE DETECTED
2026-05-29 22:47:59,076 | ⚠ POSSIBLE PORT SCAN DETECTED
2026-05-29 22:47:59,387 | ⚠ HOST DOMINANCE DETECTED
2026-05-29 22:47:59,388 | ⚠ POSSIBLE PORT SCAN DETECTED
2026-05-29 22:47:59,686 | ⚠ HOST DOMINANCE DETECTED
2026-05-29 22:47:59,686 | ⚠ POSSIBLE PORT SCAN DETECTED
2026-05-29 22:48:00,058 | ⚠ HOST DOMINANCE DETECTED
2026-05-29 22:48:00,059 | ⚠ POSSIBLE PORT SCAN DETECTED
2026-05-29 22:48:00,123 | ⚠ HOST DOMINANCE DETECTED
2026-05-29 22:48:00,123 | ⚠ POSSIBLE PORT SCAN DETECTED
2026-05-29 22:48:00,389 | ⚠ HOST DOMINANCE DETECTED
2026-05-29 22:48:00,390 | ⚠ POSSIBLE PORT SCAN DETECTED
2026-05-29 22:48:00,762 | ⚠ HOST DOMINANCE DETECTED
2026-05-29 22:48:00,762 | ⚠ POSSIBLE PORT SCAN DETECTED
2026-05-29 22:48:01,125 | ⚠ HOST DOMINANCE DETECTED
2026-05-29 22:48:01,126 | ⚠ POSSIBLE PORT SCAN DETECTED
2026-05-29 22:48:01,392 | ⚠ HOST DOMINANCE DETECTED
2026-05-29 22:48:01,392 | ⚠ POSSIBLE PORT SCAN DETECTED
2026-05-29 22:48:02,128 | ⚠ HOST DOMINANCE DETECTED
2026-05-29 22:48:02,129 | ⚠ POSSIBLE PORT SCAN DETECTED
2026-05-29 22:48:02,395 | ⚠ HOST DOMINANCE DETECTED
2026-05-29 22:48:02,396 | ⚠ POSSIBLE PORT SCAN DETECTED
2026-05-29 22:48:03,131 | ⚠ HOST DOMINANCE DETECTED
2026-05-29 22:48:03,131 | ⚠ POSSIBLE PORT SCAN DETECTED
2026-05-29 22:48:03,398 | ⚠ HOST DOMINANCE DETECTED
2026-05-29 22:48:03,398 | ⚠ POSSIBLE PORT SCAN DETECTED
2026-05-29 22:48:04,134 | ⚠ HOST DOMINANCE DETECTED
2026-05-29 22:48:04,134 | ⚠ POSSIBLE PORT SCAN DETECTED
2026-05-29 22:48:04,400 | ⚠ HOST DOMINANCE DETECTED
2026-05-29 22:48:04,400 | ⚠ POSSIBLE PORT SCAN DETECTED
2026-05-29 22:48:05,065 | ⚠ HOST DOMINANCE DETECTED
2026-05-29 22:48:05,065 | ⚠ POSSIBLE PORT SCAN DETECTED
2026-05-29 22:48:05,137 | ⚠ HOST DOMINANCE DETECTED
2026-05-29 22:48:05,137 | ⚠ POSSIBLE PORT SCAN DETECTED
2026-05-29 22:48:05,402 | ⚠ HOST DOMINANCE DETECTED
2026-05-29 22:48:05,402 | ⚠ POSSIBLE PORT SCAN DETECTED
2026-05-29 22:48:05,767 | ⚠ HOST DOMINANCE DETECTED
2026-05-29 22:48:05,768 | ⚠ POSSIBLE PORT SCAN DETECTED
2026-05-29 22:48:06,139 | ⚠ HOST DOMINANCE DETECTED
2026-05-29 22:48:06,140 | ⚠ POSSIBLE PORT SCAN DETECTED
2026-05-29 22:48:06,404 | ⚠ HOST DOMINANCE DETECTED
2026-05-29 22:48:06,405 | ⚠ POSSIBLE PORT SCAN DETECTED
2026-05-29 22:48:07,142 | ⚠ HOST DOMINANCE DETECTED
2026-05-29 22:48:07,142 | ⚠ POSSIBLE PORT SCAN DETECTED
2026-05-29 22:48:07,407 | ⚠ HOST DOMINANCE DETECTED
2026-05-29 22:48:07,408 | ⚠ POSSIBLE PORT SCAN DETECTED
2026-05-29 22:48:08,145 | ⚠ HOST DOMINANCE DETECTED
2026-05-29 22:48:08,145 | ⚠ POSSIBLE PORT SCAN DETECTED
2026-05-29 22:48:08,410 | ⚠ HOST DOMINANCE DETECTED
2026-05-29 22:48:08,410 | ⚠ POSSIBLE PORT SCAN DETECTED
2026-05-29 22:48:09,147 | ⚠ HOST DOMINANCE DETECTED
2026-05-29 22:48:09,148 | ⚠ POSSIBLE PORT SCAN DETECTED
2026-05-29 22:48:09,411 | ⚠ HOST DOMINANCE DETECTED
2026-05-29 22:48:09,412 | ⚠ POSSIBLE PORT SCAN DETECTED
2026-05-29 22:48:10,073 | ⚠ HOST DOMINANCE DETECTED
2026-05-29 22:48:10,074 | ⚠ POSSIBLE PORT SCAN DETECTED
2026-05-29 22:48:10,150 | ⚠ HOST DOMINANCE DETECTED
2026-05-29 22:48:10,150 | ⚠ POSSIBLE PORT SCAN DETECTED
2026-05-29 22:48:10,414 | ⚠ HOST DOMINANCE DETECTED
2026-05-29 22:48:10,414 | ⚠ POSSIBLE PORT SCAN DETECTED
2026-05-29 22:48:10,771 | ⚠ HOST DOMINANCE DETECTED
2026-05-29 22:48:10,771 | ⚠ POSSIBLE PORT SCAN DETECTED
2026-05-29 22:48:11,152 | ⚠ HOST DOMINANCE DETECTED
2026-05-29 22:48:11,153 | ⚠ POSSIBLE PORT SCAN DETECTED
2026-05-29 22:48:11,416 | ⚠ HOST DOMINANCE DETECTED
2026-05-29 22:48:11,416 | ⚠ POSSIBLE PORT SCAN DETECTED
2026-05-29 22:48:12,085 | ⚠ HOST DOMINANCE DETECTED
2026-05-29 22:48:12,086 | ⚠ POSSIBLE PORT SCAN DETECTED
2026-05-29 22:48:12,155 | ⚠ HOST DOMINANCE DETECTED
2026-05-29 22:48:12,156 | ⚠ POSSIBLE PORT SCAN DETECTED
2026-05-29 22:48:12,418 | ⚠ HOST DOMINANCE DETECTED
2026-05-29 22:48:12,418 | ⚠ POSSIBLE PORT SCAN DETECTED
2026-05-29 22:48:13,159 | ⚠ HOST DOMINANCE DETECTED
2026-05-29 22:48:13,159 | ⚠ POSSIBLE PORT SCAN DETECTED
2026-05-29 22:48:13,419 | ⚠ HOST DOMINANCE DETECTED
2026-05-29 22:48:13,419 | ⚠ POSSIBLE PORT SCAN DETECTED
2026-05-29 22:48:14,162 | ⚠ HOST DOMINANCE DETECTED
2026-05-29 22:48:14,162 | ⚠ POSSIBLE PORT SCAN DETECTED
2026-05-29 22:48:14,421 | ⚠ HOST DOMINANCE DETECTED
2026-05-29 22:48:14,421 | ⚠ POSSIBLE PORT SCAN DETECTED
2026-05-29 22:48:15,081 | ⚠ HOST DOMINANCE DETECTED
2026-05-29 22:48:15,081 | ⚠ POSSIBLE PORT SCAN DETECTED
2026-05-29 22:48:15,164 | ⚠ HOST DOMINANCE DETECTED
2026-05-29 22:48:15,165 | ⚠ POSSIBLE PORT SCAN DETECTED
2026-05-29 22:48:15,423 | ⚠ HOST DOMINANCE DETECTED
2026-05-29 22:48:15,423 | ⚠ POSSIBLE PORT SCAN DETECTED
2026-05-29 22:48:15,778 | ⚠ HOST DOMINANCE DETECTED
2026-05-29 22:48:15,779 | ⚠ POSSIBLE PORT SCAN DETECTED
2026-05-29 22:48:16,167 | ⚠ HOST DOMINANCE DETECTED
2026-05-29 22:48:16,167 | ⚠ POSSIBLE PORT SCAN DETECTED
2026-05-29 22:48:16,425 | ⚠ HOST DOMINANCE DETECTED
2026-05-29 22:48:16,425 | ⚠ POSSIBLE PORT SCAN DETECTED
2026-05-29 22:48:17,170 | ⚠ HOST DOMINANCE DETECTED
2026-05-29 22:48:17,171 | ⚠ POSSIBLE PORT SCAN DETECTED
2026-05-29 22:48:17,426 | ⚠ HOST DOMINANCE DETECTED
2026-05-29 22:48:17,426 | ⚠ POSSIBLE PORT SCAN DETECTED
2026-05-29 22:48:18,174 | ⚠ HOST DOMINANCE DETECTED
2026-05-29 22:48:18,174 | ⚠ POSSIBLE PORT SCAN DETECTED
2026-05-29 22:48:18,428 | ⚠ HOST DOMINANCE DETECTED
2026-05-29 22:48:18,428 | ⚠ POSSIBLE PORT SCAN DETECTED
2026-05-29 22:48:19,177 | ⚠ HOST DOMINANCE DETECTED
2026-05-29 22:48:19,177 | ⚠ POSSIBLE PORT SCAN DETECTED
2026-05-29 22:48:19,430 | ⚠ HOST DOMINANCE DETECTED
2026-05-29 22:48:19,430 | ⚠ POSSIBLE PORT SCAN DETECTED
2026-05-29 22:48:20,086 | ⚠ HOST DOMINANCE DETECTED
2026-05-29 22:48:20,086 | ⚠ POSSIBLE PORT SCAN DETECTED
2026-05-29 22:48:20,180 | ⚠ HOST DOMINANCE DETECTED
2026-05-29 22:48:20,181 | ⚠ POSSIBLE PORT SCAN DETECTED
2026-05-29 22:48:20,432 | ⚠ HOST DOMINANCE DETECTED
2026-05-29 22:48:20,432 | ⚠ POSSIBLE PORT SCAN DETECTED
2026-05-29 22:48:20,788 | ⚠ HOST DOMINANCE DETECTED
2026-05-29 22:48:20,788 | ⚠ POSSIBLE PORT SCAN DETECTED
2026-05-29 22:48:21,183 | ⚠ HOST DOMINANCE DETECTED
2026-05-29 22:48:21,183 | ⚠ POSSIBLE PORT SCAN DETECTED
2026-05-29 22:48:21,434 | ⚠ HOST DOMINANCE DETECTED
2026-05-29 22:48:21,434 | ⚠ POSSIBLE PORT SCAN DETECTED
2026-05-29 22:48:22,184 | ⚠ HOST DOMINANCE DETECTED
2026-05-29 22:48:22,185 | ⚠ POSSIBLE PORT SCAN DETECTED
2026-05-29 22:48:22,436 | ⚠ HOST DOMINANCE DETECTED
2026-05-29 22:48:22,437 | ⚠ POSSIBLE PORT SCAN DETECTED
2026-05-29 22:48:23,187 | ⚠ HOST DOMINANCE DETECTED
2026-05-29 22:48:23,187 | ⚠ POSSIBLE PORT SCAN DETECTED
2026-05-29 22:48:23,445 | ⚠ HOST DOMINANCE DETECTED
2026-05-29 22:48:23,456 | ⚠ POSSIBLE PORT SCAN DETECTED
2026-05-29 22:48:24,190 | ⚠ HOST DOMINANCE DETECTED
2026-05-29 22:48:24,190 | ⚠ POSSIBLE PORT SCAN DETECTED
2026-05-29 22:48:24,463 | ⚠ HOST DOMINANCE DETECTED
2026-05-29 22:48:24,463 | ⚠ POSSIBLE PORT SCAN DETECTED
2026-05-29 22:48:25,092 | ⚠ HOST DOMINANCE DETECTED
2026-05-29 22:48:25,092 | ⚠ POSSIBLE PORT SCAN DETECTED
2026-05-29 22:48:25,192 | ⚠ HOST DOMINANCE DETECTED
2026-05-29 22:48:25,192 | ⚠ POSSIBLE PORT SCAN DETECTED
2026-05-29 22:48:25,465 | ⚠ HOST DOMINANCE DETECTED
2026-05-29 22:48:25,466 | ⚠ POSSIBLE PORT SCAN DETECTED
2026-05-29 22:48:25,795 | ⚠ HOST DOMINANCE DETECTED
2026-05-29 22:48:25,796 | ⚠ POSSIBLE PORT SCAN DETECTED
2026-05-29 22:48:26,194 | ⚠ HOST DOMINANCE DETECTED
2026-05-29 22:48:26,194 | ⚠ POSSIBLE PORT SCAN DETECTED
2026-05-29 22:48:26,467 | ⚠ HOST DOMINANCE DETECTED
2026-05-29 22:48:26,467 | ⚠ POSSIBLE PORT SCAN DETECTED
2026-05-29 22:48:27,197 | ⚠ HOST DOMINANCE DETECTED
2026-05-29 22:48:27,197 | ⚠ POSSIBLE PORT SCAN DETECTED
2026-05-29 22:48:27,470 | ⚠ HOST DOMINANCE DETECTED
2026-05-29 22:48:27,470 | ⚠ POSSIBLE PORT SCAN DETECTED
2026-05-29 22:48:28,199 | ⚠ HOST DOMINANCE DETECTED
2026-05-29 22:48:28,199 | ⚠ POSSIBLE PORT SCAN DETECTED
2026-05-29 22:48:28,473 | ⚠ HOST DOMINANCE DETECTED
2026-05-29 22:48:28,473 | ⚠ POSSIBLE PORT SCAN DETECTED
2026-05-29 22:48:29,202 | ⚠ HOST DOMINANCE DETECTED
2026-05-29 22:48:29,202 | ⚠ POSSIBLE PORT SCAN DETECTED
2026-05-29 22:48:29,475 | ⚠ HOST DOMINANCE DETECTED
2026-05-29 22:48:29,476 | ⚠ POSSIBLE PORT SCAN DETECTED
2026-05-29 22:48:30,026 | ⚠ HOST DOMINANCE DETECTED
2026-05-29 22:48:30,027 | ⚠ POSSIBLE PORT SCAN DETECTED
2026-05-29 22:48:30,098 | ⚠ HOST DOMINANCE DETECTED
2026-05-29 22:48:30,098 | ⚠ POSSIBLE PORT SCAN DETECTED
2026-05-29 22:48:30,205 | ⚠ HOST DOMINANCE DETECTED
2026-05-29 22:48:30,205 | ⚠ POSSIBLE PORT SCAN DETECTED
2026-05-29 22:48:30,477 | ⚠ HOST DOMINANCE DETECTED
2026-05-29 22:48:30,477 | ⚠ POSSIBLE PORT SCAN DETECTED
2026-05-29 22:48:30,801 | ⚠ HOST DOMINANCE DETECTED
2026-05-29 22:48:30,801 | ⚠ POSSIBLE PORT SCAN DETECTED
2026-05-29 22:48:31,206 | ⚠ HOST DOMINANCE DETECTED
2026-05-29 22:48:31,207 | ⚠ POSSIBLE PORT SCAN DETECTED
2026-05-29 22:48:31,479 | ⚠ HOST DOMINANCE DETECTED
2026-05-29 22:48:31,480 | ⚠ POSSIBLE PORT SCAN DETECTED
2026-05-29 22:48:32,210 | ⚠ HOST DOMINANCE DETECTED
2026-05-29 22:48:32,210 | ⚠ POSSIBLE PORT SCAN DETECTED
2026-05-29 22:48:32,482 | ⚠ HOST DOMINANCE DETECTED
2026-05-29 22:48:32,483 | ⚠ POSSIBLE PORT SCAN DETECTED
2026-05-29 22:48:33,261 | ⚠ HOST DOMINANCE DETECTED
2026-05-29 22:48:33,261 | ⚠ POSSIBLE PORT SCAN DETECTED
2026-05-29 22:48:33,485 | ⚠ HOST DOMINANCE DETECTED
2026-05-29 22:48:33,486 | ⚠ POSSIBLE PORT SCAN DETECTED
2026-05-29 22:48:34,290 | ⚠ HOST DOMINANCE DETECTED
2026-05-29 22:48:34,290 | ⚠ POSSIBLE PORT SCAN DETECTED
2026-05-29 22:48:34,488 | ⚠ HOST DOMINANCE DETECTED
2026-05-29 22:48:34,488 | ⚠ POSSIBLE PORT SCAN DETECTED
2026-05-29 22:48:35,105 | ⚠ HOST DOMINANCE DETECTED
2026-05-29 22:48:35,105 | ⚠ POSSIBLE PORT SCAN DETECTED
2026-05-29 22:48:35,293 | ⚠ HOST DOMINANCE DETECTED
2026-05-29 22:48:35,293 | ⚠ POSSIBLE PORT SCAN DETECTED
2026-05-29 22:48:35,490 | ⚠ HOST DOMINANCE DETECTED
2026-05-29 22:48:35,490 | ⚠ POSSIBLE PORT SCAN DETECTED
2026-05-29 22:48:35,812 | ⚠ HOST DOMINANCE DETECTED
2026-05-29 22:48:35,813 | ⚠ POSSIBLE PORT SCAN DETECTED
2026-05-29 22:48:36,296 | ⚠ HOST DOMINANCE DETECTED
2026-05-29 22:48:36,296 | ⚠ POSSIBLE PORT SCAN DETECTED
2026-05-29 22:48:36,493 | ⚠ HOST DOMINANCE DETECTED
2026-05-29 22:48:36,493 | ⚠ POSSIBLE PORT SCAN DETECTED
2026-05-29 22:48:37,299 | ⚠ HOST DOMINANCE DETECTED
2026-05-29 22:48:37,300 | ⚠ POSSIBLE PORT SCAN DETECTED
2026-05-29 22:48:37,495 | ⚠ HOST DOMINANCE DETECTED
2026-05-29 22:48:37,496 | ⚠ POSSIBLE PORT SCAN DETECTED
2026-05-29 22:48:38,303 | ⚠ HOST DOMINANCE DETECTED
2026-05-29 22:48:38,304 | ⚠ POSSIBLE PORT SCAN DETECTED
2026-05-29 22:48:38,498 | ⚠ HOST DOMINANCE DETECTED
2026-05-29 22:48:38,498 | ⚠ POSSIBLE PORT SCAN DETECTED
2026-05-29 22:48:39,350 | ⚠ HOST DOMINANCE DETECTED
2026-05-29 22:48:39,363 | ⚠ POSSIBLE PORT SCAN DETECTED
2026-05-29 22:48:39,501 | ⚠ HOST DOMINANCE DETECTED
2026-05-29 22:48:39,501 | ⚠ POSSIBLE PORT SCAN DETECTED
2026-05-29 22:48:40,111 | ⚠ HOST DOMINANCE DETECTED
2026-05-29 22:48:40,112 | ⚠ POSSIBLE PORT SCAN DETECTED
2026-05-29 22:48:40,369 | ⚠ HOST DOMINANCE DETECTED
2026-05-29 22:48:40,369 | ⚠ POSSIBLE PORT SCAN DETECTED
2026-05-29 22:48:40,503 | ⚠ HOST DOMINANCE DETECTED
2026-05-29 22:48:40,503 | ⚠ POSSIBLE PORT SCAN DETECTED
2026-05-29 22:48:40,822 | ⚠ HOST DOMINANCE DETECTED
2026-05-29 22:48:40,822 | ⚠ POSSIBLE PORT SCAN DETECTED
2026-05-29 22:48:41,371 | ⚠ HOST DOMINANCE DETECTED
2026-05-29 22:48:41,371 | ⚠ POSSIBLE PORT SCAN DETECTED
2026-05-29 22:48:41,505 | ⚠ HOST DOMINANCE DETECTED
2026-05-29 22:48:41,505 | ⚠ POSSIBLE PORT SCAN DETECTED
2026-05-29 22:48:42,373 | ⚠ HOST DOMINANCE DETECTED
2026-05-29 22:48:42,373 | ⚠ POSSIBLE PORT SCAN DETECTED
2026-05-29 22:48:42,507 | ⚠ HOST DOMINANCE DETECTED
2026-05-29 22:48:42,515 | ⚠ POSSIBLE PORT SCAN DETECTED
2026-05-29 22:48:42,523 | ⚠ HOST DOMINANCE DETECTED
2026-05-29 22:48:42,525 | ⚠ POSSIBLE PORT SCAN DETECTED
2026-05-29 22:48:43,375 | ⚠ HOST DOMINANCE DETECTED
2026-05-29 22:48:43,375 | ⚠ POSSIBLE PORT SCAN DETECTED
2026-05-29 22:48:43,517 | ⚠ HOST DOMINANCE DETECTED
2026-05-29 22:48:43,518 | ⚠ POSSIBLE PORT SCAN DETECTED
2026-05-29 22:48:44,378 | ⚠ HOST DOMINANCE DETECTED
2026-05-29 22:48:44,378 | ⚠ POSSIBLE PORT SCAN DETECTED
2026-05-29 22:48:44,520 | ⚠ HOST DOMINANCE DETECTED
2026-05-29 22:48:44,520 | ⚠ POSSIBLE PORT SCAN DETECTED
2026-05-29 22:48:45,119 | ⚠ HOST DOMINANCE DETECTED
2026-05-29 22:48:45,119 | ⚠ POSSIBLE PORT SCAN DETECTED
2026-05-29 22:48:45,380 | ⚠ HOST DOMINANCE DETECTED
2026-05-29 22:48:45,380 | ⚠ POSSIBLE PORT SCAN DETECTED
2026-05-29 22:48:45,522 | ⚠ HOST DOMINANCE DETECTED
2026-05-29 22:48:45,523 | ⚠ POSSIBLE PORT SCAN DETECTED
2026-05-29 22:48:45,824 | ⚠ HOST DOMINANCE DETECTED
2026-05-29 22:48:45,825 | ⚠ POSSIBLE PORT SCAN DETECTED
2026-05-29 22:48:46,382 | ⚠ HOST DOMINANCE DETECTED
2026-05-29 22:48:46,383 | ⚠ POSSIBLE PORT SCAN DETECTED
2026-05-29 22:48:46,524 | ⚠ HOST DOMINANCE DETECTED
2026-05-29 22:48:46,525 | ⚠ POSSIBLE PORT SCAN DETECTED
2026-05-29 22:48:47,386 | ⚠ HOST DOMINANCE DETECTED
2026-05-29 22:48:47,386 | ⚠ POSSIBLE PORT SCAN DETECTED
2026-05-29 22:48:47,527 | ⚠ HOST DOMINANCE DETECTED
2026-05-29 22:48:47,527 | ⚠ POSSIBLE PORT SCAN DETECTED
2026-05-29 22:48:48,388 | ⚠ HOST DOMINANCE DETECTED
2026-05-29 22:48:48,388 | ⚠ POSSIBLE PORT SCAN DETECTED
2026-05-29 22:48:48,529 | ⚠ HOST DOMINANCE DETECTED
2026-05-29 22:48:48,529 | ⚠ POSSIBLE PORT SCAN DETECTED
2026-05-29 22:48:49,389 | ⚠ HOST DOMINANCE DETECTED
2026-05-29 22:48:49,390 | ⚠ POSSIBLE PORT SCAN DETECTED
2026-05-29 22:48:49,531 | ⚠ HOST DOMINANCE DETECTED
2026-05-29 22:48:49,531 | ⚠ POSSIBLE PORT SCAN DETECTED
2026-05-29 22:48:50,125 | ⚠ HOST DOMINANCE DETECTED
2026-05-29 22:48:50,125 | ⚠ POSSIBLE PORT SCAN DETECTED
2026-05-29 22:48:50,392 | ⚠ HOST DOMINANCE DETECTED
2026-05-29 22:48:50,392 | ⚠ POSSIBLE PORT SCAN DETECTED
2026-05-29 22:48:50,533 | ⚠ HOST DOMINANCE DETECTED
2026-05-29 22:48:50,533 | ⚠ POSSIBLE PORT SCAN DETECTED
2026-05-29 22:48:50,831 | ⚠ HOST DOMINANCE DETECTED
2026-05-29 22:48:50,831 | ⚠ POSSIBLE PORT SCAN DETECTED
2026-05-29 22:48:51,394 | ⚠ HOST DOMINANCE DETECTED
2026-05-29 22:48:51,396 | ⚠ POSSIBLE PORT SCAN DETECTED
2026-05-29 22:48:51,535 | ⚠ HOST DOMINANCE DETECTED
2026-05-29 22:48:51,535 | ⚠ POSSIBLE PORT SCAN DETECTED
2026-05-29 22:48:52,398 | ⚠ HOST DOMINANCE DETECTED
2026-05-29 22:48:52,398 | ⚠ POSSIBLE PORT SCAN DETECTED
2026-05-29 22:48:52,537 | ⚠ HOST DOMINANCE DETECTED
2026-05-29 22:48:52,537 | ⚠ POSSIBLE PORT SCAN DETECTED
2026-05-29 22:48:53,399 | ⚠ HOST DOMINANCE DETECTED
2026-05-29 22:48:53,400 | ⚠ POSSIBLE PORT SCAN DETECTED
2026-05-29 22:48:53,539 | ⚠ HOST DOMINANCE DETECTED
2026-05-29 22:48:53,540 | ⚠ POSSIBLE PORT SCAN DETECTED
2026-05-29 22:48:54,402 | ⚠ HOST DOMINANCE DETECTED
2026-05-29 22:48:54,402 | ⚠ POSSIBLE PORT SCAN DETECTED
2026-05-29 22:48:54,542 | ⚠ HOST DOMINANCE DETECTED
2026-05-29 22:48:54,542 | ⚠ POSSIBLE PORT SCAN DETECTED
2026-05-29 22:48:55,130 | ⚠ HOST DOMINANCE DETECTED
2026-05-29 22:48:55,130 | ⚠ POSSIBLE PORT SCAN DETECTED
2026-05-29 22:48:55,404 | ⚠ HOST DOMINANCE DETECTED
2026-05-29 22:48:55,404 | ⚠ POSSIBLE PORT SCAN DETECTED
2026-05-29 22:48:55,545 | ⚠ HOST DOMINANCE DETECTED
2026-05-29 22:48:55,545 | ⚠ POSSIBLE PORT SCAN DETECTED
2026-05-29 22:48:55,836 | ⚠ HOST DOMINANCE DETECTED
2026-05-29 22:48:55,836 | ⚠ POSSIBLE PORT SCAN DETECTED
2026-05-29 22:48:56,405 | ⚠ HOST DOMINANCE DETECTED
2026-05-29 22:48:56,406 | ⚠ POSSIBLE PORT SCAN DETECTED
2026-05-29 22:48:56,547 | ⚠ HOST DOMINANCE DETECTED
2026-05-29 22:48:56,547 | ⚠ POSSIBLE PORT SCAN DETECTED
2026-05-29 22:48:57,408 | ⚠ HOST DOMINANCE DETECTED
2026-05-29 22:48:57,408 | ⚠ POSSIBLE PORT SCAN DETECTED
2026-05-29 22:48:57,549 | ⚠ HOST DOMINANCE DETECTED
2026-05-29 22:48:57,550 | ⚠ POSSIBLE PORT SCAN DETECTED
2026-05-29 22:48:58,420 | ⚠ HOST DOMINANCE DETECTED
2026-05-29 22:48:58,421 | ⚠ POSSIBLE PORT SCAN DETECTED
2026-05-29 22:48:58,553 | ⚠ HOST DOMINANCE DETECTED
2026-05-29 22:48:58,553 | ⚠ POSSIBLE PORT SCAN DETECTED
2026-05-29 22:48:59,423 | ⚠ HOST DOMINANCE DETECTED
2026-05-29 22:48:59,423 | ⚠ POSSIBLE PORT SCAN DETECTED
2026-05-29 22:48:59,555 | ⚠ HOST DOMINANCE DETECTED
2026-05-29 22:48:59,556 | ⚠ POSSIBLE PORT SCAN DETECTED
2026-05-29 22:49:00,136 | ⚠ HOST DOMINANCE DETECTED
2026-05-29 22:49:00,136 | ⚠ POSSIBLE PORT SCAN DETECTED
2026-05-29 22:49:00,367 | ⚠ HOST DOMINANCE DETECTED
2026-05-29 22:49:00,367 | ⚠ POSSIBLE PORT SCAN DETECTED
2026-05-29 22:49:00,424 | ⚠ HOST DOMINANCE DETECTED
2026-05-29 22:49:00,424 | ⚠ POSSIBLE PORT SCAN DETECTED
2026-05-29 22:49:00,558 | ⚠ HOST DOMINANCE DETECTED
2026-05-29 22:49:00,558 | ⚠ POSSIBLE PORT SCAN DETECTED
2026-05-29 22:49:00,844 | ⚠ HOST DOMINANCE DETECTED
2026-05-29 22:49:00,844 | ⚠ POSSIBLE PORT SCAN DETECTED
2026-05-29 22:49:01,426 | ⚠ HOST DOMINANCE DETECTED
2026-05-29 22:49:01,426 | ⚠ POSSIBLE PORT SCAN DETECTED
2026-05-29 22:49:01,560 | ⚠ HOST DOMINANCE DETECTED
2026-05-29 22:49:01,560 | ⚠ POSSIBLE PORT SCAN DETECTED
2026-05-29 22:49:02,428 | ⚠ HOST DOMINANCE DETECTED
2026-05-29 22:49:02,428 | ⚠ POSSIBLE PORT SCAN DETECTED
2026-05-29 22:49:02,562 | ⚠ HOST DOMINANCE DETECTED
2026-05-29 22:49:02,563 | ⚠ POSSIBLE PORT SCAN DETECTED
2026-05-29 22:49:03,429 | ⚠ HOST DOMINANCE DETECTED
2026-05-29 22:49:03,430 | ⚠ POSSIBLE PORT SCAN DETECTED
2026-05-29 22:49:03,565 | ⚠ HOST DOMINANCE DETECTED
2026-05-29 22:49:03,565 | ⚠ POSSIBLE PORT SCAN DETECTED
2026-05-29 22:49:04,432 | ⚠ HOST DOMINANCE DETECTED
2026-05-29 22:49:04,433 | ⚠ POSSIBLE PORT SCAN DETECTED
2026-05-29 22:49:04,567 | ⚠ HOST DOMINANCE DETECTED
2026-05-29 22:49:04,567 | ⚠ POSSIBLE PORT SCAN DETECTED
2026-05-29 22:49:05,140 | ⚠ HOST DOMINANCE DETECTED
2026-05-29 22:49:05,140 | ⚠ POSSIBLE PORT SCAN DETECTED
2026-05-29 22:49:05,435 | ⚠ HOST DOMINANCE DETECTED
2026-05-29 22:49:05,435 | ⚠ POSSIBLE PORT SCAN DETECTED
2026-05-29 22:49:05,570 | ⚠ HOST DOMINANCE DETECTED
2026-05-29 22:49:05,570 | ⚠ POSSIBLE PORT SCAN DETECTED
2026-05-29 22:49:05,851 | ⚠ HOST DOMINANCE DETECTED
2026-05-29 22:49:05,851 | ⚠ POSSIBLE PORT SCAN DETECTED
2026-05-29 22:49:06,437 | ⚠ HOST DOMINANCE DETECTED
2026-05-29 22:49:06,437 | ⚠ POSSIBLE PORT SCAN DETECTED
2026-05-29 22:49:06,573 | ⚠ HOST DOMINANCE DETECTED
2026-05-29 22:49:06,574 | ⚠ POSSIBLE PORT SCAN DETECTED
2026-05-29 22:49:07,439 | ⚠ HOST DOMINANCE DETECTED
2026-05-29 22:49:07,440 | ⚠ POSSIBLE PORT SCAN DETECTED
2026-05-29 22:49:07,577 | ⚠ HOST DOMINANCE DETECTED
2026-05-29 22:49:07,577 | ⚠ POSSIBLE PORT SCAN DETECTED
2026-05-29 22:49:08,441 | ⚠ HOST DOMINANCE DETECTED
2026-05-29 22:49:08,441 | ⚠ POSSIBLE PORT SCAN DETECTED
2026-05-29 22:49:08,579 | ⚠ HOST DOMINANCE DETECTED
2026-05-29 22:49:08,579 | ⚠ POSSIBLE PORT SCAN DETECTED
2026-05-29 22:49:09,443 | ⚠ HOST DOMINANCE DETECTED
2026-05-29 22:49:09,443 | ⚠ POSSIBLE PORT SCAN DETECTED
2026-05-29 22:49:09,581 | ⚠ HOST DOMINANCE DETECTED
2026-05-29 22:49:09,582 | ⚠ POSSIBLE PORT SCAN DETECTED
2026-05-29 22:49:10,148 | ⚠ HOST DOMINANCE DETECTED
2026-05-29 22:49:10,148 | ⚠ POSSIBLE PORT SCAN DETECTED
2026-05-29 22:49:10,445 | ⚠ HOST DOMINANCE DETECTED
2026-05-29 22:49:10,446 | ⚠ POSSIBLE PORT SCAN DETECTED
2026-05-29 22:49:10,584 | ⚠ HOST DOMINANCE DETECTED
2026-05-29 22:49:10,584 | ⚠ POSSIBLE PORT SCAN DETECTED
2026-05-29 22:49:10,859 | ⚠ HOST DOMINANCE DETECTED
2026-05-29 22:49:10,860 | ⚠ POSSIBLE PORT SCAN DETECTED
2026-05-29 22:49:11,447 | ⚠ HOST DOMINANCE DETECTED
2026-05-29 22:49:11,447 | ⚠ POSSIBLE PORT SCAN DETECTED
2026-05-29 22:49:11,586 | ⚠ HOST DOMINANCE DETECTED
2026-05-29 22:49:11,586 | ⚠ POSSIBLE PORT SCAN DETECTED
2026-05-29 22:49:12,451 | ⚠ HOST DOMINANCE DETECTED
2026-05-29 22:49:12,452 | ⚠ POSSIBLE PORT SCAN DETECTED
2026-05-29 22:49:12,588 | ⚠ HOST DOMINANCE DETECTED
2026-05-29 22:49:12,589 | ⚠ POSSIBLE PORT SCAN DETECTED
2026-05-29 22:49:13,087 | ⚠ HOST DOMINANCE DETECTED
2026-05-29 22:49:13,088 | ⚠ POSSIBLE PORT SCAN DETECTED
2026-05-29 22:49:13,453 | ⚠ HOST DOMINANCE DETECTED
2026-05-29 22:49:13,453 | ⚠ POSSIBLE PORT SCAN DETECTED
2026-05-29 22:49:13,590 | ⚠ HOST DOMINANCE DETECTED
2026-05-29 22:49:13,590 | ⚠ POSSIBLE PORT SCAN DETECTED
2026-05-29 22:49:14,455 | ⚠ HOST DOMINANCE DETECTED
2026-05-29 22:49:14,457 | ⚠ POSSIBLE PORT SCAN DETECTED
2026-05-29 22:49:14,592 | ⚠ HOST DOMINANCE DETECTED
2026-05-29 22:49:14,593 | ⚠ POSSIBLE PORT SCAN DETECTED
2026-05-29 22:49:15,153 | ⚠ HOST DOMINANCE DETECTED
2026-05-29 22:49:15,153 | ⚠ POSSIBLE PORT SCAN DETECTED
2026-05-29 22:49:15,459 | ⚠ HOST DOMINANCE DETECTED
2026-05-29 22:49:15,460 | ⚠ POSSIBLE PORT SCAN DETECTED
2026-05-29 22:49:15,596 | ⚠ HOST DOMINANCE DETECTED
2026-05-29 22:49:15,596 | ⚠ POSSIBLE PORT SCAN DETECTED
2026-05-29 22:49:15,866 | ⚠ HOST DOMINANCE DETECTED
2026-05-29 22:49:15,867 | ⚠ POSSIBLE PORT SCAN DETECTED
2026-05-29 22:49:16,462 | ⚠ HOST DOMINANCE DETECTED
2026-05-29 22:49:16,462 | ⚠ POSSIBLE PORT SCAN DETECTED
2026-05-29 22:49:16,598 | ⚠ HOST DOMINANCE DETECTED
2026-05-29 22:49:16,599 | ⚠ POSSIBLE PORT SCAN DETECTED
2026-05-29 22:49:17,464 | ⚠ HOST DOMINANCE DETECTED
2026-05-29 22:49:17,465 | ⚠ POSSIBLE PORT SCAN DETECTED
2026-05-29 22:49:17,602 | ⚠ HOST DOMINANCE DETECTED
2026-05-29 22:49:17,602 | ⚠ POSSIBLE PORT SCAN DETECTED
2026-05-29 22:49:18,467 | ⚠ HOST DOMINANCE DETECTED
2026-05-29 22:49:18,467 | ⚠ POSSIBLE PORT SCAN DETECTED
2026-05-29 22:49:18,604 | ⚠ HOST DOMINANCE DETECTED
2026-05-29 22:49:18,604 | ⚠ POSSIBLE PORT SCAN DETECTED
2026-05-29 22:49:19,468 | ⚠ HOST DOMINANCE DETECTED
2026-05-29 22:49:19,469 | ⚠ POSSIBLE PORT SCAN DETECTED
2026-05-29 22:49:19,606 | ⚠ HOST DOMINANCE DETECTED
2026-05-29 22:49:19,606 | ⚠ POSSIBLE PORT SCAN DETECTED
2026-05-29 22:49:20,162 | ⚠ HOST DOMINANCE DETECTED
2026-05-29 22:49:20,163 | ⚠ POSSIBLE PORT SCAN DETECTED
2026-05-29 22:49:20,480 | ⚠ HOST DOMINANCE DETECTED
2026-05-29 22:49:20,480 | ⚠ POSSIBLE PORT SCAN DETECTED
2026-05-29 22:49:20,608 | ⚠ HOST DOMINANCE DETECTED
2026-05-29 22:49:20,608 | ⚠ POSSIBLE PORT SCAN DETECTED
2026-05-29 22:49:20,873 | ⚠ HOST DOMINANCE DETECTED
2026-05-29 22:49:20,874 | ⚠ POSSIBLE PORT SCAN DETECTED
2026-05-29 22:49:21,482 | ⚠ HOST DOMINANCE DETECTED
2026-05-29 22:49:21,483 | ⚠ POSSIBLE PORT SCAN DETECTED
2026-05-29 22:49:21,610 | ⚠ HOST DOMINANCE DETECTED
2026-05-29 22:49:21,610 | ⚠ POSSIBLE PORT SCAN DETECTED
2026-05-29 22:49:22,485 | ⚠ HOST DOMINANCE DETECTED
2026-05-29 22:49:22,485 | ⚠ POSSIBLE PORT SCAN DETECTED
2026-05-29 22:49:22,612 | ⚠ HOST DOMINANCE DETECTED
2026-05-29 22:49:22,612 | ⚠ POSSIBLE PORT SCAN DETECTED
2026-05-29 22:49:23,486 | ⚠ HOST DOMINANCE DETECTED
2026-05-29 22:49:23,487 | ⚠ POSSIBLE PORT SCAN DETECTED
2026-05-29 22:49:23,614 | ⚠ HOST DOMINANCE DETECTED
2026-05-29 22:49:23,614 | ⚠ POSSIBLE PORT SCAN DETECTED
2026-05-29 22:49:24,488 | ⚠ HOST DOMINANCE DETECTED
2026-05-29 22:49:24,491 | ⚠ POSSIBLE PORT SCAN DETECTED
2026-05-29 22:49:25,493 | ⚠ HOST DOMINANCE DETECTED
2026-05-29 22:49:25,493 | ⚠ POSSIBLE PORT SCAN DETECTED
2026-05-29 22:49:25,881 | ⚠ HOST DOMINANCE DETECTED
2026-05-29 22:49:25,881 | ⚠ POSSIBLE PORT SCAN DETECTED
2026-05-29 22:49:26,494 | ⚠ HOST DOMINANCE DETECTED
2026-05-29 22:49:26,495 | ⚠ POSSIBLE PORT SCAN DETECTED
2026-05-29 22:49:27,496 | ⚠ HOST DOMINANCE DETECTED
2026-05-29 22:49:27,496 | ⚠ POSSIBLE PORT SCAN DETECTED
2026-05-29 22:49:28,497 | ⚠ HOST DOMINANCE DETECTED
2026-05-29 22:49:28,497 | ⚠ POSSIBLE PORT SCAN DETECTED
2026-05-29 22:49:29,499 | ⚠ HOST DOMINANCE DETECTED
2026-05-29 22:49:29,500 | ⚠ POSSIBLE PORT SCAN DETECTED
2026-05-29 22:49:30,503 | ⚠ HOST DOMINANCE DETECTED
2026-05-29 22:49:30,503 | ⚠ POSSIBLE PORT SCAN DETECTED
2026-05-29 22:49:30,883 | ⚠ HOST DOMINANCE DETECTED
2026-05-29 22:49:30,883 | ⚠ POSSIBLE PORT SCAN DETECTED
2026-05-29 22:49:31,505 | ⚠ HOST DOMINANCE DETECTED
2026-05-29 22:49:31,506 | ⚠ POSSIBLE PORT SCAN DETECTED
2026-05-29 22:49:32,508 | ⚠ HOST DOMINANCE DETECTED
2026-05-29 22:49:32,508 | ⚠ POSSIBLE PORT SCAN DETECTED
2026-05-29 22:49:33,510 | ⚠ HOST DOMINANCE DETECTED
2026-05-29 22:49:33,510 | ⚠ POSSIBLE PORT SCAN DETECTED
2026-05-29 22:49:34,511 | ⚠ HOST DOMINANCE DETECTED
2026-05-29 22:49:34,511 | ⚠ POSSIBLE PORT SCAN DETECTED
2026-05-29 22:49:35,513 | ⚠ HOST DOMINANCE DETECTED
2026-05-29 22:49:35,513 | ⚠ POSSIBLE PORT SCAN DETECTED
2026-05-29 22:49:35,889 | ⚠ HOST DOMINANCE DETECTED
2026-05-29 22:49:35,890 | ⚠ POSSIBLE PORT SCAN DETECTED
2026-05-29 22:49:36,514 | ⚠ HOST DOMINANCE DETECTED
2026-05-29 22:49:36,515 | ⚠ POSSIBLE PORT SCAN DETECTED
2026-05-29 22:49:37,517 | ⚠ HOST DOMINANCE DETECTED
2026-05-29 22:49:37,517 | ⚠ POSSIBLE PORT SCAN DETECTED
2026-05-29 22:49:38,518 | ⚠ HOST DOMINANCE DETECTED
2026-05-29 22:49:38,518 | ⚠ POSSIBLE PORT SCAN DETECTED
2026-05-29 22:49:39,520 | ⚠ HOST DOMINANCE DETECTED
2026-05-29 22:49:39,520 | ⚠ POSSIBLE PORT SCAN DETECTED
2026-05-29 22:49:40,522 | ⚠ HOST DOMINANCE DETECTED
2026-05-29 22:49:40,522 | ⚠ POSSIBLE PORT SCAN DETECTED
2026-05-29 22:49:40,893 | ⚠ HOST DOMINANCE DETECTED
2026-05-29 22:49:40,893 | ⚠ POSSIBLE PORT SCAN DETECTED
2026-05-29 22:49:41,524 | ⚠ HOST DOMINANCE DETECTED
2026-05-29 22:49:41,524 | ⚠ POSSIBLE PORT SCAN DETECTED
2026-05-29 22:49:42,527 | ⚠ HOST DOMINANCE DETECTED
2026-05-29 22:49:42,529 | ⚠ POSSIBLE PORT SCAN DETECTED
2026-05-29 22:49:43,531 | ⚠ HOST DOMINANCE DETECTED
2026-05-29 22:49:43,531 | ⚠ POSSIBLE PORT SCAN DETECTED
2026-05-29 22:49:43,543 | ⚠ HOST DOMINANCE DETECTED
2026-05-29 22:49:43,544 | ⚠ POSSIBLE PORT SCAN DETECTED
2026-05-29 22:49:44,533 | ⚠ HOST DOMINANCE DETECTED
2026-05-29 22:49:44,533 | ⚠ POSSIBLE PORT SCAN DETECTED
2026-05-29 22:49:45,535 | ⚠ HOST DOMINANCE DETECTED
2026-05-29 22:49:45,536 | ⚠ POSSIBLE PORT SCAN DETECTED
2026-05-29 22:49:45,900 | ⚠ HOST DOMINANCE DETECTED
2026-05-29 22:49:45,900 | ⚠ POSSIBLE PORT SCAN DETECTED
2026-05-29 22:49:46,537 | ⚠ HOST DOMINANCE DETECTED
2026-05-29 22:49:46,537 | ⚠ POSSIBLE PORT SCAN DETECTED
2026-05-29 22:49:47,539 | ⚠ HOST DOMINANCE DETECTED
2026-05-29 22:49:47,539 | ⚠ POSSIBLE PORT SCAN DETECTED
2026-05-29 22:49:48,542 | ⚠ HOST DOMINANCE DETECTED
2026-05-29 22:49:48,542 | ⚠ POSSIBLE PORT SCAN DETECTED
2026-05-29 22:49:49,544 | ⚠ HOST DOMINANCE DETECTED
2026-05-29 22:49:49,544 | ⚠ POSSIBLE PORT SCAN DETECTED
2026-05-29 22:49:50,546 | ⚠ HOST DOMINANCE DETECTED
2026-05-29 22:49:50,546 | ⚠ POSSIBLE PORT SCAN DETECTED
2026-05-29 22:49:50,908 | ⚠ HOST DOMINANCE DETECTED
2026-05-29 22:49:50,909 | ⚠ POSSIBLE PORT SCAN DETECTED
2026-05-29 22:49:51,548 | ⚠ HOST DOMINANCE DETECTED
2026-05-29 22:49:51,548 | ⚠ POSSIBLE PORT SCAN DETECTED
2026-05-29 22:49:52,551 | ⚠ HOST DOMINANCE DETECTED
2026-05-29 22:49:52,551 | ⚠ POSSIBLE PORT SCAN DETECTED
2026-05-29 22:49:53,553 | ⚠ HOST DOMINANCE DETECTED
2026-05-29 22:49:53,554 | ⚠ POSSIBLE PORT SCAN DETECTED
2026-05-29 22:49:54,557 | ⚠ HOST DOMINANCE DETECTED
2026-05-29 22:49:54,557 | ⚠ POSSIBLE PORT SCAN DETECTED
2026-05-29 22:49:55,560 | ⚠ HOST DOMINANCE DETECTED
2026-05-29 22:49:55,560 | ⚠ POSSIBLE PORT SCAN DETECTED
2026-05-29 22:49:55,914 | ⚠ HOST DOMINANCE DETECTED
2026-05-29 22:49:55,914 | ⚠ POSSIBLE PORT SCAN DETECTED
2026-05-29 22:49:56,562 | ⚠ HOST DOMINANCE DETECTED
2026-05-29 22:49:56,563 | ⚠ POSSIBLE PORT SCAN DETECTED
2026-05-29 22:49:57,565 | ⚠ HOST DOMINANCE DETECTED
2026-05-29 22:49:57,565 | ⚠ POSSIBLE PORT SCAN DETECTED
2026-05-29 22:49:58,567 | ⚠ HOST DOMINANCE DETECTED
2026-05-29 22:49:58,567 | ⚠ POSSIBLE PORT SCAN DETECTED
2026-05-29 22:49:59,568 | ⚠ HOST DOMINANCE DETECTED
2026-05-29 22:49:59,569 | ⚠ POSSIBLE PORT SCAN DETECTED
2026-05-29 22:50:00,571 | ⚠ HOST DOMINANCE DETECTED
2026-05-29 22:50:00,572 | ⚠ POSSIBLE PORT SCAN DETECTED
2026-05-29 22:50:00,919 | ⚠ HOST DOMINANCE DETECTED
2026-05-29 22:50:00,919 | ⚠ POSSIBLE PORT SCAN DETECTED
2026-05-29 22:50:01,576 | ⚠ HOST DOMINANCE DETECTED
2026-05-29 22:50:01,576 | ⚠ POSSIBLE PORT SCAN DETECTED
2026-05-29 22:50:02,578 | ⚠ HOST DOMINANCE DETECTED
2026-05-29 22:50:02,579 | ⚠ POSSIBLE PORT SCAN DETECTED
2026-05-29 22:50:03,580 | ⚠ HOST DOMINANCE DETECTED
2026-05-29 22:50:03,581 | ⚠ POSSIBLE PORT SCAN DETECTED
2026-05-29 22:50:04,582 | ⚠ HOST DOMINANCE DETECTED
2026-05-29 22:50:04,583 | ⚠ POSSIBLE PORT SCAN DETECTED
2026-05-29 22:50:05,586 | ⚠ HOST DOMINANCE DETECTED
2026-05-29 22:50:05,586 | ⚠ POSSIBLE PORT SCAN DETECTED
2026-05-29 22:50:05,922 | ⚠ HOST DOMINANCE DETECTED
2026-05-29 22:50:05,923 | ⚠ POSSIBLE PORT SCAN DETECTED
2026-05-29 22:50:06,589 | ⚠ HOST DOMINANCE DETECTED
2026-05-29 22:50:06,590 | ⚠ POSSIBLE PORT SCAN DETECTED
2026-05-29 22:50:07,592 | ⚠ HOST DOMINANCE DETECTED
2026-05-29 22:50:07,593 | ⚠ POSSIBLE PORT SCAN DETECTED
2026-05-29 22:50:08,595 | ⚠ HOST DOMINANCE DETECTED
2026-05-29 22:50:08,595 | ⚠ POSSIBLE PORT SCAN DETECTED
2026-05-29 22:50:09,596 | ⚠ HOST DOMINANCE DETECTED
2026-05-29 22:50:09,596 | ⚠ POSSIBLE PORT SCAN DETECTED
2026-05-29 22:50:10,598 | ⚠ HOST DOMINANCE DETECTED
2026-05-29 22:50:10,598 | ⚠ POSSIBLE PORT SCAN DETECTED
2026-05-29 22:50:10,931 | ⚠ HOST DOMINANCE DETECTED
2026-05-29 22:50:10,931 | ⚠ POSSIBLE PORT SCAN DETECTED
2026-05-29 22:50:11,600 | ⚠ HOST DOMINANCE DETECTED
2026-05-29 22:50:11,600 | ⚠ POSSIBLE PORT SCAN DETECTED
2026-05-29 22:50:12,603 | ⚠ HOST DOMINANCE DETECTED
2026-05-29 22:50:12,604 | ⚠ POSSIBLE PORT SCAN DETECTED
2026-05-29 22:50:13,606 | ⚠ HOST DOMINANCE DETECTED
2026-05-29 22:50:13,607 | ⚠ POSSIBLE PORT SCAN DETECTED
2026-05-29 22:50:14,035 | ⚠ HOST DOMINANCE DETECTED
2026-05-29 22:50:14,036 | ⚠ POSSIBLE PORT SCAN DETECTED
2026-05-29 22:50:14,609 | ⚠ HOST DOMINANCE DETECTED
2026-05-29 22:50:14,609 | ⚠ POSSIBLE PORT SCAN DETECTED
2026-05-29 22:50:15,611 | ⚠ HOST DOMINANCE DETECTED
2026-05-29 22:50:15,611 | ⚠ POSSIBLE PORT SCAN DETECTED
2026-05-29 22:50:15,934 | ⚠ HOST DOMINANCE DETECTED
2026-05-29 22:50:15,934 | ⚠ POSSIBLE PORT SCAN DETECTED
2026-05-29 22:50:16,614 | ⚠ HOST DOMINANCE DETECTED
2026-05-29 22:50:16,614 | ⚠ POSSIBLE PORT SCAN DETECTED
2026-05-29 22:50:17,616 | ⚠ HOST DOMINANCE DETECTED
2026-05-29 22:50:17,617 | ⚠ POSSIBLE PORT SCAN DETECTED
2026-05-29 22:50:18,618 | ⚠ HOST DOMINANCE DETECTED
2026-05-29 22:50:18,618 | ⚠ POSSIBLE PORT SCAN DETECTED
2026-05-29 22:50:19,620 | ⚠ HOST DOMINANCE DETECTED
2026-05-29 22:50:19,621 | ⚠ POSSIBLE PORT SCAN DETECTED
2026-05-29 22:50:20,623 | ⚠ HOST DOMINANCE DETECTED
2026-05-29 22:50:20,623 | ⚠ POSSIBLE PORT SCAN DETECTED
2026-05-29 22:50:20,939 | ⚠ HOST DOMINANCE DETECTED
2026-05-29 22:50:20,941 | ⚠ POSSIBLE PORT SCAN DETECTED
2026-05-29 22:50:21,626 | ⚠ HOST DOMINANCE DETECTED
2026-05-29 22:50:21,626 | ⚠ POSSIBLE PORT SCAN DETECTED
2026-05-29 22:50:22,628 | ⚠ HOST DOMINANCE DETECTED
2026-05-29 22:50:22,628 | ⚠ POSSIBLE PORT SCAN DETECTED
2026-05-29 22:50:23,629 | ⚠ HOST DOMINANCE DETECTED
2026-05-29 22:50:23,629 | ⚠ POSSIBLE PORT SCAN DETECTED
2026-05-29 22:50:24,631 | ⚠ HOST DOMINANCE DETECTED
2026-05-29 22:50:24,632 | ⚠ POSSIBLE PORT SCAN DETECTED
2026-05-29 22:50:25,634 | ⚠ HOST DOMINANCE DETECTED
2026-05-29 22:50:25,636 | ⚠ POSSIBLE PORT SCAN DETECTED
2026-05-29 22:50:25,949 | ⚠ HOST DOMINANCE DETECTED
2026-05-29 22:50:25,949 | ⚠ POSSIBLE PORT SCAN DETECTED
2026-05-29 22:50:26,640 | ⚠ HOST DOMINANCE DETECTED
2026-05-29 22:50:26,640 | ⚠ POSSIBLE PORT SCAN DETECTED
2026-05-29 22:50:27,643 | ⚠ HOST DOMINANCE DETECTED
2026-05-29 22:50:27,643 | ⚠ POSSIBLE PORT SCAN DETECTED
2026-05-29 22:50:28,647 | ⚠ HOST DOMINANCE DETECTED
2026-05-29 22:50:28,647 | ⚠ POSSIBLE PORT SCAN DETECTED
2026-05-29 22:50:29,650 | ⚠ HOST DOMINANCE DETECTED
2026-05-29 22:50:29,652 | ⚠ POSSIBLE PORT SCAN DETECTED
2026-05-29 22:50:30,655 | ⚠ HOST DOMINANCE DETECTED
2026-05-29 22:50:30,657 | ⚠ POSSIBLE PORT SCAN DETECTED
2026-05-29 22:50:30,961 | ⚠ HOST DOMINANCE DETECTED
2026-05-29 22:50:30,961 | ⚠ POSSIBLE PORT SCAN DETECTED
2026-05-29 22:50:31,661 | ⚠ HOST DOMINANCE DETECTED
2026-05-29 22:50:31,663 | ⚠ POSSIBLE PORT SCAN DETECTED
2026-05-29 22:50:32,666 | ⚠ HOST DOMINANCE DETECTED
2026-05-29 22:50:32,666 | ⚠ POSSIBLE PORT SCAN DETECTED
2026-05-29 22:50:33,669 | ⚠ HOST DOMINANCE DETECTED
2026-05-29 22:50:33,670 | ⚠ POSSIBLE PORT SCAN DETECTED
2026-05-29 22:50:34,673 | ⚠ HOST DOMINANCE DETECTED
2026-05-29 22:50:34,673 | ⚠ POSSIBLE PORT SCAN DETECTED
2026-05-29 22:50:35,676 | ⚠ HOST DOMINANCE DETECTED
2026-05-29 22:50:35,676 | ⚠ POSSIBLE PORT SCAN DETECTED
2026-05-29 22:50:35,969 | ⚠ HOST DOMINANCE DETECTED
2026-05-29 22:50:35,970 | ⚠ POSSIBLE PORT SCAN DETECTED
2026-05-29 22:50:36,679 | ⚠ HOST DOMINANCE DETECTED
2026-05-29 22:50:36,680 | ⚠ POSSIBLE PORT SCAN DETECTED
2026-05-29 22:50:37,684 | ⚠ HOST DOMINANCE DETECTED
2026-05-29 22:50:37,685 | ⚠ POSSIBLE PORT SCAN DETECTED
2026-05-29 22:50:38,688 | ⚠ HOST DOMINANCE DETECTED
2026-05-29 22:50:38,689 | ⚠ POSSIBLE PORT SCAN DETECTED
2026-05-29 22:50:39,691 | ⚠ HOST DOMINANCE DETECTED
2026-05-29 22:50:39,692 | ⚠ POSSIBLE PORT SCAN DETECTED
2026-05-29 22:50:40,694 | ⚠ HOST DOMINANCE DETECTED
2026-05-29 22:50:40,695 | ⚠ POSSIBLE PORT SCAN DETECTED
2026-05-29 22:50:40,978 | ⚠ HOST DOMINANCE DETECTED
2026-05-29 22:50:40,979 | ⚠ POSSIBLE PORT SCAN DETECTED
2026-05-29 22:50:41,736 | ⚠ HOST DOMINANCE DETECTED
2026-05-29 22:50:41,737 | ⚠ POSSIBLE PORT SCAN DETECTED
2026-05-29 22:50:42,739 | ⚠ HOST DOMINANCE DETECTED
2026-05-29 22:50:42,739 | ⚠ POSSIBLE PORT SCAN DETECTED
2026-05-29 22:50:43,741 | ⚠ HOST DOMINANCE DETECTED
2026-05-29 22:50:43,741 | ⚠ POSSIBLE PORT SCAN DETECTED
2026-05-29 22:50:44,535 | ⚠ HOST DOMINANCE DETECTED
2026-05-29 22:50:44,535 | ⚠ POSSIBLE PORT SCAN DETECTED
2026-05-29 22:50:44,742 | ⚠ HOST DOMINANCE DETECTED
2026-05-29 22:50:44,742 | ⚠ POSSIBLE PORT SCAN DETECTED
2026-05-29 22:50:45,744 | ⚠ HOST DOMINANCE DETECTED
2026-05-29 22:50:45,744 | ⚠ POSSIBLE PORT SCAN DETECTED
2026-05-29 22:50:45,988 | ⚠ HOST DOMINANCE DETECTED
2026-05-29 22:50:45,988 | ⚠ POSSIBLE PORT SCAN DETECTED
2026-05-29 22:50:46,745 | ⚠ HOST DOMINANCE DETECTED
2026-05-29 22:50:46,746 | ⚠ POSSIBLE PORT SCAN DETECTED
2026-05-29 22:50:47,748 | ⚠ HOST DOMINANCE DETECTED
2026-05-29 22:50:47,748 | ⚠ POSSIBLE PORT SCAN DETECTED
2026-05-29 22:50:48,751 | ⚠ HOST DOMINANCE DETECTED
2026-05-29 22:50:48,751 | ⚠ POSSIBLE PORT SCAN DETECTED
2026-05-29 22:50:49,752 | ⚠ HOST DOMINANCE DETECTED
2026-05-29 22:50:49,752 | ⚠ POSSIBLE PORT SCAN DETECTED
2026-05-29 22:50:50,755 | ⚠ HOST DOMINANCE DETECTED
2026-05-29 22:50:50,755 | ⚠ POSSIBLE PORT SCAN DETECTED
2026-05-29 22:50:50,998 | ⚠ HOST DOMINANCE DETECTED
2026-05-29 22:50:50,998 | ⚠ POSSIBLE PORT SCAN DETECTED
2026-05-29 22:50:51,757 | ⚠ HOST DOMINANCE DETECTED
2026-05-29 22:50:51,758 | ⚠ POSSIBLE PORT SCAN DETECTED
2026-05-29 22:59:09,027 | ⚠ HOST DOMINANCE DETECTED
2026-05-29 22:59:10,032 | ⚠ HOST DOMINANCE DETECTED
2026-05-29 22:59:11,034 | ⚠ HOST DOMINANCE DETECTED
2026-05-29 22:59:12,036 | ⚠ HOST DOMINANCE DETECTED
2026-05-29 22:59:13,038 | ⚠ HOST DOMINANCE DETECTED
2026-05-29 22:59:14,040 | ⚠ HOST DOMINANCE DETECTED
2026-05-29 22:59:15,036 | ⚠ HOST DOMINANCE DETECTED
2026-05-29 22:59:15,042 | ⚠ HOST DOMINANCE DETECTED
2026-05-29 22:59:16,044 | ⚠ HOST DOMINANCE DETECTED
2026-05-29 22:59:17,046 | ⚠ HOST DOMINANCE DETECTED
2026-05-29 22:59:18,048 | ⚠ HOST DOMINANCE DETECTED
2026-05-29 22:59:19,051 | ⚠ HOST DOMINANCE DETECTED
2026-05-29 22:59:20,045 | ⚠ HOST DOMINANCE DETECTED
2026-05-29 22:59:20,052 | ⚠ HOST DOMINANCE DETECTED
2026-05-29 22:59:21,054 | ⚠ HOST DOMINANCE DETECTED
2026-05-29 22:59:22,056 | ⚠ HOST DOMINANCE DETECTED
2026-05-29 22:59:23,058 | ⚠ HOST DOMINANCE DETECTED
2026-05-29 22:59:24,060 | ⚠ HOST DOMINANCE DETECTED
2026-05-29 22:59:25,049 | ⚠ HOST DOMINANCE DETECTED
2026-05-29 22:59:25,062 | ⚠ HOST DOMINANCE DETECTED
2026-05-29 22:59:26,064 | ⚠ HOST DOMINANCE DETECTED
2026-05-29 22:59:27,065 | ⚠ HOST DOMINANCE DETECTED
2026-05-29 22:59:28,068 | ⚠ HOST DOMINANCE DETECTED
2026-05-29 22:59:29,071 | ⚠ HOST DOMINANCE DETECTED
2026-05-29 22:59:30,053 | ⚠ HOST DOMINANCE DETECTED
2026-05-29 22:59:30,073 | ⚠ HOST DOMINANCE DETECTED
2026-05-29 22:59:31,075 | ⚠ HOST DOMINANCE DETECTED
2026-05-29 22:59:32,077 | ⚠ HOST DOMINANCE DETECTED
2026-05-29 22:59:33,079 | ⚠ HOST DOMINANCE DETECTED
2026-05-29 22:59:34,082 | ⚠ HOST DOMINANCE DETECTED
2026-05-29 22:59:35,061 | ⚠ HOST DOMINANCE DETECTED
2026-05-29 22:59:35,084 | ⚠ HOST DOMINANCE DETECTED
2026-05-29 22:59:36,089 | ⚠ HOST DOMINANCE DETECTED
2026-05-29 22:59:37,091 | ⚠ HOST DOMINANCE DETECTED
2026-05-29 22:59:38,033 | ⚠ HOST DOMINANCE DETECTED
2026-05-29 22:59:38,093 | ⚠ HOST DOMINANCE DETECTED
2026-05-29 22:59:39,095 | ⚠ HOST DOMINANCE DETECTED
2026-05-29 22:59:40,069 | ⚠ HOST DOMINANCE DETECTED
2026-05-29 22:59:40,098 | ⚠ HOST DOMINANCE DETECTED
2026-05-29 22:59:41,099 | ⚠ HOST DOMINANCE DETECTED
2026-05-29 22:59:42,101 | ⚠ HOST DOMINANCE DETECTED
2026-05-29 22:59:43,104 | ⚠ HOST DOMINANCE DETECTED
2026-05-29 22:59:44,106 | ⚠ HOST DOMINANCE DETECTED
2026-05-29 22:59:45,077 | ⚠ HOST DOMINANCE DETECTED
2026-05-29 22:59:45,108 | ⚠ HOST DOMINANCE DETECTED
2026-05-29 22:59:46,111 | ⚠ HOST DOMINANCE DETECTED
2026-05-29 22:59:47,114 | ⚠ HOST DOMINANCE DETECTED
2026-05-29 22:59:48,117 | ⚠ HOST DOMINANCE DETECTED
2026-05-29 22:59:49,120 | ⚠ HOST DOMINANCE DETECTED
2026-05-29 22:59:50,081 | ⚠ HOST DOMINANCE DETECTED
2026-05-29 22:59:50,122 | ⚠ HOST DOMINANCE DETECTED
2026-05-29 22:59:51,124 | ⚠ HOST DOMINANCE DETECTED
2026-05-29 22:59:52,127 | ⚠ HOST DOMINANCE DETECTED
2026-05-29 22:59:53,129 | ⚠ HOST DOMINANCE DETECTED
2026-05-29 22:59:54,132 | ⚠ HOST DOMINANCE DETECTED
2026-05-29 22:59:55,084 | ⚠ HOST DOMINANCE DETECTED
2026-05-29 22:59:55,134 | ⚠ HOST DOMINANCE DETECTED
2026-05-29 22:59:56,137 | ⚠ HOST DOMINANCE DETECTED
2026-05-29 22:59:57,140 | ⚠ HOST DOMINANCE DETECTED
2026-05-29 22:59:57,140 | ⚠ POSSIBLE PORT SCAN DETECTED
2026-05-29 22:59:58,142 | ⚠ HOST DOMINANCE DETECTED
2026-05-29 22:59:58,143 | ⚠ POSSIBLE PORT SCAN DETECTED
2026-05-29 22:59:59,145 | ⚠ HOST DOMINANCE DETECTED
2026-05-29 22:59:59,145 | ⚠ POSSIBLE PORT SCAN DETECTED
2026-05-29 23:00:00,090 | ⚠ HOST DOMINANCE DETECTED
2026-05-29 23:00:00,090 | ⚠ POSSIBLE PORT SCAN DETECTED
2026-05-29 23:00:00,147 | ⚠ HOST DOMINANCE DETECTED
2026-05-29 23:00:00,148 | ⚠ POSSIBLE PORT SCAN DETECTED
2026-05-29 23:00:01,150 | ⚠ HOST DOMINANCE DETECTED
2026-05-29 23:00:01,150 | ⚠ POSSIBLE PORT SCAN DETECTED
2026-05-29 23:00:02,152 | ⚠ HOST DOMINANCE DETECTED
2026-05-29 23:00:02,152 | ⚠ POSSIBLE PORT SCAN DETECTED
2026-05-29 23:00:03,154 | ⚠ HOST DOMINANCE DETECTED
2026-05-29 23:00:03,155 | ⚠ POSSIBLE PORT SCAN DETECTED
2026-05-29 23:00:04,157 | ⚠ HOST DOMINANCE DETECTED
2026-05-29 23:00:04,158 | ⚠ POSSIBLE PORT SCAN DETECTED
2026-05-29 23:00:05,097 | ⚠ HOST DOMINANCE DETECTED
2026-05-29 23:00:05,098 | ⚠ POSSIBLE PORT SCAN DETECTED
2026-05-29 23:00:05,160 | ⚠ HOST DOMINANCE DETECTED
2026-05-29 23:00:05,160 | ⚠ POSSIBLE PORT SCAN DETECTED
2026-05-29 23:00:06,163 | ⚠ HOST DOMINANCE DETECTED
2026-05-29 23:00:06,163 | ⚠ POSSIBLE PORT SCAN DETECTED
2026-05-29 23:00:07,167 | ⚠ HOST DOMINANCE DETECTED
2026-05-29 23:00:07,168 | ⚠ POSSIBLE PORT SCAN DETECTED
2026-05-29 23:00:08,171 | ⚠ HOST DOMINANCE DETECTED
2026-05-29 23:00:08,171 | ⚠ POSSIBLE PORT SCAN DETECTED
2026-05-29 23:00:08,210 | ⚠ HOST DOMINANCE DETECTED
2026-05-29 23:00:08,210 | ⚠ POSSIBLE PORT SCAN DETECTED
2026-05-29 23:00:09,175 | ⚠ HOST DOMINANCE DETECTED
2026-05-29 23:00:09,175 | ⚠ POSSIBLE PORT SCAN DETECTED
2026-05-29 23:00:10,100 | ⚠ HOST DOMINANCE DETECTED
2026-05-29 23:00:10,101 | ⚠ POSSIBLE PORT SCAN DETECTED
2026-05-29 23:00:10,177 | ⚠ HOST DOMINANCE DETECTED
2026-05-29 23:00:10,177 | ⚠ POSSIBLE PORT SCAN DETECTED
2026-05-29 23:00:11,180 | ⚠ HOST DOMINANCE DETECTED
2026-05-29 23:00:11,180 | ⚠ POSSIBLE PORT SCAN DETECTED
2026-05-29 23:00:12,182 | ⚠ HOST DOMINANCE DETECTED
2026-05-29 23:00:12,182 | ⚠ POSSIBLE PORT SCAN DETECTED
2026-05-29 23:00:13,184 | ⚠ HOST DOMINANCE DETECTED
2026-05-29 23:00:13,185 | ⚠ POSSIBLE PORT SCAN DETECTED
2026-05-29 23:00:14,188 | ⚠ HOST DOMINANCE DETECTED
2026-05-29 23:00:14,189 | ⚠ POSSIBLE PORT SCAN DETECTED
2026-05-29 23:00:15,109 | ⚠ HOST DOMINANCE DETECTED
2026-05-29 23:00:15,110 | ⚠ POSSIBLE PORT SCAN DETECTED
2026-05-29 23:00:15,192 | ⚠ HOST DOMINANCE DETECTED
2026-05-29 23:00:15,192 | ⚠ POSSIBLE PORT SCAN DETECTED
2026-05-29 23:00:16,200 | ⚠ HOST DOMINANCE DETECTED
2026-05-29 23:00:16,200 | ⚠ POSSIBLE PORT SCAN DETECTED
2026-05-29 23:00:17,205 | ⚠ HOST DOMINANCE DETECTED
2026-05-29 23:00:17,206 | ⚠ POSSIBLE PORT SCAN DETECTED
2026-05-29 23:00:18,208 | ⚠ HOST DOMINANCE DETECTED
2026-05-29 23:00:18,208 | ⚠ POSSIBLE PORT SCAN DETECTED
2026-05-29 23:00:19,211 | ⚠ HOST DOMINANCE DETECTED
2026-05-29 23:00:19,211 | ⚠ POSSIBLE PORT SCAN DETECTED
2026-05-29 23:00:20,115 | ⚠ HOST DOMINANCE DETECTED
2026-05-29 23:00:20,115 | ⚠ POSSIBLE PORT SCAN DETECTED
2026-05-29 23:00:20,213 | ⚠ HOST DOMINANCE DETECTED
2026-05-29 23:00:20,213 | ⚠ POSSIBLE PORT SCAN DETECTED
2026-05-29 23:00:21,216 | ⚠ HOST DOMINANCE DETECTED
2026-05-29 23:00:21,216 | ⚠ POSSIBLE PORT SCAN DETECTED
2026-05-29 23:00:22,222 | ⚠ HOST DOMINANCE DETECTED
2026-05-29 23:00:22,222 | ⚠ POSSIBLE PORT SCAN DETECTED
2026-05-29 23:00:23,224 | ⚠ HOST DOMINANCE DETECTED
2026-05-29 23:00:23,224 | ⚠ POSSIBLE PORT SCAN DETECTED
2026-05-29 23:00:24,227 | ⚠ HOST DOMINANCE DETECTED
2026-05-29 23:00:24,227 | ⚠ POSSIBLE PORT SCAN DETECTED
2026-05-29 23:00:25,120 | ⚠ HOST DOMINANCE DETECTED
2026-05-29 23:00:25,121 | ⚠ POSSIBLE PORT SCAN DETECTED
2026-05-29 23:00:25,229 | ⚠ HOST DOMINANCE DETECTED
2026-05-29 23:00:25,230 | ⚠ POSSIBLE PORT SCAN DETECTED
2026-05-29 23:00:26,232 | ⚠ HOST DOMINANCE DETECTED
2026-05-29 23:00:26,233 | ⚠ POSSIBLE PORT SCAN DETECTED
2026-05-29 23:00:27,237 | ⚠ HOST DOMINANCE DETECTED
2026-05-29 23:00:27,237 | ⚠ POSSIBLE PORT SCAN DETECTED
2026-05-29 23:00:28,243 | ⚠ HOST DOMINANCE DETECTED
2026-05-29 23:00:28,244 | ⚠ POSSIBLE PORT SCAN DETECTED
2026-05-29 23:00:29,246 | ⚠ HOST DOMINANCE DETECTED
2026-05-29 23:00:29,246 | ⚠ POSSIBLE PORT SCAN DETECTED
2026-05-29 23:00:30,128 | ⚠ HOST DOMINANCE DETECTED
2026-05-29 23:00:30,128 | ⚠ POSSIBLE PORT SCAN DETECTED
2026-05-29 23:00:30,249 | ⚠ HOST DOMINANCE DETECTED
2026-05-29 23:00:30,249 | ⚠ POSSIBLE PORT SCAN DETECTED
2026-05-29 23:00:31,252 | ⚠ HOST DOMINANCE DETECTED
2026-05-29 23:00:31,252 | ⚠ POSSIBLE PORT SCAN DETECTED
2026-05-29 23:00:32,255 | ⚠ HOST DOMINANCE DETECTED
2026-05-29 23:00:32,256 | ⚠ POSSIBLE PORT SCAN DETECTED
2026-05-29 23:00:33,258 | ⚠ HOST DOMINANCE DETECTED
2026-05-29 23:00:33,258 | ⚠ POSSIBLE PORT SCAN DETECTED
2026-05-29 23:00:34,261 | ⚠ HOST DOMINANCE DETECTED
2026-05-29 23:00:34,261 | ⚠ POSSIBLE PORT SCAN DETECTED
2026-05-29 23:00:35,137 | ⚠ HOST DOMINANCE DETECTED
2026-05-29 23:00:35,137 | ⚠ POSSIBLE PORT SCAN DETECTED
2026-05-29 23:00:35,264 | ⚠ HOST DOMINANCE DETECTED
2026-05-29 23:00:35,264 | ⚠ POSSIBLE PORT SCAN DETECTED
2026-05-29 23:00:36,266 | ⚠ HOST DOMINANCE DETECTED
2026-05-29 23:00:36,266 | ⚠ POSSIBLE PORT SCAN DETECTED
2026-05-29 23:00:37,269 | ⚠ HOST DOMINANCE DETECTED
2026-05-29 23:00:37,269 | ⚠ POSSIBLE PORT SCAN DETECTED
2026-05-29 23:00:38,271 | ⚠ HOST DOMINANCE DETECTED
2026-05-29 23:00:38,272 | ⚠ POSSIBLE PORT SCAN DETECTED
2026-05-29 23:00:38,451 | ⚠ HOST DOMINANCE DETECTED
2026-05-29 23:00:38,451 | ⚠ POSSIBLE PORT SCAN DETECTED
2026-05-29 23:00:39,273 | ⚠ HOST DOMINANCE DETECTED
2026-05-29 23:00:39,273 | ⚠ POSSIBLE PORT SCAN DETECTED
2026-05-29 23:00:40,139 | ⚠ HOST DOMINANCE DETECTED
2026-05-29 23:00:40,139 | ⚠ POSSIBLE PORT SCAN DETECTED
2026-05-29 23:00:40,276 | ⚠ HOST DOMINANCE DETECTED
2026-05-29 23:00:40,276 | ⚠ POSSIBLE PORT SCAN DETECTED
2026-05-29 23:00:41,278 | ⚠ HOST DOMINANCE DETECTED
2026-05-29 23:00:41,278 | ⚠ POSSIBLE PORT SCAN DETECTED
2026-05-29 23:00:42,280 | ⚠ HOST DOMINANCE DETECTED
2026-05-29 23:00:42,280 | ⚠ POSSIBLE PORT SCAN DETECTED
2026-05-29 23:00:43,283 | ⚠ HOST DOMINANCE DETECTED
2026-05-29 23:00:43,284 | ⚠ POSSIBLE PORT SCAN DETECTED
2026-05-29 23:00:44,287 | ⚠ HOST DOMINANCE DETECTED
2026-05-29 23:00:44,288 | ⚠ POSSIBLE PORT SCAN DETECTED
2026-05-29 23:00:45,146 | ⚠ HOST DOMINANCE DETECTED
2026-05-29 23:00:45,146 | ⚠ POSSIBLE PORT SCAN DETECTED
2026-05-29 23:00:45,290 | ⚠ HOST DOMINANCE DETECTED
2026-05-29 23:00:45,290 | ⚠ POSSIBLE PORT SCAN DETECTED
2026-05-29 23:00:46,293 | ⚠ HOST DOMINANCE DETECTED
2026-05-29 23:00:46,293 | ⚠ POSSIBLE PORT SCAN DETECTED
2026-05-29 23:00:47,296 | ⚠ HOST DOMINANCE DETECTED
2026-05-29 23:00:47,296 | ⚠ POSSIBLE PORT SCAN DETECTED
2026-05-29 23:00:48,298 | ⚠ HOST DOMINANCE DETECTED
2026-05-29 23:00:48,299 | ⚠ POSSIBLE PORT SCAN DETECTED
2026-05-29 23:00:49,301 | ⚠ HOST DOMINANCE DETECTED
2026-05-29 23:00:49,301 | ⚠ POSSIBLE PORT SCAN DETECTED
2026-05-29 23:00:50,154 | ⚠ HOST DOMINANCE DETECTED
2026-05-29 23:00:50,154 | ⚠ POSSIBLE PORT SCAN DETECTED
2026-05-29 23:00:50,304 | ⚠ HOST DOMINANCE DETECTED
2026-05-29 23:00:50,304 | ⚠ POSSIBLE PORT SCAN DETECTED
2026-05-29 23:00:51,305 | ⚠ HOST DOMINANCE DETECTED
2026-05-29 23:00:51,305 | ⚠ POSSIBLE PORT SCAN DETECTED
2026-05-29 23:00:52,308 | ⚠ HOST DOMINANCE DETECTED
2026-05-29 23:00:52,308 | ⚠ POSSIBLE PORT SCAN DETECTED
2026-05-29 23:00:53,311 | ⚠ HOST DOMINANCE DETECTED
2026-05-29 23:00:53,311 | ⚠ POSSIBLE PORT SCAN DETECTED
2026-05-29 23:00:54,313 | ⚠ HOST DOMINANCE DETECTED
2026-05-29 23:00:54,314 | ⚠ POSSIBLE PORT SCAN DETECTED
2026-05-29 23:00:55,160 | ⚠ HOST DOMINANCE DETECTED
2026-05-29 23:00:55,161 | ⚠ POSSIBLE PORT SCAN DETECTED
2026-05-29 23:00:55,316 | ⚠ HOST DOMINANCE DETECTED
2026-05-29 23:00:55,316 | ⚠ POSSIBLE PORT SCAN DETECTED
2026-05-29 23:00:56,318 | ⚠ HOST DOMINANCE DETECTED
2026-05-29 23:00:56,319 | ⚠ POSSIBLE PORT SCAN DETECTED
2026-05-29 23:00:57,321 | ⚠ HOST DOMINANCE DETECTED
2026-05-29 23:00:57,322 | ⚠ POSSIBLE PORT SCAN DETECTED
2026-05-29 23:00:58,323 | ⚠ HOST DOMINANCE DETECTED
2026-05-29 23:00:58,324 | ⚠ POSSIBLE PORT SCAN DETECTED
2026-05-29 23:00:59,325 | ⚠ HOST DOMINANCE DETECTED
2026-05-29 23:00:59,326 | ⚠ POSSIBLE PORT SCAN DETECTED
2026-05-29 23:01:00,168 | ⚠ HOST DOMINANCE DETECTED
2026-05-29 23:01:00,168 | ⚠ POSSIBLE PORT SCAN DETECTED
2026-05-29 23:01:00,328 | ⚠ HOST DOMINANCE DETECTED
2026-05-29 23:01:00,329 | ⚠ POSSIBLE PORT SCAN DETECTED
2026-05-29 23:01:01,331 | ⚠ HOST DOMINANCE DETECTED
2026-05-29 23:01:01,332 | ⚠ POSSIBLE PORT SCAN DETECTED
2026-05-29 23:01:02,335 | ⚠ HOST DOMINANCE DETECTED
2026-05-29 23:01:02,335 | ⚠ POSSIBLE PORT SCAN DETECTED
2026-05-29 23:01:03,337 | ⚠ HOST DOMINANCE DETECTED
2026-05-29 23:01:03,338 | ⚠ POSSIBLE PORT SCAN DETECTED
2026-05-29 23:01:04,340 | ⚠ HOST DOMINANCE DETECTED
2026-05-29 23:01:04,341 | ⚠ POSSIBLE PORT SCAN DETECTED
2026-05-29 23:01:05,177 | ⚠ HOST DOMINANCE DETECTED
2026-05-29 23:01:05,178 | ⚠ POSSIBLE PORT SCAN DETECTED
2026-05-29 23:01:05,343 | ⚠ HOST DOMINANCE DETECTED
2026-05-29 23:01:05,343 | ⚠ POSSIBLE PORT SCAN DETECTED
2026-05-29 23:01:06,345 | ⚠ HOST DOMINANCE DETECTED
2026-05-29 23:01:06,345 | ⚠ POSSIBLE PORT SCAN DETECTED
2026-05-29 23:01:07,348 | ⚠ HOST DOMINANCE DETECTED
2026-05-29 23:01:07,348 | ⚠ POSSIBLE PORT SCAN DETECTED
2026-05-29 23:01:08,351 | ⚠ HOST DOMINANCE DETECTED
2026-05-29 23:01:08,351 | ⚠ POSSIBLE PORT SCAN DETECTED
2026-05-29 23:01:08,640 | ⚠ HOST DOMINANCE DETECTED
2026-05-29 23:01:08,640 | ⚠ POSSIBLE PORT SCAN DETECTED
2026-05-29 23:01:09,354 | ⚠ HOST DOMINANCE DETECTED
2026-05-29 23:01:09,355 | ⚠ POSSIBLE PORT SCAN DETECTED
2026-05-29 23:01:10,184 | ⚠ HOST DOMINANCE DETECTED
2026-05-29 23:01:10,184 | ⚠ POSSIBLE PORT SCAN DETECTED
2026-05-29 23:01:10,358 | ⚠ HOST DOMINANCE DETECTED
2026-05-29 23:01:10,358 | ⚠ POSSIBLE PORT SCAN DETECTED
2026-05-29 23:01:11,361 | ⚠ HOST DOMINANCE DETECTED
2026-05-29 23:01:11,362 | ⚠ POSSIBLE PORT SCAN DETECTED
2026-05-29 23:01:12,364 | ⚠ HOST DOMINANCE DETECTED
2026-05-29 23:01:12,364 | ⚠ POSSIBLE PORT SCAN DETECTED
2026-05-29 23:01:13,367 | ⚠ HOST DOMINANCE DETECTED
2026-05-29 23:01:13,367 | ⚠ POSSIBLE PORT SCAN DETECTED
2026-05-29 23:01:14,370 | ⚠ HOST DOMINANCE DETECTED
2026-05-29 23:01:14,370 | ⚠ POSSIBLE PORT SCAN DETECTED
2026-05-29 23:01:15,194 | ⚠ HOST DOMINANCE DETECTED
2026-05-29 23:01:15,194 | ⚠ POSSIBLE PORT SCAN DETECTED
2026-05-29 23:01:15,373 | ⚠ HOST DOMINANCE DETECTED
2026-05-29 23:01:15,373 | ⚠ POSSIBLE PORT SCAN DETECTED
2026-05-29 23:01:16,375 | ⚠ HOST DOMINANCE DETECTED
2026-05-29 23:01:16,375 | ⚠ POSSIBLE PORT SCAN DETECTED
2026-05-29 23:01:17,377 | ⚠ HOST DOMINANCE DETECTED
2026-05-29 23:01:17,377 | ⚠ POSSIBLE PORT SCAN DETECTED
2026-05-29 23:01:18,380 | ⚠ HOST DOMINANCE DETECTED
2026-05-29 23:01:18,380 | ⚠ POSSIBLE PORT SCAN DETECTED
2026-05-29 23:01:19,383 | ⚠ HOST DOMINANCE DETECTED
2026-05-29 23:01:19,384 | ⚠ POSSIBLE PORT SCAN DETECTED
2026-05-29 23:01:20,201 | ⚠ HOST DOMINANCE DETECTED
2026-05-29 23:01:20,202 | ⚠ POSSIBLE PORT SCAN DETECTED
2026-05-29 23:01:20,387 | ⚠ HOST DOMINANCE DETECTED
2026-05-29 23:01:20,388 | ⚠ POSSIBLE PORT SCAN DETECTED
2026-05-29 23:01:21,392 | ⚠ HOST DOMINANCE DETECTED
2026-05-29 23:01:21,392 | ⚠ POSSIBLE PORT SCAN DETECTED
2026-05-29 23:01:22,397 | ⚠ HOST DOMINANCE DETECTED
2026-05-29 23:01:22,398 | ⚠ POSSIBLE PORT SCAN DETECTED
2026-05-29 23:01:23,401 | ⚠ HOST DOMINANCE DETECTED
2026-05-29 23:01:23,402 | ⚠ POSSIBLE PORT SCAN DETECTED
2026-05-29 23:01:24,405 | ⚠ HOST DOMINANCE DETECTED
2026-05-29 23:01:24,405 | ⚠ POSSIBLE PORT SCAN DETECTED
2026-05-29 23:01:25,206 | ⚠ HOST DOMINANCE DETECTED
2026-05-29 23:01:25,207 | ⚠ POSSIBLE PORT SCAN DETECTED
2026-05-29 23:01:25,409 | ⚠ HOST DOMINANCE DETECTED
2026-05-29 23:01:25,409 | ⚠ POSSIBLE PORT SCAN DETECTED
2026-05-29 23:01:26,421 | ⚠ HOST DOMINANCE DETECTED
2026-05-29 23:01:26,423 | ⚠ POSSIBLE PORT SCAN DETECTED
2026-05-29 23:01:27,427 | ⚠ HOST DOMINANCE DETECTED
2026-05-29 23:01:27,427 | ⚠ POSSIBLE PORT SCAN DETECTED
2026-05-29 23:01:28,430 | ⚠ HOST DOMINANCE DETECTED
2026-05-29 23:01:28,430 | ⚠ POSSIBLE PORT SCAN DETECTED
2026-05-29 23:01:29,433 | ⚠ HOST DOMINANCE DETECTED
2026-05-29 23:01:29,433 | ⚠ POSSIBLE PORT SCAN DETECTED
2026-05-29 23:01:30,214 | ⚠ HOST DOMINANCE DETECTED
2026-05-29 23:01:30,215 | ⚠ POSSIBLE PORT SCAN DETECTED
2026-05-29 23:01:30,436 | ⚠ HOST DOMINANCE DETECTED
2026-05-29 23:01:30,436 | ⚠ POSSIBLE PORT SCAN DETECTED
2026-05-29 23:01:31,440 | ⚠ HOST DOMINANCE DETECTED
2026-05-29 23:01:31,440 | ⚠ POSSIBLE PORT SCAN DETECTED
2026-05-29 23:01:32,443 | ⚠ HOST DOMINANCE DETECTED
2026-05-29 23:01:32,443 | ⚠ POSSIBLE PORT SCAN DETECTED
2026-05-29 23:01:33,446 | ⚠ HOST DOMINANCE DETECTED
2026-05-29 23:01:33,446 | ⚠ POSSIBLE PORT SCAN DETECTED
2026-05-29 23:01:34,450 | ⚠ HOST DOMINANCE DETECTED
2026-05-29 23:01:34,450 | ⚠ POSSIBLE PORT SCAN DETECTED
2026-05-29 23:01:35,221 | ⚠ HOST DOMINANCE DETECTED
2026-05-29 23:01:35,222 | ⚠ POSSIBLE PORT SCAN DETECTED
2026-05-29 23:01:35,454 | ⚠ HOST DOMINANCE DETECTED
2026-05-29 23:01:35,455 | ⚠ POSSIBLE PORT SCAN DETECTED
2026-05-29 23:01:36,458 | ⚠ HOST DOMINANCE DETECTED
2026-05-29 23:01:36,459 | ⚠ POSSIBLE PORT SCAN DETECTED
2026-05-29 23:01:37,462 | ⚠ HOST DOMINANCE DETECTED
2026-05-29 23:01:37,463 | ⚠ POSSIBLE PORT SCAN DETECTED
2026-05-29 23:01:38,466 | ⚠ HOST DOMINANCE DETECTED
2026-05-29 23:01:38,466 | ⚠ POSSIBLE PORT SCAN DETECTED
2026-05-29 23:01:38,886 | ⚠ HOST DOMINANCE DETECTED
2026-05-29 23:01:38,887 | ⚠ POSSIBLE PORT SCAN DETECTED
2026-05-29 23:01:39,470 | ⚠ HOST DOMINANCE DETECTED
2026-05-29 23:01:39,471 | ⚠ POSSIBLE PORT SCAN DETECTED
2026-05-29 23:01:40,229 | ⚠ HOST DOMINANCE DETECTED
2026-05-29 23:01:40,230 | ⚠ POSSIBLE PORT SCAN DETECTED
2026-05-29 23:01:40,475 | ⚠ HOST DOMINANCE DETECTED
2026-05-29 23:01:40,475 | ⚠ POSSIBLE PORT SCAN DETECTED
2026-05-29 23:01:41,479 | ⚠ HOST DOMINANCE DETECTED
2026-05-29 23:01:41,479 | ⚠ POSSIBLE PORT SCAN DETECTED
2026-05-29 23:01:42,482 | ⚠ HOST DOMINANCE DETECTED
2026-05-29 23:01:42,483 | ⚠ POSSIBLE PORT SCAN DETECTED
2026-05-29 23:01:43,487 | ⚠ HOST DOMINANCE DETECTED
2026-05-29 23:01:43,488 | ⚠ POSSIBLE PORT SCAN DETECTED
2026-05-29 23:01:44,492 | ⚠ HOST DOMINANCE DETECTED
2026-05-29 23:01:44,492 | ⚠ POSSIBLE PORT SCAN DETECTED
2026-05-29 23:01:45,237 | ⚠ HOST DOMINANCE DETECTED
2026-05-29 23:01:45,237 | ⚠ POSSIBLE PORT SCAN DETECTED
2026-05-29 23:01:45,498 | ⚠ HOST DOMINANCE DETECTED
2026-05-29 23:01:45,498 | ⚠ POSSIBLE PORT SCAN DETECTED
2026-05-29 23:01:46,502 | ⚠ HOST DOMINANCE DETECTED
2026-05-29 23:01:46,503 | ⚠ POSSIBLE PORT SCAN DETECTED
2026-05-29 23:01:47,508 | ⚠ HOST DOMINANCE DETECTED
2026-05-29 23:01:47,509 | ⚠ POSSIBLE PORT SCAN DETECTED
2026-05-29 23:01:48,512 | ⚠ HOST DOMINANCE DETECTED
2026-05-29 23:01:48,512 | ⚠ POSSIBLE PORT SCAN DETECTED
2026-05-29 23:01:49,515 | ⚠ HOST DOMINANCE DETECTED
2026-05-29 23:01:49,516 | ⚠ POSSIBLE PORT SCAN DETECTED
2026-05-29 23:01:50,243 | ⚠ HOST DOMINANCE DETECTED
2026-05-29 23:01:50,244 | ⚠ POSSIBLE PORT SCAN DETECTED
2026-05-29 23:01:50,519 | ⚠ HOST DOMINANCE DETECTED
2026-05-29 23:01:50,520 | ⚠ POSSIBLE PORT SCAN DETECTED
2026-05-29 23:01:51,522 | ⚠ HOST DOMINANCE DETECTED
2026-05-29 23:01:51,523 | ⚠ POSSIBLE PORT SCAN DETECTED
2026-05-29 23:01:52,525 | ⚠ HOST DOMINANCE DETECTED
2026-05-29 23:01:52,526 | ⚠ POSSIBLE PORT SCAN DETECTED
2026-05-29 23:01:53,529 | ⚠ HOST DOMINANCE DETECTED
2026-05-29 23:01:53,529 | ⚠ POSSIBLE PORT SCAN DETECTED
2026-05-29 23:01:54,532 | ⚠ HOST DOMINANCE DETECTED
2026-05-29 23:01:54,533 | ⚠ POSSIBLE PORT SCAN DETECTED
2026-05-29 23:01:55,247 | ⚠ HOST DOMINANCE DETECTED
2026-05-29 23:01:55,248 | ⚠ POSSIBLE PORT SCAN DETECTED
2026-05-29 23:01:55,537 | ⚠ HOST DOMINANCE DETECTED
2026-05-29 23:01:55,537 | ⚠ POSSIBLE PORT SCAN DETECTED
2026-05-29 23:01:56,541 | ⚠ HOST DOMINANCE DETECTED
2026-05-29 23:01:56,542 | ⚠ POSSIBLE PORT SCAN DETECTED
2026-05-29 23:01:57,545 | ⚠ HOST DOMINANCE DETECTED
2026-05-29 23:01:57,546 | ⚠ POSSIBLE PORT SCAN DETECTED
2026-05-29 23:01:58,549 | ⚠ HOST DOMINANCE DETECTED
2026-05-29 23:01:58,551 | ⚠ POSSIBLE PORT SCAN DETECTED
2026-05-29 23:01:59,555 | ⚠ HOST DOMINANCE DETECTED
2026-05-29 23:01:59,556 | ⚠ POSSIBLE PORT SCAN DETECTED
2026-05-29 23:02:00,256 | ⚠ HOST DOMINANCE DETECTED
2026-05-29 23:02:00,256 | ⚠ POSSIBLE PORT SCAN DETECTED
2026-05-29 23:02:00,558 | ⚠ HOST DOMINANCE DETECTED
2026-05-29 23:02:00,558 | ⚠ POSSIBLE PORT SCAN DETECTED
2026-05-29 23:02:01,562 | ⚠ HOST DOMINANCE DETECTED
2026-05-29 23:02:01,562 | ⚠ POSSIBLE PORT SCAN DETECTED
2026-05-29 23:02:02,565 | ⚠ HOST DOMINANCE DETECTED
2026-05-29 23:02:02,566 | ⚠ POSSIBLE PORT SCAN DETECTED
2026-05-29 23:02:03,569 | ⚠ HOST DOMINANCE DETECTED
2026-05-29 23:02:03,569 | ⚠ POSSIBLE PORT SCAN DETECTED
2026-05-29 23:02:04,572 | ⚠ HOST DOMINANCE DETECTED
2026-05-29 23:02:04,573 | ⚠ POSSIBLE PORT SCAN DETECTED
2026-05-29 23:02:05,260 | ⚠ HOST DOMINANCE DETECTED
2026-05-29 23:02:05,260 | ⚠ POSSIBLE PORT SCAN DETECTED
2026-05-29 23:02:05,575 | ⚠ HOST DOMINANCE DETECTED
2026-05-29 23:02:05,575 | ⚠ POSSIBLE PORT SCAN DETECTED
2026-05-29 23:02:06,576 | ⚠ HOST DOMINANCE DETECTED
2026-05-29 23:02:06,577 | ⚠ POSSIBLE PORT SCAN DETECTED
2026-05-29 23:02:07,579 | ⚠ HOST DOMINANCE DETECTED
2026-05-29 23:02:07,579 | ⚠ POSSIBLE PORT SCAN DETECTED
2026-05-29 23:02:08,581 | ⚠ HOST DOMINANCE DETECTED
2026-05-29 23:02:08,582 | ⚠ POSSIBLE PORT SCAN DETECTED
2026-05-29 23:02:09,153 | ⚠ HOST DOMINANCE DETECTED
2026-05-29 23:02:09,154 | ⚠ POSSIBLE PORT SCAN DETECTED
2026-05-29 23:02:09,584 | ⚠ HOST DOMINANCE DETECTED
2026-05-29 23:02:09,584 | ⚠ POSSIBLE PORT SCAN DETECTED
2026-05-29 23:02:10,267 | ⚠ HOST DOMINANCE DETECTED
2026-05-29 23:02:10,267 | ⚠ POSSIBLE PORT SCAN DETECTED
2026-05-29 23:02:10,585 | ⚠ HOST DOMINANCE DETECTED
2026-05-29 23:02:10,585 | ⚠ POSSIBLE PORT SCAN DETECTED
2026-05-29 23:02:11,587 | ⚠ HOST DOMINANCE DETECTED
2026-05-29 23:02:11,587 | ⚠ POSSIBLE PORT SCAN DETECTED
2026-05-29 23:02:12,590 | ⚠ HOST DOMINANCE DETECTED
2026-05-29 23:02:12,590 | ⚠ POSSIBLE PORT SCAN DETECTED
2026-05-29 23:02:13,593 | ⚠ HOST DOMINANCE DETECTED
2026-05-29 23:02:13,593 | ⚠ POSSIBLE PORT SCAN DETECTED
2026-05-29 23:02:14,596 | ⚠ HOST DOMINANCE DETECTED
2026-05-29 23:02:14,596 | ⚠ POSSIBLE PORT SCAN DETECTED
2026-05-29 23:02:15,274 | ⚠ HOST DOMINANCE DETECTED
2026-05-29 23:02:15,274 | ⚠ POSSIBLE PORT SCAN DETECTED
2026-05-29 23:02:15,598 | ⚠ HOST DOMINANCE DETECTED
2026-05-29 23:02:15,598 | ⚠ POSSIBLE PORT SCAN DETECTED
2026-05-29 23:02:16,601 | ⚠ HOST DOMINANCE DETECTED
2026-05-29 23:02:16,601 | ⚠ POSSIBLE PORT SCAN DETECTED
2026-05-29 23:02:17,603 | ⚠ HOST DOMINANCE DETECTED
2026-05-29 23:02:17,603 | ⚠ POSSIBLE PORT SCAN DETECTED
2026-05-29 23:02:18,605 | ⚠ HOST DOMINANCE DETECTED
2026-05-29 23:02:18,605 | ⚠ POSSIBLE PORT SCAN DETECTED
2026-05-29 23:02:19,607 | ⚠ HOST DOMINANCE DETECTED
2026-05-29 23:02:19,608 | ⚠ POSSIBLE PORT SCAN DETECTED
2026-05-29 23:02:20,278 | ⚠ HOST DOMINANCE DETECTED
2026-05-29 23:02:20,279 | ⚠ POSSIBLE PORT SCAN DETECTED
2026-05-29 23:02:20,609 | ⚠ HOST DOMINANCE DETECTED
2026-05-29 23:02:20,609 | ⚠ POSSIBLE PORT SCAN DETECTED
2026-05-29 23:02:21,611 | ⚠ HOST DOMINANCE DETECTED
2026-05-29 23:02:21,612 | ⚠ POSSIBLE PORT SCAN DETECTED
2026-05-29 23:02:22,614 | ⚠ HOST DOMINANCE DETECTED
2026-05-29 23:02:22,614 | ⚠ POSSIBLE PORT SCAN DETECTED
2026-05-29 23:02:23,617 | ⚠ HOST DOMINANCE DETECTED
2026-05-29 23:02:23,617 | ⚠ POSSIBLE PORT SCAN DETECTED
2026-05-29 23:02:24,620 | ⚠ HOST DOMINANCE DETECTED
2026-05-29 23:02:24,620 | ⚠ POSSIBLE PORT SCAN DETECTED
2026-05-29 23:02:25,287 | ⚠ HOST DOMINANCE DETECTED
2026-05-29 23:02:25,287 | ⚠ POSSIBLE PORT SCAN DETECTED
2026-05-29 23:02:25,623 | ⚠ HOST DOMINANCE DETECTED
2026-05-29 23:02:25,623 | ⚠ POSSIBLE PORT SCAN DETECTED
2026-05-29 23:02:26,625 | ⚠ HOST DOMINANCE DETECTED
2026-05-29 23:02:26,626 | ⚠ POSSIBLE PORT SCAN DETECTED
2026-05-29 23:02:27,629 | ⚠ HOST DOMINANCE DETECTED
2026-05-29 23:02:27,629 | ⚠ POSSIBLE PORT SCAN DETECTED
2026-05-29 23:02:28,631 | ⚠ HOST DOMINANCE DETECTED
2026-05-29 23:02:28,631 | ⚠ POSSIBLE PORT SCAN DETECTED
2026-05-29 23:02:29,635 | ⚠ HOST DOMINANCE DETECTED
2026-05-29 23:02:29,636 | ⚠ POSSIBLE PORT SCAN DETECTED
2026-05-29 23:02:30,290 | ⚠ HOST DOMINANCE DETECTED
2026-05-29 23:02:30,290 | ⚠ POSSIBLE PORT SCAN DETECTED
2026-05-29 23:02:30,638 | ⚠ HOST DOMINANCE DETECTED
2026-05-29 23:02:30,638 | ⚠ POSSIBLE PORT SCAN DETECTED
2026-05-29 23:02:31,641 | ⚠ HOST DOMINANCE DETECTED
2026-05-29 23:02:31,641 | ⚠ POSSIBLE PORT SCAN DETECTED
2026-05-29 23:02:32,656 | ⚠ HOST DOMINANCE DETECTED
2026-05-29 23:02:32,656 | ⚠ POSSIBLE PORT SCAN DETECTED
2026-05-29 23:02:33,661 | ⚠ HOST DOMINANCE DETECTED
2026-05-29 23:02:33,661 | ⚠ POSSIBLE PORT SCAN DETECTED
2026-05-29 23:02:34,663 | ⚠ HOST DOMINANCE DETECTED
2026-05-29 23:02:34,664 | ⚠ POSSIBLE PORT SCAN DETECTED
2026-05-29 23:02:35,298 | ⚠ HOST DOMINANCE DETECTED
2026-05-29 23:02:35,298 | ⚠ POSSIBLE PORT SCAN DETECTED
2026-05-29 23:02:35,667 | ⚠ HOST DOMINANCE DETECTED
2026-05-29 23:02:35,667 | ⚠ POSSIBLE PORT SCAN DETECTED
2026-05-29 23:02:36,668 | ⚠ HOST DOMINANCE DETECTED
2026-05-29 23:02:36,669 | ⚠ POSSIBLE PORT SCAN DETECTED
2026-05-29 23:02:37,672 | ⚠ HOST DOMINANCE DETECTED
2026-05-29 23:02:37,672 | ⚠ POSSIBLE PORT SCAN DETECTED
2026-05-29 23:02:38,675 | ⚠ HOST DOMINANCE DETECTED
2026-05-29 23:02:38,675 | ⚠ POSSIBLE PORT SCAN DETECTED
2026-05-29 23:02:39,428 | ⚠ HOST DOMINANCE DETECTED
2026-05-29 23:02:39,428 | ⚠ POSSIBLE PORT SCAN DETECTED
2026-05-29 23:02:39,678 | ⚠ HOST DOMINANCE DETECTED
2026-05-29 23:02:39,678 | ⚠ POSSIBLE PORT SCAN DETECTED
2026-05-29 23:02:40,308 | ⚠ HOST DOMINANCE DETECTED
2026-05-29 23:02:40,311 | ⚠ POSSIBLE PORT SCAN DETECTED
2026-05-29 23:02:40,680 | ⚠ HOST DOMINANCE DETECTED
2026-05-29 23:02:40,680 | ⚠ POSSIBLE PORT SCAN DETECTED
2026-05-29 23:02:41,681 | ⚠ HOST DOMINANCE DETECTED
2026-05-29 23:02:41,682 | ⚠ POSSIBLE PORT SCAN DETECTED
2026-05-29 23:02:42,685 | ⚠ HOST DOMINANCE DETECTED
2026-05-29 23:02:42,685 | ⚠ POSSIBLE PORT SCAN DETECTED
2026-05-29 23:02:43,688 | ⚠ HOST DOMINANCE DETECTED
2026-05-29 23:02:43,689 | ⚠ POSSIBLE PORT SCAN DETECTED
2026-05-29 23:02:44,691 | ⚠ HOST DOMINANCE DETECTED
2026-05-29 23:02:44,692 | ⚠ POSSIBLE PORT SCAN DETECTED
2026-05-29 23:02:45,319 | ⚠ HOST DOMINANCE DETECTED
2026-05-29 23:02:45,319 | ⚠ POSSIBLE PORT SCAN DETECTED
2026-05-29 23:02:45,694 | ⚠ HOST DOMINANCE DETECTED
2026-05-29 23:02:45,694 | ⚠ POSSIBLE PORT SCAN DETECTED
2026-05-29 23:02:46,696 | ⚠ HOST DOMINANCE DETECTED
2026-05-29 23:02:46,697 | ⚠ POSSIBLE PORT SCAN DETECTED
2026-05-29 23:02:47,701 | ⚠ HOST DOMINANCE DETECTED
2026-05-29 23:02:47,701 | ⚠ POSSIBLE PORT SCAN DETECTED
2026-05-29 23:02:48,704 | ⚠ HOST DOMINANCE DETECTED
2026-05-29 23:02:48,704 | ⚠ POSSIBLE PORT SCAN DETECTED
2026-05-29 23:02:49,707 | ⚠ HOST DOMINANCE DETECTED
2026-05-29 23:02:49,707 | ⚠ POSSIBLE PORT SCAN DETECTED
2026-05-29 23:02:50,325 | ⚠ HOST DOMINANCE DETECTED
2026-05-29 23:02:50,326 | ⚠ POSSIBLE PORT SCAN DETECTED
2026-05-29 23:02:50,710 | ⚠ HOST DOMINANCE DETECTED
2026-05-29 23:02:50,710 | ⚠ POSSIBLE PORT SCAN DETECTED
2026-05-29 23:02:51,713 | ⚠ HOST DOMINANCE DETECTED
2026-05-29 23:02:51,714 | ⚠ POSSIBLE PORT SCAN DETECTED
2026-05-29 23:02:52,718 | ⚠ HOST DOMINANCE DETECTED
2026-05-29 23:02:52,718 | ⚠ POSSIBLE PORT SCAN DETECTED
2026-05-29 23:02:53,721 | ⚠ HOST DOMINANCE DETECTED
2026-05-29 23:02:53,722 | ⚠ POSSIBLE PORT SCAN DETECTED
2026-05-29 23:02:54,726 | ⚠ HOST DOMINANCE DETECTED
2026-05-29 23:02:54,726 | ⚠ POSSIBLE PORT SCAN DETECTED
2026-05-29 23:02:55,332 | ⚠ HOST DOMINANCE DETECTED
2026-05-29 23:02:55,332 | ⚠ POSSIBLE PORT SCAN DETECTED
2026-05-29 23:02:55,729 | ⚠ HOST DOMINANCE DETECTED
2026-05-29 23:02:55,729 | ⚠ POSSIBLE PORT SCAN DETECTED
2026-05-29 23:02:56,731 | ⚠ HOST DOMINANCE DETECTED
2026-05-29 23:02:56,731 | ⚠ POSSIBLE PORT SCAN DETECTED
2026-05-29 23:02:57,733 | ⚠ HOST DOMINANCE DETECTED
2026-05-29 23:02:57,734 | ⚠ POSSIBLE PORT SCAN DETECTED
2026-05-29 23:02:58,736 | ⚠ HOST DOMINANCE DETECTED
2026-05-29 23:02:58,736 | ⚠ POSSIBLE PORT SCAN DETECTED
2026-05-29 23:02:59,738 | ⚠ HOST DOMINANCE DETECTED
2026-05-29 23:02:59,738 | ⚠ POSSIBLE PORT SCAN DETECTED
2026-05-29 23:03:00,343 | ⚠ HOST DOMINANCE DETECTED
2026-05-29 23:03:00,344 | ⚠ POSSIBLE PORT SCAN DETECTED
2026-05-29 23:03:00,739 | ⚠ HOST DOMINANCE DETECTED
2026-05-29 23:03:00,739 | ⚠ POSSIBLE PORT SCAN DETECTED
2026-05-29 23:03:01,742 | ⚠ HOST DOMINANCE DETECTED
2026-05-29 23:03:01,742 | ⚠ POSSIBLE PORT SCAN DETECTED
2026-05-29 23:03:02,745 | ⚠ HOST DOMINANCE DETECTED
2026-05-29 23:03:02,746 | ⚠ POSSIBLE PORT SCAN DETECTED
2026-05-29 23:03:03,749 | ⚠ HOST DOMINANCE DETECTED
2026-05-29 23:03:03,749 | ⚠ POSSIBLE PORT SCAN DETECTED
2026-05-29 23:03:04,755 | ⚠ HOST DOMINANCE DETECTED
2026-05-29 23:03:04,755 | ⚠ POSSIBLE PORT SCAN DETECTED
2026-05-29 23:03:05,353 | ⚠ HOST DOMINANCE DETECTED
2026-05-29 23:03:05,353 | ⚠ POSSIBLE PORT SCAN DETECTED
2026-05-29 23:03:05,759 | ⚠ HOST DOMINANCE DETECTED
2026-05-29 23:03:05,759 | ⚠ POSSIBLE PORT SCAN DETECTED
2026-05-29 23:03:06,762 | ⚠ HOST DOMINANCE DETECTED
2026-05-29 23:03:06,763 | ⚠ POSSIBLE PORT SCAN DETECTED
2026-05-29 23:03:07,766 | ⚠ HOST DOMINANCE DETECTED
2026-05-29 23:03:07,766 | ⚠ POSSIBLE PORT SCAN DETECTED
2026-05-29 23:03:08,771 | ⚠ HOST DOMINANCE DETECTED
2026-05-29 23:03:08,771 | ⚠ POSSIBLE PORT SCAN DETECTED
2026-05-29 23:03:09,719 | ⚠ HOST DOMINANCE DETECTED
2026-05-29 23:03:09,719 | ⚠ POSSIBLE PORT SCAN DETECTED
2026-05-29 23:03:09,774 | ⚠ HOST DOMINANCE DETECTED
2026-05-29 23:03:09,775 | ⚠ POSSIBLE PORT SCAN DETECTED
2026-05-29 23:03:10,362 | ⚠ HOST DOMINANCE DETECTED
2026-05-29 23:03:10,362 | ⚠ POSSIBLE PORT SCAN DETECTED
2026-05-29 23:03:10,783 | ⚠ HOST DOMINANCE DETECTED
2026-05-29 23:03:10,783 | ⚠ POSSIBLE PORT SCAN DETECTED
2026-05-29 23:03:11,786 | ⚠ HOST DOMINANCE DETECTED
2026-05-29 23:03:11,787 | ⚠ POSSIBLE PORT SCAN DETECTED
2026-05-29 23:03:12,790 | ⚠ HOST DOMINANCE DETECTED
2026-05-29 23:03:12,791 | ⚠ POSSIBLE PORT SCAN DETECTED
2026-05-29 23:03:13,794 | ⚠ HOST DOMINANCE DETECTED
2026-05-29 23:03:13,794 | ⚠ POSSIBLE PORT SCAN DETECTED
2026-05-29 23:03:14,798 | ⚠ HOST DOMINANCE DETECTED
2026-05-29 23:03:14,798 | ⚠ POSSIBLE PORT SCAN DETECTED
2026-05-29 23:03:15,373 | ⚠ HOST DOMINANCE DETECTED
2026-05-29 23:03:15,374 | ⚠ POSSIBLE PORT SCAN DETECTED
2026-05-29 23:03:15,802 | ⚠ HOST DOMINANCE DETECTED
2026-05-29 23:03:15,802 | ⚠ POSSIBLE PORT SCAN DETECTED
2026-05-29 23:03:16,805 | ⚠ HOST DOMINANCE DETECTED
2026-05-29 23:03:16,806 | ⚠ POSSIBLE PORT SCAN DETECTED
2026-05-29 23:03:17,809 | ⚠ HOST DOMINANCE DETECTED
2026-05-29 23:03:17,810 | ⚠ POSSIBLE PORT SCAN DETECTED
2026-05-29 23:03:18,813 | ⚠ HOST DOMINANCE DETECTED
2026-05-29 23:03:18,814 | ⚠ POSSIBLE PORT SCAN DETECTED
2026-05-29 23:03:19,818 | ⚠ HOST DOMINANCE DETECTED
2026-05-29 23:03:19,818 | ⚠ POSSIBLE PORT SCAN DETECTED
2026-05-29 23:03:20,383 | ⚠ HOST DOMINANCE DETECTED
2026-05-29 23:03:20,384 | ⚠ POSSIBLE PORT SCAN DETECTED
2026-05-29 23:03:20,822 | ⚠ HOST DOMINANCE DETECTED
2026-05-29 23:03:20,822 | ⚠ POSSIBLE PORT SCAN DETECTED
2026-05-29 23:03:21,826 | ⚠ HOST DOMINANCE DETECTED
2026-05-29 23:03:21,827 | ⚠ POSSIBLE PORT SCAN DETECTED
2026-05-29 23:03:22,831 | ⚠ HOST DOMINANCE DETECTED
2026-05-29 23:03:22,832 | ⚠ POSSIBLE PORT SCAN DETECTED
2026-05-29 23:03:23,836 | ⚠ HOST DOMINANCE DETECTED
2026-05-29 23:03:23,836 | ⚠ POSSIBLE PORT SCAN DETECTED
2026-05-29 23:03:24,840 | ⚠ HOST DOMINANCE DETECTED
2026-05-29 23:03:24,840 | ⚠ POSSIBLE PORT SCAN DETECTED
2026-05-29 23:03:25,393 | ⚠ HOST DOMINANCE DETECTED
2026-05-29 23:03:25,394 | ⚠ POSSIBLE PORT SCAN DETECTED
2026-05-29 23:03:25,844 | ⚠ HOST DOMINANCE DETECTED
2026-05-29 23:03:25,844 | ⚠ POSSIBLE PORT SCAN DETECTED
2026-05-29 23:03:26,848 | ⚠ HOST DOMINANCE DETECTED
2026-05-29 23:03:26,849 | ⚠ POSSIBLE PORT SCAN DETECTED
2026-05-29 23:03:27,852 | ⚠ HOST DOMINANCE DETECTED
2026-05-29 23:03:27,853 | ⚠ POSSIBLE PORT SCAN DETECTED
2026-05-29 23:03:28,857 | ⚠ HOST DOMINANCE DETECTED
2026-05-29 23:03:28,858 | ⚠ POSSIBLE PORT SCAN DETECTED
2026-05-29 23:03:29,862 | ⚠ HOST DOMINANCE DETECTED
2026-05-29 23:03:29,862 | ⚠ POSSIBLE PORT SCAN DETECTED
2026-05-29 23:03:30,400 | ⚠ HOST DOMINANCE DETECTED
2026-05-29 23:03:30,401 | ⚠ POSSIBLE PORT SCAN DETECTED
2026-05-29 23:03:30,866 | ⚠ HOST DOMINANCE DETECTED
2026-05-29 23:03:30,867 | ⚠ POSSIBLE PORT SCAN DETECTED
2026-05-29 23:03:31,871 | ⚠ HOST DOMINANCE DETECTED
2026-05-29 23:03:31,872 | ⚠ POSSIBLE PORT SCAN DETECTED
2026-05-29 23:03:32,876 | ⚠ HOST DOMINANCE DETECTED
2026-05-29 23:03:32,876 | ⚠ POSSIBLE PORT SCAN DETECTED
2026-05-29 23:03:33,879 | ⚠ HOST DOMINANCE DETECTED
2026-05-29 23:03:33,880 | ⚠ POSSIBLE PORT SCAN DETECTED
2026-05-29 23:03:34,887 | ⚠ HOST DOMINANCE DETECTED
2026-05-29 23:03:34,889 | ⚠ POSSIBLE PORT SCAN DETECTED
2026-05-29 23:03:35,404 | ⚠ HOST DOMINANCE DETECTED
2026-05-29 23:03:35,404 | ⚠ POSSIBLE PORT SCAN DETECTED
2026-05-29 23:03:35,899 | ⚠ HOST DOMINANCE DETECTED
2026-05-29 23:03:35,899 | ⚠ POSSIBLE PORT SCAN DETECTED
2026-05-29 23:03:36,901 | ⚠ HOST DOMINANCE DETECTED
2026-05-29 23:03:36,901 | ⚠ POSSIBLE PORT SCAN DETECTED
2026-05-29 23:03:37,905 | ⚠ HOST DOMINANCE DETECTED
2026-05-29 23:03:37,906 | ⚠ POSSIBLE PORT SCAN DETECTED
2026-05-29 23:03:38,909 | ⚠ HOST DOMINANCE DETECTED
2026-05-29 23:03:38,910 | ⚠ POSSIBLE PORT SCAN DETECTED
2026-05-29 23:03:39,913 | ⚠ HOST DOMINANCE DETECTED
2026-05-29 23:03:39,914 | ⚠ POSSIBLE PORT SCAN DETECTED
2026-05-29 23:03:40,152 | ⚠ HOST DOMINANCE DETECTED
2026-05-29 23:03:40,152 | ⚠ POSSIBLE PORT SCAN DETECTED
2026-05-29 23:03:40,409 | ⚠ HOST DOMINANCE DETECTED
2026-05-29 23:03:40,409 | ⚠ POSSIBLE PORT SCAN DETECTED
2026-05-29 23:03:40,916 | ⚠ HOST DOMINANCE DETECTED
2026-05-29 23:03:40,916 | ⚠ POSSIBLE PORT SCAN DETECTED
2026-05-29 23:03:41,918 | ⚠ HOST DOMINANCE DETECTED
2026-05-29 23:03:41,919 | ⚠ POSSIBLE PORT SCAN DETECTED
2026-05-29 23:03:42,921 | ⚠ HOST DOMINANCE DETECTED
2026-05-29 23:03:42,921 | ⚠ POSSIBLE PORT SCAN DETECTED
2026-05-29 23:03:43,924 | ⚠ HOST DOMINANCE DETECTED
2026-05-29 23:03:43,924 | ⚠ POSSIBLE PORT SCAN DETECTED
2026-05-29 23:03:44,929 | ⚠ HOST DOMINANCE DETECTED
2026-05-29 23:03:44,929 | ⚠ POSSIBLE PORT SCAN DETECTED
2026-05-29 23:03:45,417 | ⚠ HOST DOMINANCE DETECTED
2026-05-29 23:03:45,417 | ⚠ POSSIBLE PORT SCAN DETECTED
2026-05-29 23:03:45,932 | ⚠ HOST DOMINANCE DETECTED
2026-05-29 23:03:45,932 | ⚠ POSSIBLE PORT SCAN DETECTED
2026-05-29 23:03:46,936 | ⚠ HOST DOMINANCE DETECTED
2026-05-29 23:03:46,936 | ⚠ POSSIBLE PORT SCAN DETECTED
2026-05-29 23:03:47,940 | ⚠ HOST DOMINANCE DETECTED
2026-05-29 23:03:47,941 | ⚠ POSSIBLE PORT SCAN DETECTED
2026-05-29 23:03:48,943 | ⚠ HOST DOMINANCE DETECTED
2026-05-29 23:03:48,943 | ⚠ POSSIBLE PORT SCAN DETECTED
2026-05-29 23:03:49,946 | ⚠ HOST DOMINANCE DETECTED
2026-05-29 23:03:49,946 | ⚠ POSSIBLE PORT SCAN DETECTED
2026-05-29 23:03:50,426 | ⚠ HOST DOMINANCE DETECTED
2026-05-29 23:03:50,426 | ⚠ POSSIBLE PORT SCAN DETECTED
2026-05-29 23:03:50,949 | ⚠ HOST DOMINANCE DETECTED
2026-05-29 23:03:50,949 | ⚠ POSSIBLE PORT SCAN DETECTED
2026-05-29 23:03:51,953 | ⚠ HOST DOMINANCE DETECTED
2026-05-29 23:03:51,954 | ⚠ POSSIBLE PORT SCAN DETECTED
2026-05-29 23:03:52,957 | ⚠ HOST DOMINANCE DETECTED
2026-05-29 23:03:52,958 | ⚠ POSSIBLE PORT SCAN DETECTED
2026-05-29 23:03:53,960 | ⚠ HOST DOMINANCE DETECTED
2026-05-29 23:03:53,960 | ⚠ POSSIBLE PORT SCAN DETECTED
2026-05-29 23:03:54,963 | ⚠ HOST DOMINANCE DETECTED
2026-05-29 23:03:54,963 | ⚠ POSSIBLE PORT SCAN DETECTED
2026-05-29 23:03:55,434 | ⚠ HOST DOMINANCE DETECTED
2026-05-29 23:03:55,435 | ⚠ POSSIBLE PORT SCAN DETECTED
2026-05-29 23:03:55,966 | ⚠ HOST DOMINANCE DETECTED
2026-05-29 23:03:55,967 | ⚠ POSSIBLE PORT SCAN DETECTED
2026-05-29 23:03:56,971 | ⚠ HOST DOMINANCE DETECTED
2026-05-29 23:03:56,974 | ⚠ POSSIBLE PORT SCAN DETECTED
2026-05-29 23:03:57,976 | ⚠ HOST DOMINANCE DETECTED
2026-05-29 23:03:57,977 | ⚠ POSSIBLE PORT SCAN DETECTED
2026-05-29 23:03:58,981 | ⚠ HOST DOMINANCE DETECTED
2026-05-29 23:03:58,981 | ⚠ POSSIBLE PORT SCAN DETECTED
2026-05-29 23:03:59,984 | ⚠ HOST DOMINANCE DETECTED
2026-05-29 23:03:59,985 | ⚠ POSSIBLE PORT SCAN DETECTED
2026-05-29 23:04:00,439 | ⚠ HOST DOMINANCE DETECTED
2026-05-29 23:04:00,439 | ⚠ POSSIBLE PORT SCAN DETECTED
2026-05-29 23:04:00,988 | ⚠ HOST DOMINANCE DETECTED
2026-05-29 23:04:00,988 | ⚠ POSSIBLE PORT SCAN DETECTED
2026-05-29 23:04:01,993 | ⚠ HOST DOMINANCE DETECTED
2026-05-29 23:04:01,993 | ⚠ POSSIBLE PORT SCAN DETECTED
2026-05-29 23:04:02,996 | ⚠ HOST DOMINANCE DETECTED
2026-05-29 23:04:02,996 | ⚠ POSSIBLE PORT SCAN DETECTED
2026-05-29 23:04:03,999 | ⚠ HOST DOMINANCE DETECTED
2026-05-29 23:04:03,999 | ⚠ POSSIBLE PORT SCAN DETECTED
2026-05-29 23:04:05,002 | ⚠ HOST DOMINANCE DETECTED
2026-05-29 23:04:05,002 | ⚠ POSSIBLE PORT SCAN DETECTED
2026-05-29 23:04:05,443 | ⚠ HOST DOMINANCE DETECTED
2026-05-29 23:04:05,443 | ⚠ POSSIBLE PORT SCAN DETECTED
2026-05-29 23:04:06,006 | ⚠ HOST DOMINANCE DETECTED
2026-05-29 23:04:06,006 | ⚠ POSSIBLE PORT SCAN DETECTED
2026-05-29 23:04:07,009 | ⚠ HOST DOMINANCE DETECTED
2026-05-29 23:04:07,010 | ⚠ POSSIBLE PORT SCAN DETECTED
2026-05-29 23:04:08,013 | ⚠ HOST DOMINANCE DETECTED
2026-05-29 23:04:08,013 | ⚠ POSSIBLE PORT SCAN DETECTED
2026-05-29 23:04:09,016 | ⚠ HOST DOMINANCE DETECTED
2026-05-29 23:04:09,017 | ⚠ POSSIBLE PORT SCAN DETECTED
2026-05-29 23:04:10,021 | ⚠ HOST DOMINANCE DETECTED
2026-05-29 23:04:10,021 | ⚠ POSSIBLE PORT SCAN DETECTED
2026-05-29 23:04:10,452 | ⚠ HOST DOMINANCE DETECTED
2026-05-29 23:04:10,452 | ⚠ POSSIBLE PORT SCAN DETECTED
2026-05-29 23:04:10,589 | ⚠ HOST DOMINANCE DETECTED
2026-05-29 23:04:10,589 | ⚠ POSSIBLE PORT SCAN DETECTED
2026-05-29 23:04:11,024 | ⚠ HOST DOMINANCE DETECTED
2026-05-29 23:04:11,024 | ⚠ POSSIBLE PORT SCAN DETECTED
2026-05-29 23:04:12,026 | ⚠ HOST DOMINANCE DETECTED
2026-05-29 23:04:12,027 | ⚠ POSSIBLE PORT SCAN DETECTED
2026-05-29 23:04:13,030 | ⚠ HOST DOMINANCE DETECTED
2026-05-29 23:04:13,030 | ⚠ POSSIBLE PORT SCAN DETECTED
2026-05-29 23:04:14,033 | ⚠ HOST DOMINANCE DETECTED
2026-05-29 23:04:14,033 | ⚠ POSSIBLE PORT SCAN DETECTED
2026-05-29 23:04:15,037 | ⚠ HOST DOMINANCE DETECTED
2026-05-29 23:04:15,038 | ⚠ POSSIBLE PORT SCAN DETECTED
2026-05-29 23:04:15,461 | ⚠ HOST DOMINANCE DETECTED
2026-05-29 23:04:15,462 | ⚠ POSSIBLE PORT SCAN DETECTED
2026-05-29 23:04:16,041 | ⚠ HOST DOMINANCE DETECTED
2026-05-29 23:04:16,041 | ⚠ POSSIBLE PORT SCAN DETECTED
2026-05-29 23:04:17,044 | ⚠ HOST DOMINANCE DETECTED
2026-05-29 23:04:17,044 | ⚠ POSSIBLE PORT SCAN DETECTED
2026-05-29 23:04:18,048 | ⚠ HOST DOMINANCE DETECTED
2026-05-29 23:04:18,048 | ⚠ POSSIBLE PORT SCAN DETECTED
2026-05-29 23:04:19,051 | ⚠ HOST DOMINANCE DETECTED
2026-05-29 23:04:19,052 | ⚠ POSSIBLE PORT SCAN DETECTED
2026-05-29 23:04:20,055 | ⚠ HOST DOMINANCE DETECTED
2026-05-29 23:04:20,056 | ⚠ POSSIBLE PORT SCAN DETECTED
2026-05-29 23:04:20,468 | ⚠ HOST DOMINANCE DETECTED
2026-05-29 23:04:20,468 | ⚠ POSSIBLE PORT SCAN DETECTED
2026-05-29 23:04:21,059 | ⚠ HOST DOMINANCE DETECTED
2026-05-29 23:04:21,060 | ⚠ POSSIBLE PORT SCAN DETECTED
2026-05-29 23:04:22,063 | ⚠ HOST DOMINANCE DETECTED
2026-05-29 23:04:22,064 | ⚠ POSSIBLE PORT SCAN DETECTED
2026-05-29 23:04:23,068 | ⚠ HOST DOMINANCE DETECTED
2026-05-29 23:04:23,069 | ⚠ POSSIBLE PORT SCAN DETECTED
2026-05-29 23:04:24,073 | ⚠ HOST DOMINANCE DETECTED
2026-05-29 23:04:24,074 | ⚠ POSSIBLE PORT SCAN DETECTED
2026-05-29 23:04:25,079 | ⚠ HOST DOMINANCE DETECTED
2026-05-29 23:04:25,079 | ⚠ POSSIBLE PORT SCAN DETECTED
2026-05-29 23:04:25,476 | ⚠ HOST DOMINANCE DETECTED
2026-05-29 23:04:25,476 | ⚠ POSSIBLE PORT SCAN DETECTED
2026-05-29 23:04:26,082 | ⚠ HOST DOMINANCE DETECTED
2026-05-29 23:04:26,082 | ⚠ POSSIBLE PORT SCAN DETECTED
2026-05-29 23:04:27,085 | ⚠ HOST DOMINANCE DETECTED
2026-05-29 23:04:27,085 | ⚠ POSSIBLE PORT SCAN DETECTED
2026-05-29 23:04:28,088 | ⚠ HOST DOMINANCE DETECTED
2026-05-29 23:04:28,089 | ⚠ POSSIBLE PORT SCAN DETECTED
2026-05-29 23:04:29,093 | ⚠ HOST DOMINANCE DETECTED
2026-05-29 23:04:29,093 | ⚠ POSSIBLE PORT SCAN DETECTED
2026-05-29 23:04:30,097 | ⚠ HOST DOMINANCE DETECTED
2026-05-29 23:04:30,097 | ⚠ POSSIBLE PORT SCAN DETECTED
2026-05-29 23:04:30,486 | ⚠ BANDWIDTH SPIKE DETECTED
2026-05-29 23:04:30,487 | ⚠ HOST DOMINANCE DETECTED
2026-05-29 23:04:30,487 | ⚠ POSSIBLE PORT SCAN DETECTED
2026-05-29 23:04:31,107 | ⚠ HOST DOMINANCE DETECTED
2026-05-29 23:04:31,108 | ⚠ POSSIBLE PORT SCAN DETECTED
2026-05-29 23:04:32,112 | ⚠ HOST DOMINANCE DETECTED
2026-05-29 23:04:32,112 | ⚠ POSSIBLE PORT SCAN DETECTED
2026-05-29 23:04:33,116 | ⚠ HOST DOMINANCE DETECTED
2026-05-29 23:04:33,117 | ⚠ POSSIBLE PORT SCAN DETECTED
2026-05-29 23:04:34,121 | ⚠ HOST DOMINANCE DETECTED
2026-05-29 23:04:34,121 | ⚠ POSSIBLE PORT SCAN DETECTED
2026-05-29 23:04:35,124 | ⚠ HOST DOMINANCE DETECTED
2026-05-29 23:04:35,125 | ⚠ POSSIBLE PORT SCAN DETECTED
2026-05-29 23:04:35,492 | ⚠ HOST DOMINANCE DETECTED
2026-05-29 23:04:35,492 | ⚠ POSSIBLE PORT SCAN DETECTED
2026-05-29 23:04:36,129 | ⚠ HOST DOMINANCE DETECTED
2026-05-29 23:04:36,130 | ⚠ POSSIBLE PORT SCAN DETECTED
2026-05-29 23:04:37,133 | ⚠ HOST DOMINANCE DETECTED
2026-05-29 23:04:37,134 | ⚠ POSSIBLE PORT SCAN DETECTED
2026-05-29 23:04:38,138 | ⚠ HOST DOMINANCE DETECTED
2026-05-29 23:04:38,139 | ⚠ POSSIBLE PORT SCAN DETECTED
2026-05-29 23:04:39,143 | ⚠ HOST DOMINANCE DETECTED
2026-05-29 23:04:39,144 | ⚠ POSSIBLE PORT SCAN DETECTED
2026-05-29 23:04:40,146 | ⚠ HOST DOMINANCE DETECTED
2026-05-29 23:04:40,147 | ⚠ POSSIBLE PORT SCAN DETECTED
2026-05-29 23:04:40,500 | ⚠ HOST DOMINANCE DETECTED
2026-05-29 23:04:40,501 | ⚠ POSSIBLE PORT SCAN DETECTED
2026-05-29 23:04:41,150 | ⚠ HOST DOMINANCE DETECTED
2026-05-29 23:04:41,150 | ⚠ POSSIBLE PORT SCAN DETECTED
2026-05-29 23:04:41,177 | ⚠ HOST DOMINANCE DETECTED
2026-05-29 23:04:41,177 | ⚠ POSSIBLE PORT SCAN DETECTED
2026-05-29 23:04:42,153 | ⚠ HOST DOMINANCE DETECTED
2026-05-29 23:04:42,154 | ⚠ POSSIBLE PORT SCAN DETECTED
2026-05-29 23:04:43,157 | ⚠ HOST DOMINANCE DETECTED
2026-05-29 23:04:43,157 | ⚠ POSSIBLE PORT SCAN DETECTED
2026-05-29 23:04:44,160 | ⚠ HOST DOMINANCE DETECTED
2026-05-29 23:04:44,161 | ⚠ POSSIBLE PORT SCAN DETECTED
2026-05-29 23:04:45,164 | ⚠ HOST DOMINANCE DETECTED
2026-05-29 23:04:45,164 | ⚠ POSSIBLE PORT SCAN DETECTED
2026-05-29 23:04:45,505 | ⚠ HOST DOMINANCE DETECTED
2026-05-29 23:04:45,506 | ⚠ POSSIBLE PORT SCAN DETECTED
2026-05-29 23:04:46,168 | ⚠ HOST DOMINANCE DETECTED
2026-05-29 23:04:46,169 | ⚠ POSSIBLE PORT SCAN DETECTED
2026-05-29 23:04:47,175 | ⚠ HOST DOMINANCE DETECTED
2026-05-29 23:04:47,176 | ⚠ POSSIBLE PORT SCAN DETECTED
2026-05-29 23:04:48,179 | ⚠ HOST DOMINANCE DETECTED
2026-05-29 23:04:48,180 | ⚠ POSSIBLE PORT SCAN DETECTED
2026-05-29 23:04:49,184 | ⚠ HOST DOMINANCE DETECTED
2026-05-29 23:04:49,184 | ⚠ POSSIBLE PORT SCAN DETECTED
2026-05-29 23:04:50,188 | ⚠ HOST DOMINANCE DETECTED
2026-05-29 23:04:50,188 | ⚠ POSSIBLE PORT SCAN DETECTED
2026-05-29 23:04:50,511 | ⚠ HOST DOMINANCE DETECTED
2026-05-29 23:04:50,512 | ⚠ POSSIBLE PORT SCAN DETECTED
2026-05-29 23:04:51,191 | ⚠ HOST DOMINANCE DETECTED
2026-05-29 23:04:51,191 | ⚠ POSSIBLE PORT SCAN DETECTED
2026-05-29 23:04:52,194 | ⚠ HOST DOMINANCE DETECTED
2026-05-29 23:04:52,194 | ⚠ POSSIBLE PORT SCAN DETECTED
2026-05-29 23:04:53,199 | ⚠ HOST DOMINANCE DETECTED
2026-05-29 23:04:53,199 | ⚠ POSSIBLE PORT SCAN DETECTED
2026-05-29 23:04:54,204 | ⚠ HOST DOMINANCE DETECTED
2026-05-29 23:04:54,205 | ⚠ POSSIBLE PORT SCAN DETECTED
2026-05-29 23:04:55,209 | ⚠ HOST DOMINANCE DETECTED
2026-05-29 23:04:55,209 | ⚠ POSSIBLE PORT SCAN DETECTED
2026-05-29 23:04:55,519 | ⚠ BANDWIDTH SPIKE DETECTED
2026-05-29 23:04:55,519 | ⚠ HOST DOMINANCE DETECTED
2026-05-29 23:04:55,519 | ⚠ POSSIBLE PORT SCAN DETECTED
2026-05-29 23:04:56,213 | ⚠ HOST DOMINANCE DETECTED
2026-05-29 23:04:56,213 | ⚠ POSSIBLE PORT SCAN DETECTED
2026-05-29 23:04:57,217 | ⚠ HOST DOMINANCE DETECTED
2026-05-29 23:04:57,218 | ⚠ POSSIBLE PORT SCAN DETECTED
2026-05-29 23:04:58,222 | ⚠ HOST DOMINANCE DETECTED
2026-05-29 23:04:58,223 | ⚠ POSSIBLE PORT SCAN DETECTED
2026-05-29 23:04:59,226 | ⚠ HOST DOMINANCE DETECTED
2026-05-29 23:04:59,226 | ⚠ POSSIBLE PORT SCAN DETECTED
2026-05-29 23:05:00,229 | ⚠ HOST DOMINANCE DETECTED
2026-05-29 23:05:00,231 | ⚠ POSSIBLE PORT SCAN DETECTED
2026-05-29 23:05:00,529 | ⚠ HOST DOMINANCE DETECTED
2026-05-29 23:05:00,530 | ⚠ POSSIBLE PORT SCAN DETECTED
2026-05-29 23:05:01,234 | ⚠ HOST DOMINANCE DETECTED
2026-05-29 23:05:01,235 | ⚠ POSSIBLE PORT SCAN DETECTED
2026-05-29 23:05:02,239 | ⚠ HOST DOMINANCE DETECTED
2026-05-29 23:05:02,240 | ⚠ POSSIBLE PORT SCAN DETECTED
2026-05-29 23:05:03,245 | ⚠ HOST DOMINANCE DETECTED
2026-05-29 23:05:03,245 | ⚠ POSSIBLE PORT SCAN DETECTED
2026-05-29 23:05:04,248 | ⚠ HOST DOMINANCE DETECTED
2026-05-29 23:05:04,248 | ⚠ POSSIBLE PORT SCAN DETECTED
2026-05-29 23:05:05,251 | ⚠ HOST DOMINANCE DETECTED
2026-05-29 23:05:05,252 | ⚠ POSSIBLE PORT SCAN DETECTED
2026-05-29 23:05:05,538 | ⚠ HOST DOMINANCE DETECTED
2026-05-29 23:05:05,538 | ⚠ POSSIBLE PORT SCAN DETECTED
2026-05-29 23:05:06,256 | ⚠ HOST DOMINANCE DETECTED
2026-05-29 23:05:06,256 | ⚠ POSSIBLE PORT SCAN DETECTED
2026-05-29 23:05:07,259 | ⚠ HOST DOMINANCE DETECTED
2026-05-29 23:05:07,260 | ⚠ POSSIBLE PORT SCAN DETECTED
2026-05-29 23:05:08,264 | ⚠ HOST DOMINANCE DETECTED
2026-05-29 23:05:08,264 | ⚠ POSSIBLE PORT SCAN DETECTED
2026-05-29 23:05:09,267 | ⚠ HOST DOMINANCE DETECTED
2026-05-29 23:05:09,268 | ⚠ POSSIBLE PORT SCAN DETECTED
2026-05-29 23:05:10,272 | ⚠ HOST DOMINANCE DETECTED
2026-05-29 23:05:10,272 | ⚠ POSSIBLE PORT SCAN DETECTED
2026-05-29 23:05:10,549 | ⚠ HOST DOMINANCE DETECTED
2026-05-29 23:05:10,550 | ⚠ POSSIBLE PORT SCAN DETECTED
2026-05-29 23:05:11,276 | ⚠ HOST DOMINANCE DETECTED
2026-05-29 23:05:11,276 | ⚠ POSSIBLE PORT SCAN DETECTED
2026-05-29 23:05:11,572 | ⚠ HOST DOMINANCE DETECTED
2026-05-29 23:05:11,572 | ⚠ POSSIBLE PORT SCAN DETECTED
2026-05-29 23:05:12,280 | ⚠ HOST DOMINANCE DETECTED
2026-05-29 23:05:12,280 | ⚠ POSSIBLE PORT SCAN DETECTED
2026-05-29 23:05:13,283 | ⚠ HOST DOMINANCE DETECTED
2026-05-29 23:05:13,284 | ⚠ POSSIBLE PORT SCAN DETECTED
2026-05-29 23:05:14,288 | ⚠ HOST DOMINANCE DETECTED
2026-05-29 23:05:14,288 | ⚠ POSSIBLE PORT SCAN DETECTED
2026-05-29 23:05:15,290 | ⚠ HOST DOMINANCE DETECTED
2026-05-29 23:05:15,291 | ⚠ POSSIBLE PORT SCAN DETECTED
2026-05-29 23:05:15,555 | ⚠ HOST DOMINANCE DETECTED
2026-05-29 23:05:15,556 | ⚠ POSSIBLE PORT SCAN DETECTED
2026-05-29 23:05:16,293 | ⚠ HOST DOMINANCE DETECTED
2026-05-29 23:05:16,294 | ⚠ POSSIBLE PORT SCAN DETECTED
2026-05-29 23:05:17,298 | ⚠ HOST DOMINANCE DETECTED
2026-05-29 23:05:17,298 | ⚠ POSSIBLE PORT SCAN DETECTED
2026-05-29 23:05:18,301 | ⚠ HOST DOMINANCE DETECTED
2026-05-29 23:05:18,301 | ⚠ POSSIBLE PORT SCAN DETECTED
2026-05-29 23:05:19,305 | ⚠ HOST DOMINANCE DETECTED
2026-05-29 23:05:19,306 | ⚠ POSSIBLE PORT SCAN DETECTED
2026-05-29 23:05:20,309 | ⚠ HOST DOMINANCE DETECTED
2026-05-29 23:05:20,309 | ⚠ POSSIBLE PORT SCAN DETECTED
2026-05-29 23:05:20,566 | ⚠ HOST DOMINANCE DETECTED
2026-05-29 23:05:20,566 | ⚠ POSSIBLE PORT SCAN DETECTED
2026-05-29 23:05:21,312 | ⚠ HOST DOMINANCE DETECTED
2026-05-29 23:05:21,312 | ⚠ POSSIBLE PORT SCAN DETECTED
2026-05-29 23:05:22,315 | ⚠ HOST DOMINANCE DETECTED
2026-05-29 23:05:22,315 | ⚠ POSSIBLE PORT SCAN DETECTED
2026-05-29 23:05:23,318 | ⚠ HOST DOMINANCE DETECTED
2026-05-29 23:05:23,318 | ⚠ POSSIBLE PORT SCAN DETECTED
2026-05-29 23:05:24,322 | ⚠ HOST DOMINANCE DETECTED
2026-05-29 23:05:24,322 | ⚠ POSSIBLE PORT SCAN DETECTED
2026-05-29 23:05:25,325 | ⚠ HOST DOMINANCE DETECTED
2026-05-29 23:05:25,325 | ⚠ POSSIBLE PORT SCAN DETECTED
2026-05-29 23:05:25,578 | ⚠ BANDWIDTH SPIKE DETECTED
2026-05-29 23:05:25,578 | ⚠ HOST DOMINANCE DETECTED
2026-05-29 23:05:25,578 | ⚠ POSSIBLE PORT SCAN DETECTED
2026-05-29 23:05:26,330 | ⚠ HOST DOMINANCE DETECTED
2026-05-29 23:05:26,331 | ⚠ POSSIBLE PORT SCAN DETECTED
2026-05-29 23:05:27,335 | ⚠ HOST DOMINANCE DETECTED
2026-05-29 23:05:27,335 | ⚠ POSSIBLE PORT SCAN DETECTED
2026-05-29 23:05:28,342 | ⚠ HOST DOMINANCE DETECTED
2026-05-29 23:05:28,343 | ⚠ POSSIBLE PORT SCAN DETECTED
2026-05-29 23:05:29,349 | ⚠ HOST DOMINANCE DETECTED
2026-05-29 23:05:29,350 | ⚠ POSSIBLE PORT SCAN DETECTED
2026-05-29 23:05:30,358 | ⚠ HOST DOMINANCE DETECTED
2026-05-29 23:05:30,359 | ⚠ POSSIBLE PORT SCAN DETECTED
2026-05-29 23:05:30,596 | ⚠ HOST DOMINANCE DETECTED
2026-05-29 23:05:30,596 | ⚠ POSSIBLE PORT SCAN DETECTED
2026-05-29 23:05:31,378 | ⚠ HOST DOMINANCE DETECTED
2026-05-29 23:05:31,378 | ⚠ POSSIBLE PORT SCAN DETECTED
2026-05-29 23:05:32,384 | ⚠ HOST DOMINANCE DETECTED
2026-05-29 23:05:32,384 | ⚠ POSSIBLE PORT SCAN DETECTED
2026-05-29 23:05:33,389 | ⚠ HOST DOMINANCE DETECTED
2026-05-29 23:05:33,389 | ⚠ POSSIBLE PORT SCAN DETECTED
2026-05-29 23:05:34,400 | ⚠ HOST DOMINANCE DETECTED
2026-05-29 23:05:34,401 | ⚠ POSSIBLE PORT SCAN DETECTED
2026-05-29 23:05:35,406 | ⚠ HOST DOMINANCE DETECTED
2026-05-29 23:05:35,406 | ⚠ POSSIBLE PORT SCAN DETECTED
2026-05-29 23:05:35,612 | ⚠ HOST DOMINANCE DETECTED
2026-05-29 23:05:35,613 | ⚠ POSSIBLE PORT SCAN DETECTED
2026-05-29 23:05:36,409 | ⚠ HOST DOMINANCE DETECTED
2026-05-29 23:05:36,410 | ⚠ POSSIBLE PORT SCAN DETECTED
2026-05-29 23:05:37,415 | ⚠ HOST DOMINANCE DETECTED
2026-05-29 23:05:37,416 | ⚠ POSSIBLE PORT SCAN DETECTED
2026-05-29 23:05:38,421 | ⚠ HOST DOMINANCE DETECTED
2026-05-29 23:05:38,422 | ⚠ POSSIBLE PORT SCAN DETECTED
2026-05-29 23:05:39,430 | ⚠ HOST DOMINANCE DETECTED
2026-05-29 23:05:39,430 | ⚠ POSSIBLE PORT SCAN DETECTED
2026-05-29 23:05:40,437 | ⚠ HOST DOMINANCE DETECTED
2026-05-29 23:05:40,437 | ⚠ POSSIBLE PORT SCAN DETECTED
2026-05-29 23:05:40,627 | ⚠ HOST DOMINANCE DETECTED
2026-05-29 23:05:40,627 | ⚠ POSSIBLE PORT SCAN DETECTED
2026-05-29 23:05:41,442 | ⚠ HOST DOMINANCE DETECTED
2026-05-29 23:05:41,442 | ⚠ POSSIBLE PORT SCAN DETECTED
2026-05-29 23:05:41,997 | ⚠ HOST DOMINANCE DETECTED
2026-05-29 23:05:41,997 | ⚠ POSSIBLE PORT SCAN DETECTED
2026-05-29 23:05:42,446 | ⚠ HOST DOMINANCE DETECTED
2026-05-29 23:05:42,446 | ⚠ POSSIBLE PORT SCAN DETECTED
2026-05-29 23:05:43,449 | ⚠ HOST DOMINANCE DETECTED
2026-05-29 23:05:43,449 | ⚠ POSSIBLE PORT SCAN DETECTED
2026-05-29 23:05:44,454 | ⚠ HOST DOMINANCE DETECTED
2026-05-29 23:05:44,454 | ⚠ POSSIBLE PORT SCAN DETECTED
2026-05-29 23:05:45,458 | ⚠ HOST DOMINANCE DETECTED
2026-05-29 23:05:45,458 | ⚠ POSSIBLE PORT SCAN DETECTED
2026-05-29 23:05:45,636 | ⚠ HOST DOMINANCE DETECTED
2026-05-29 23:05:45,636 | ⚠ POSSIBLE PORT SCAN DETECTED
2026-05-29 23:05:46,464 | ⚠ HOST DOMINANCE DETECTED
2026-05-29 23:05:46,464 | ⚠ POSSIBLE PORT SCAN DETECTED
2026-05-29 23:05:47,469 | ⚠ HOST DOMINANCE DETECTED
2026-05-29 23:05:47,469 | ⚠ POSSIBLE PORT SCAN DETECTED
2026-05-29 23:05:48,473 | ⚠ HOST DOMINANCE DETECTED
2026-05-29 23:05:48,474 | ⚠ POSSIBLE PORT SCAN DETECTED
2026-05-29 23:05:49,479 | ⚠ HOST DOMINANCE DETECTED
2026-05-29 23:05:49,479 | ⚠ POSSIBLE PORT SCAN DETECTED
2026-05-29 23:05:50,488 | ⚠ HOST DOMINANCE DETECTED
2026-05-29 23:05:50,489 | ⚠ POSSIBLE PORT SCAN DETECTED
2026-05-29 23:05:50,641 | ⚠ HOST DOMINANCE DETECTED
2026-05-29 23:05:50,641 | ⚠ POSSIBLE PORT SCAN DETECTED
2026-05-29 23:05:51,499 | ⚠ HOST DOMINANCE DETECTED
2026-05-29 23:05:51,499 | ⚠ POSSIBLE PORT SCAN DETECTED
2026-05-29 23:05:52,503 | ⚠ HOST DOMINANCE DETECTED
2026-05-29 23:05:52,504 | ⚠ POSSIBLE PORT SCAN DETECTED
2026-05-29 23:05:53,507 | ⚠ HOST DOMINANCE DETECTED
2026-05-29 23:05:53,507 | ⚠ POSSIBLE PORT SCAN DETECTED
2026-05-29 23:05:54,511 | ⚠ HOST DOMINANCE DETECTED
2026-05-29 23:05:54,512 | ⚠ POSSIBLE PORT SCAN DETECTED
2026-05-29 23:05:55,515 | ⚠ HOST DOMINANCE DETECTED
2026-05-29 23:05:55,516 | ⚠ POSSIBLE PORT SCAN DETECTED
2026-05-29 23:05:55,650 | ⚠ BANDWIDTH SPIKE DETECTED
2026-05-29 23:05:55,650 | ⚠ HOST DOMINANCE DETECTED
2026-05-29 23:05:55,650 | ⚠ POSSIBLE PORT SCAN DETECTED
2026-05-29 23:05:56,519 | ⚠ HOST DOMINANCE DETECTED
2026-05-29 23:05:56,519 | ⚠ POSSIBLE PORT SCAN DETECTED
2026-05-29 23:05:57,523 | ⚠ HOST DOMINANCE DETECTED
2026-05-29 23:05:57,523 | ⚠ POSSIBLE PORT SCAN DETECTED
2026-05-29 23:05:58,527 | ⚠ HOST DOMINANCE DETECTED
2026-05-29 23:05:58,527 | ⚠ POSSIBLE PORT SCAN DETECTED
2026-05-29 23:05:59,528 | ⚠ HOST DOMINANCE DETECTED
2026-05-29 23:05:59,528 | ⚠ POSSIBLE PORT SCAN DETECTED
2026-05-29 23:06:00,532 | ⚠ HOST DOMINANCE DETECTED
2026-05-29 23:06:00,532 | ⚠ POSSIBLE PORT SCAN DETECTED
2026-05-29 23:06:00,655 | ⚠ HOST DOMINANCE DETECTED
2026-05-29 23:06:00,655 | ⚠ POSSIBLE PORT SCAN DETECTED
2026-05-29 23:06:01,541 | ⚠ HOST DOMINANCE DETECTED
2026-05-29 23:06:01,541 | ⚠ POSSIBLE PORT SCAN DETECTED
2026-05-29 23:06:02,545 | ⚠ HOST DOMINANCE DETECTED
2026-05-29 23:06:02,545 | ⚠ POSSIBLE PORT SCAN DETECTED
2026-05-29 23:06:03,550 | ⚠ HOST DOMINANCE DETECTED
2026-05-29 23:06:03,550 | ⚠ POSSIBLE PORT SCAN DETECTED
2026-05-29 23:06:04,555 | ⚠ HOST DOMINANCE DETECTED
2026-05-29 23:06:04,556 | ⚠ POSSIBLE PORT SCAN DETECTED
2026-05-29 23:06:05,561 | ⚠ HOST DOMINANCE DETECTED
2026-05-29 23:06:05,562 | ⚠ POSSIBLE PORT SCAN DETECTED
2026-05-29 23:06:05,660 | ⚠ HOST DOMINANCE DETECTED
2026-05-29 23:06:05,660 | ⚠ POSSIBLE PORT SCAN DETECTED
2026-05-29 23:06:06,564 | ⚠ HOST DOMINANCE DETECTED
2026-05-29 23:06:06,565 | ⚠ POSSIBLE PORT SCAN DETECTED
2026-05-29 23:06:07,568 | ⚠ HOST DOMINANCE DETECTED
2026-05-29 23:06:07,568 | ⚠ POSSIBLE PORT SCAN DETECTED
2026-05-29 23:06:08,571 | ⚠ HOST DOMINANCE DETECTED
2026-05-29 23:06:08,571 | ⚠ POSSIBLE PORT SCAN DETECTED
2026-05-29 23:06:09,581 | ⚠ HOST DOMINANCE DETECTED
2026-05-29 23:06:09,582 | ⚠ POSSIBLE PORT SCAN DETECTED
2026-05-29 23:06:10,586 | ⚠ HOST DOMINANCE DETECTED
2026-05-29 23:06:10,586 | ⚠ POSSIBLE PORT SCAN DETECTED
2026-05-29 23:06:10,681 | ⚠ HOST DOMINANCE DETECTED
2026-05-29 23:06:10,683 | ⚠ POSSIBLE PORT SCAN DETECTED
2026-05-29 23:06:11,596 | ⚠ HOST DOMINANCE DETECTED
2026-05-29 23:06:11,596 | ⚠ POSSIBLE PORT SCAN DETECTED
2026-05-29 23:06:12,456 | ⚠ HOST DOMINANCE DETECTED
2026-05-29 23:06:12,457 | ⚠ POSSIBLE PORT SCAN DETECTED
2026-05-29 23:06:12,599 | ⚠ HOST DOMINANCE DETECTED
2026-05-29 23:06:12,599 | ⚠ POSSIBLE PORT SCAN DETECTED
2026-05-29 23:06:13,601 | ⚠ HOST DOMINANCE DETECTED
2026-05-29 23:06:13,603 | ⚠ POSSIBLE PORT SCAN DETECTED
2026-05-29 23:06:14,610 | ⚠ HOST DOMINANCE DETECTED
2026-05-29 23:06:14,610 | ⚠ POSSIBLE PORT SCAN DETECTED
2026-05-29 23:06:15,611 | ⚠ HOST DOMINANCE DETECTED
2026-05-29 23:06:15,612 | ⚠ POSSIBLE PORT SCAN DETECTED
2026-05-29 23:06:15,692 | ⚠ HOST DOMINANCE DETECTED
2026-05-29 23:06:15,695 | ⚠ POSSIBLE PORT SCAN DETECTED
2026-05-29 23:06:16,619 | ⚠ HOST DOMINANCE DETECTED
2026-05-29 23:06:16,619 | ⚠ POSSIBLE PORT SCAN DETECTED
2026-05-29 23:06:17,623 | ⚠ HOST DOMINANCE DETECTED
2026-05-29 23:06:17,624 | ⚠ POSSIBLE PORT SCAN DETECTED
2026-05-29 23:06:18,628 | ⚠ HOST DOMINANCE DETECTED
2026-05-29 23:06:18,629 | ⚠ POSSIBLE PORT SCAN DETECTED
2026-05-29 23:06:19,631 | ⚠ HOST DOMINANCE DETECTED
2026-05-29 23:06:19,632 | ⚠ POSSIBLE PORT SCAN DETECTED
2026-05-29 23:06:20,634 | ⚠ HOST DOMINANCE DETECTED
2026-05-29 23:06:20,634 | ⚠ POSSIBLE PORT SCAN DETECTED
2026-05-29 23:06:20,720 | ⚠ HOST DOMINANCE DETECTED
2026-05-29 23:06:20,720 | ⚠ POSSIBLE PORT SCAN DETECTED
2026-05-29 23:06:21,640 | ⚠ HOST DOMINANCE DETECTED
2026-05-29 23:06:21,641 | ⚠ POSSIBLE PORT SCAN DETECTED
2026-05-29 23:06:22,643 | ⚠ HOST DOMINANCE DETECTED
2026-05-29 23:06:22,644 | ⚠ POSSIBLE PORT SCAN DETECTED
2026-05-29 23:06:23,647 | ⚠ HOST DOMINANCE DETECTED
2026-05-29 23:06:23,648 | ⚠ POSSIBLE PORT SCAN DETECTED
2026-05-29 23:06:24,653 | ⚠ HOST DOMINANCE DETECTED
2026-05-29 23:06:24,653 | ⚠ POSSIBLE PORT SCAN DETECTED
2026-05-29 23:06:25,656 | ⚠ HOST DOMINANCE DETECTED
2026-05-29 23:06:25,657 | ⚠ POSSIBLE PORT SCAN DETECTED
2026-05-29 23:06:25,726 | ⚠ BANDWIDTH SPIKE DETECTED
2026-05-29 23:06:25,726 | ⚠ HOST DOMINANCE DETECTED
2026-05-29 23:06:25,726 | ⚠ POSSIBLE PORT SCAN DETECTED
2026-05-29 23:06:26,664 | ⚠ HOST DOMINANCE DETECTED
2026-05-29 23:06:26,665 | ⚠ POSSIBLE PORT SCAN DETECTED
2026-05-29 23:06:27,668 | ⚠ HOST DOMINANCE DETECTED
2026-05-29 23:06:27,668 | ⚠ POSSIBLE PORT SCAN DETECTED
2026-05-29 23:06:28,674 | ⚠ HOST DOMINANCE DETECTED
2026-05-29 23:06:28,674 | ⚠ POSSIBLE PORT SCAN DETECTED
2026-05-29 23:06:29,677 | ⚠ HOST DOMINANCE DETECTED
2026-05-29 23:06:29,677 | ⚠ POSSIBLE PORT SCAN DETECTED
2026-05-29 23:06:30,679 | ⚠ HOST DOMINANCE DETECTED
2026-05-29 23:06:30,679 | ⚠ POSSIBLE PORT SCAN DETECTED
2026-05-29 23:06:30,732 | ⚠ HOST DOMINANCE DETECTED
2026-05-29 23:06:30,733 | ⚠ POSSIBLE PORT SCAN DETECTED
2026-05-29 23:06:31,694 | ⚠ HOST DOMINANCE DETECTED
2026-05-29 23:06:31,695 | ⚠ POSSIBLE PORT SCAN DETECTED
2026-05-29 23:06:32,697 | ⚠ HOST DOMINANCE DETECTED
2026-05-29 23:06:32,697 | ⚠ POSSIBLE PORT SCAN DETECTED
2026-05-29 23:06:33,700 | ⚠ HOST DOMINANCE DETECTED
2026-05-29 23:06:33,700 | ⚠ POSSIBLE PORT SCAN DETECTED
2026-05-29 23:06:34,704 | ⚠ HOST DOMINANCE DETECTED
2026-05-29 23:06:34,704 | ⚠ POSSIBLE PORT SCAN DETECTED
2026-05-29 23:06:35,707 | ⚠ HOST DOMINANCE DETECTED
2026-05-29 23:06:35,707 | ⚠ POSSIBLE PORT SCAN DETECTED
2026-05-29 23:06:35,753 | ⚠ HOST DOMINANCE DETECTED
2026-05-29 23:06:35,754 | ⚠ POSSIBLE PORT SCAN DETECTED
2026-05-29 23:06:36,710 | ⚠ HOST DOMINANCE DETECTED
2026-05-29 23:06:36,710 | ⚠ POSSIBLE PORT SCAN DETECTED
2026-05-29 23:06:37,713 | ⚠ HOST DOMINANCE DETECTED
2026-05-29 23:06:37,714 | ⚠ POSSIBLE PORT SCAN DETECTED
2026-05-29 23:06:38,717 | ⚠ HOST DOMINANCE DETECTED
2026-05-29 23:06:38,717 | ⚠ POSSIBLE PORT SCAN DETECTED
2026-05-29 23:06:39,720 | ⚠ HOST DOMINANCE DETECTED
2026-05-29 23:06:39,721 | ⚠ POSSIBLE PORT SCAN DETECTED
2026-05-29 23:06:40,725 | ⚠ HOST DOMINANCE DETECTED
2026-05-29 23:06:40,725 | ⚠ POSSIBLE PORT SCAN DETECTED
2026-05-29 23:06:40,762 | ⚠ HOST DOMINANCE DETECTED
2026-05-29 23:06:40,763 | ⚠ POSSIBLE PORT SCAN DETECTED
2026-05-29 23:06:41,728 | ⚠ HOST DOMINANCE DETECTED
2026-05-29 23:06:41,728 | ⚠ POSSIBLE PORT SCAN DETECTED
2026-05-29 23:06:42,731 | ⚠ HOST DOMINANCE DETECTED
2026-05-29 23:06:42,731 | ⚠ POSSIBLE PORT SCAN DETECTED
2026-05-29 23:06:42,939 | ⚠ HOST DOMINANCE DETECTED
2026-05-29 23:06:42,939 | ⚠ POSSIBLE PORT SCAN DETECTED
2026-05-29 23:06:43,734 | ⚠ HOST DOMINANCE DETECTED
2026-05-29 23:06:43,735 | ⚠ POSSIBLE PORT SCAN DETECTED
2026-05-29 23:06:44,740 | ⚠ HOST DOMINANCE DETECTED
2026-05-29 23:06:44,740 | ⚠ POSSIBLE PORT SCAN DETECTED
2026-05-29 23:06:45,743 | ⚠ HOST DOMINANCE DETECTED
2026-05-29 23:06:45,743 | ⚠ POSSIBLE PORT SCAN DETECTED
2026-05-29 23:06:45,772 | ⚠ HOST DOMINANCE DETECTED
2026-05-29 23:06:45,772 | ⚠ POSSIBLE PORT SCAN DETECTED
2026-05-29 23:06:46,747 | ⚠ HOST DOMINANCE DETECTED
2026-05-29 23:06:46,747 | ⚠ POSSIBLE PORT SCAN DETECTED
2026-05-29 23:06:47,750 | ⚠ HOST DOMINANCE DETECTED
2026-05-29 23:06:47,750 | ⚠ POSSIBLE PORT SCAN DETECTED
2026-05-29 23:06:48,753 | ⚠ HOST DOMINANCE DETECTED
2026-05-29 23:06:48,753 | ⚠ POSSIBLE PORT SCAN DETECTED
2026-05-29 23:06:49,756 | ⚠ HOST DOMINANCE DETECTED
2026-05-29 23:06:49,756 | ⚠ POSSIBLE PORT SCAN DETECTED
2026-05-29 23:06:50,759 | ⚠ HOST DOMINANCE DETECTED
2026-05-29 23:06:50,759 | ⚠ POSSIBLE PORT SCAN DETECTED
2026-05-29 23:06:50,778 | ⚠ HOST DOMINANCE DETECTED
2026-05-29 23:06:50,779 | ⚠ POSSIBLE PORT SCAN DETECTED
2026-05-29 23:06:51,762 | ⚠ HOST DOMINANCE DETECTED
2026-05-29 23:06:51,762 | ⚠ POSSIBLE PORT SCAN DETECTED
2026-05-29 23:06:52,765 | ⚠ HOST DOMINANCE DETECTED
2026-05-29 23:06:52,765 | ⚠ POSSIBLE PORT SCAN DETECTED
2026-05-29 23:06:53,768 | ⚠ HOST DOMINANCE DETECTED
2026-05-29 23:06:53,768 | ⚠ POSSIBLE PORT SCAN DETECTED
2026-05-29 23:06:54,772 | ⚠ HOST DOMINANCE DETECTED
2026-05-29 23:06:54,772 | ⚠ POSSIBLE PORT SCAN DETECTED
2026-05-29 23:06:55,775 | ⚠ HOST DOMINANCE DETECTED
2026-05-29 23:06:55,775 | ⚠ POSSIBLE PORT SCAN DETECTED
2026-05-29 23:06:55,786 | ⚠ HOST DOMINANCE DETECTED
2026-05-29 23:06:55,787 | ⚠ POSSIBLE PORT SCAN DETECTED
2026-05-29 23:06:56,777 | ⚠ HOST DOMINANCE DETECTED
2026-05-29 23:06:56,777 | ⚠ POSSIBLE PORT SCAN DETECTED
2026-05-29 23:06:57,781 | ⚠ HOST DOMINANCE DETECTED
2026-05-29 23:06:57,781 | ⚠ POSSIBLE PORT SCAN DETECTED
2026-05-29 23:06:58,784 | ⚠ HOST DOMINANCE DETECTED
2026-05-29 23:06:58,784 | ⚠ POSSIBLE PORT SCAN DETECTED
2026-05-29 23:06:59,794 | ⚠ HOST DOMINANCE DETECTED
2026-05-29 23:06:59,795 | ⚠ POSSIBLE PORT SCAN DETECTED
2026-05-29 23:07:00,793 | ⚠ HOST DOMINANCE DETECTED
2026-05-29 23:07:00,794 | ⚠ POSSIBLE PORT SCAN DETECTED
2026-05-29 23:07:00,798 | ⚠ HOST DOMINANCE DETECTED
2026-05-29 23:07:00,798 | ⚠ POSSIBLE PORT SCAN DETECTED
2026-05-29 23:07:01,801 | ⚠ HOST DOMINANCE DETECTED
2026-05-29 23:07:01,801 | ⚠ POSSIBLE PORT SCAN DETECTED
2026-05-29 23:07:02,804 | ⚠ HOST DOMINANCE DETECTED
2026-05-29 23:07:02,804 | ⚠ POSSIBLE PORT SCAN DETECTED
2026-05-29 23:07:03,808 | ⚠ HOST DOMINANCE DETECTED
2026-05-29 23:07:03,808 | ⚠ POSSIBLE PORT SCAN DETECTED
2026-05-29 23:07:04,811 | ⚠ HOST DOMINANCE DETECTED
2026-05-29 23:07:04,812 | ⚠ POSSIBLE PORT SCAN DETECTED
2026-05-29 23:07:05,799 | ⚠ HOST DOMINANCE DETECTED
2026-05-29 23:07:05,799 | ⚠ POSSIBLE PORT SCAN DETECTED
2026-05-29 23:07:05,816 | ⚠ HOST DOMINANCE DETECTED
2026-05-29 23:07:05,816 | ⚠ POSSIBLE PORT SCAN DETECTED
2026-05-29 23:07:06,818 | ⚠ HOST DOMINANCE DETECTED
2026-05-29 23:07:06,819 | ⚠ POSSIBLE PORT SCAN DETECTED
2026-05-29 23:07:07,821 | ⚠ HOST DOMINANCE DETECTED
2026-05-29 23:07:07,822 | ⚠ POSSIBLE PORT SCAN DETECTED
2026-05-29 23:07:08,825 | ⚠ HOST DOMINANCE DETECTED
2026-05-29 23:07:08,825 | ⚠ POSSIBLE PORT SCAN DETECTED
2026-05-29 23:07:09,831 | ⚠ HOST DOMINANCE DETECTED
2026-05-29 23:07:09,832 | ⚠ POSSIBLE PORT SCAN DETECTED
2026-05-29 23:07:10,807 | ⚠ HOST DOMINANCE DETECTED
2026-05-29 23:07:10,807 | ⚠ POSSIBLE PORT SCAN DETECTED
2026-05-29 23:07:10,835 | ⚠ HOST DOMINANCE DETECTED
2026-05-29 23:07:10,835 | ⚠ POSSIBLE PORT SCAN DETECTED
2026-05-29 23:07:11,836 | ⚠ HOST DOMINANCE DETECTED
2026-05-29 23:07:11,837 | ⚠ POSSIBLE PORT SCAN DETECTED
2026-05-29 23:07:12,846 | ⚠ HOST DOMINANCE DETECTED
2026-05-29 23:07:12,849 | ⚠ POSSIBLE PORT SCAN DETECTED
2026-05-29 23:07:13,446 | ⚠ HOST DOMINANCE DETECTED
2026-05-29 23:07:13,446 | ⚠ POSSIBLE PORT SCAN DETECTED
2026-05-29 23:07:13,853 | ⚠ HOST DOMINANCE DETECTED
2026-05-29 23:07:13,853 | ⚠ POSSIBLE PORT SCAN DETECTED
2026-05-29 23:07:14,863 | ⚠ HOST DOMINANCE DETECTED
2026-05-29 23:07:14,864 | ⚠ POSSIBLE PORT SCAN DETECTED
2026-05-29 23:07:15,813 | ⚠ HOST DOMINANCE DETECTED
2026-05-29 23:07:15,813 | ⚠ POSSIBLE PORT SCAN DETECTED
2026-05-29 23:07:15,870 | ⚠ HOST DOMINANCE DETECTED
2026-05-29 23:07:15,871 | ⚠ POSSIBLE PORT SCAN DETECTED
2026-05-29 23:07:16,875 | ⚠ HOST DOMINANCE DETECTED
2026-05-29 23:07:16,875 | ⚠ POSSIBLE PORT SCAN DETECTED
2026-05-29 23:07:17,883 | ⚠ HOST DOMINANCE DETECTED
2026-05-29 23:07:17,885 | ⚠ POSSIBLE PORT SCAN DETECTED
2026-05-29 23:07:18,889 | ⚠ HOST DOMINANCE DETECTED
2026-05-29 23:07:18,889 | ⚠ POSSIBLE PORT SCAN DETECTED
2026-05-29 23:07:19,894 | ⚠ HOST DOMINANCE DETECTED
2026-05-29 23:07:19,894 | ⚠ POSSIBLE PORT SCAN DETECTED
2026-05-29 23:07:20,821 | ⚠ HOST DOMINANCE DETECTED
2026-05-29 23:07:20,821 | ⚠ POSSIBLE PORT SCAN DETECTED
2026-05-29 23:07:20,896 | ⚠ HOST DOMINANCE DETECTED
2026-05-29 23:07:20,896 | ⚠ POSSIBLE PORT SCAN DETECTED
2026-05-29 23:07:21,898 | ⚠ HOST DOMINANCE DETECTED
2026-05-29 23:07:21,898 | ⚠ POSSIBLE PORT SCAN DETECTED
2026-05-29 23:07:22,901 | ⚠ HOST DOMINANCE DETECTED
2026-05-29 23:07:22,901 | ⚠ POSSIBLE PORT SCAN DETECTED
2026-05-29 23:07:23,903 | ⚠ HOST DOMINANCE DETECTED
2026-05-29 23:07:23,904 | ⚠ POSSIBLE PORT SCAN DETECTED
2026-05-29 23:07:24,927 | ⚠ HOST DOMINANCE DETECTED
2026-05-29 23:07:24,928 | ⚠ POSSIBLE PORT SCAN DETECTED
2026-05-29 23:07:25,834 | ⚠ HOST DOMINANCE DETECTED
2026-05-29 23:07:25,836 | ⚠ POSSIBLE PORT SCAN DETECTED
2026-05-29 23:07:25,932 | ⚠ HOST DOMINANCE DETECTED
2026-05-29 23:07:25,932 | ⚠ POSSIBLE PORT SCAN DETECTED
2026-05-29 23:07:26,933 | ⚠ HOST DOMINANCE DETECTED
2026-05-29 23:07:26,934 | ⚠ POSSIBLE PORT SCAN DETECTED
2026-05-29 23:07:27,991 | ⚠ HOST DOMINANCE DETECTED
2026-05-29 23:07:27,992 | ⚠ POSSIBLE PORT SCAN DETECTED
2026-05-29 23:07:29,033 | ⚠ HOST DOMINANCE DETECTED
2026-05-29 23:07:29,034 | ⚠ POSSIBLE PORT SCAN DETECTED
2026-05-29 23:07:30,038 | ⚠ HOST DOMINANCE DETECTED
2026-05-29 23:07:30,039 | ⚠ POSSIBLE PORT SCAN DETECTED
2026-05-29 23:07:30,843 | ⚠ BANDWIDTH SPIKE DETECTED
2026-05-29 23:07:30,843 | ⚠ HOST DOMINANCE DETECTED
2026-05-29 23:07:30,843 | ⚠ POSSIBLE PORT SCAN DETECTED
2026-05-29 23:07:31,041 | ⚠ HOST DOMINANCE DETECTED
2026-05-29 23:07:31,041 | ⚠ POSSIBLE PORT SCAN DETECTED
2026-05-29 23:07:32,045 | ⚠ HOST DOMINANCE DETECTED
2026-05-29 23:07:32,045 | ⚠ POSSIBLE PORT SCAN DETECTED
2026-05-29 23:07:33,047 | ⚠ HOST DOMINANCE DETECTED
2026-05-29 23:07:33,048 | ⚠ POSSIBLE PORT SCAN DETECTED
2026-05-29 23:07:34,051 | ⚠ HOST DOMINANCE DETECTED
2026-05-29 23:07:34,051 | ⚠ POSSIBLE PORT SCAN DETECTED
2026-05-29 23:07:35,054 | ⚠ HOST DOMINANCE DETECTED
2026-05-29 23:07:35,054 | ⚠ POSSIBLE PORT SCAN DETECTED
2026-05-29 23:07:35,850 | ⚠ BANDWIDTH SPIKE DETECTED
2026-05-29 23:07:35,850 | ⚠ HOST DOMINANCE DETECTED
2026-05-29 23:07:35,851 | ⚠ POSSIBLE PORT SCAN DETECTED
2026-05-29 23:07:36,057 | ⚠ HOST DOMINANCE DETECTED
2026-05-29 23:07:36,058 | ⚠ POSSIBLE PORT SCAN DETECTED
2026-05-29 23:07:37,065 | ⚠ HOST DOMINANCE DETECTED
2026-05-29 23:07:37,065 | ⚠ POSSIBLE PORT SCAN DETECTED
2026-05-29 23:07:38,070 | ⚠ HOST DOMINANCE DETECTED
2026-05-29 23:07:38,071 | ⚠ POSSIBLE PORT SCAN DETECTED
2026-05-29 23:07:39,077 | ⚠ HOST DOMINANCE DETECTED
2026-05-29 23:07:39,078 | ⚠ POSSIBLE PORT SCAN DETECTED
2026-05-29 23:07:40,100 | ⚠ HOST DOMINANCE DETECTED
2026-05-29 23:07:40,104 | ⚠ POSSIBLE PORT SCAN DETECTED
2026-05-29 23:07:40,862 | ⚠ HOST DOMINANCE DETECTED
2026-05-29 23:07:40,863 | ⚠ POSSIBLE PORT SCAN DETECTED
2026-05-29 23:07:41,116 | ⚠ HOST DOMINANCE DETECTED
2026-05-29 23:07:41,116 | ⚠ POSSIBLE PORT SCAN DETECTED
2026-05-29 23:07:42,122 | ⚠ HOST DOMINANCE DETECTED
2026-05-29 23:07:42,122 | ⚠ POSSIBLE PORT SCAN DETECTED
2026-05-29 23:07:43,126 | ⚠ HOST DOMINANCE DETECTED
2026-05-29 23:07:43,126 | ⚠ POSSIBLE PORT SCAN DETECTED
2026-05-29 23:07:44,132 | ⚠ HOST DOMINANCE DETECTED
2026-05-29 23:07:44,132 | ⚠ POSSIBLE PORT SCAN DETECTED
2026-05-29 23:07:44,236 | ⚠ HOST DOMINANCE DETECTED
2026-05-29 23:07:44,237 | ⚠ POSSIBLE PORT SCAN DETECTED
2026-05-29 23:07:45,137 | ⚠ HOST DOMINANCE DETECTED
2026-05-29 23:07:45,137 | ⚠ POSSIBLE PORT SCAN DETECTED
2026-05-29 23:07:45,871 | ⚠ HOST DOMINANCE DETECTED
2026-05-29 23:07:45,871 | ⚠ POSSIBLE PORT SCAN DETECTED
2026-05-29 23:07:46,143 | ⚠ HOST DOMINANCE DETECTED
2026-05-29 23:07:46,143 | ⚠ POSSIBLE PORT SCAN DETECTED
2026-05-29 23:07:47,148 | ⚠ HOST DOMINANCE DETECTED
2026-05-29 23:07:47,148 | ⚠ POSSIBLE PORT SCAN DETECTED
2026-05-29 23:07:48,152 | ⚠ HOST DOMINANCE DETECTED
2026-05-29 23:07:48,153 | ⚠ POSSIBLE PORT SCAN DETECTED
2026-05-29 23:07:49,162 | ⚠ HOST DOMINANCE DETECTED
2026-05-29 23:07:49,162 | ⚠ POSSIBLE PORT SCAN DETECTED
2026-05-29 23:07:50,165 | ⚠ HOST DOMINANCE DETECTED
2026-05-29 23:07:50,166 | ⚠ POSSIBLE PORT SCAN DETECTED
2026-05-29 23:07:50,884 | ⚠ HOST DOMINANCE DETECTED
2026-05-29 23:07:50,884 | ⚠ POSSIBLE PORT SCAN DETECTED
2026-05-29 23:07:51,169 | ⚠ HOST DOMINANCE DETECTED
2026-05-29 23:07:51,170 | ⚠ POSSIBLE PORT SCAN DETECTED
2026-05-29 23:07:52,176 | ⚠ HOST DOMINANCE DETECTED
2026-05-29 23:07:52,176 | ⚠ POSSIBLE PORT SCAN DETECTED
2026-05-29 23:07:53,181 | ⚠ HOST DOMINANCE DETECTED
2026-05-29 23:07:53,181 | ⚠ POSSIBLE PORT SCAN DETECTED
2026-05-29 23:07:54,186 | ⚠ HOST DOMINANCE DETECTED
2026-05-29 23:07:54,187 | ⚠ POSSIBLE PORT SCAN DETECTED
2026-05-29 23:07:55,192 | ⚠ HOST DOMINANCE DETECTED
2026-05-29 23:07:55,193 | ⚠ POSSIBLE PORT SCAN DETECTED
2026-05-29 23:07:55,898 | ⚠ HOST DOMINANCE DETECTED
2026-05-29 23:07:55,899 | ⚠ POSSIBLE PORT SCAN DETECTED
2026-05-29 23:07:56,197 | ⚠ HOST DOMINANCE DETECTED
2026-05-29 23:07:56,198 | ⚠ POSSIBLE PORT SCAN DETECTED
2026-05-29 23:07:57,201 | ⚠ HOST DOMINANCE DETECTED
2026-05-29 23:07:57,201 | ⚠ POSSIBLE PORT SCAN DETECTED
2026-05-29 23:07:58,206 | ⚠ HOST DOMINANCE DETECTED
2026-05-29 23:07:58,206 | ⚠ POSSIBLE PORT SCAN DETECTED
2026-05-29 23:07:59,214 | ⚠ HOST DOMINANCE DETECTED
2026-05-29 23:07:59,215 | ⚠ POSSIBLE PORT SCAN DETECTED
2026-05-29 23:08:00,218 | ⚠ HOST DOMINANCE DETECTED
2026-05-29 23:08:00,218 | ⚠ POSSIBLE PORT SCAN DETECTED
2026-05-29 23:08:00,912 | ⚠ BANDWIDTH SPIKE DETECTED
2026-05-29 23:08:00,912 | ⚠ HOST DOMINANCE DETECTED
2026-05-29 23:08:00,912 | ⚠ POSSIBLE PORT SCAN DETECTED
2026-05-29 23:08:01,220 | ⚠ HOST DOMINANCE DETECTED
2026-05-29 23:08:01,221 | ⚠ POSSIBLE PORT SCAN DETECTED
2026-05-29 23:08:02,224 | ⚠ HOST DOMINANCE DETECTED
2026-05-29 23:08:02,225 | ⚠ POSSIBLE PORT SCAN DETECTED
2026-05-29 23:08:03,231 | ⚠ HOST DOMINANCE DETECTED
2026-05-29 23:08:03,232 | ⚠ POSSIBLE PORT SCAN DETECTED
2026-05-29 23:08:04,236 | ⚠ HOST DOMINANCE DETECTED
2026-05-29 23:08:04,237 | ⚠ POSSIBLE PORT SCAN DETECTED
2026-05-29 23:08:05,242 | ⚠ HOST DOMINANCE DETECTED
2026-05-29 23:08:05,242 | ⚠ POSSIBLE PORT SCAN DETECTED
2026-05-29 23:08:05,931 | ⚠ HOST DOMINANCE DETECTED
2026-05-29 23:08:05,931 | ⚠ POSSIBLE PORT SCAN DETECTED
2026-05-29 23:08:06,247 | ⚠ HOST DOMINANCE DETECTED
2026-05-29 23:08:06,248 | ⚠ POSSIBLE PORT SCAN DETECTED
2026-05-29 23:08:07,253 | ⚠ HOST DOMINANCE DETECTED
2026-05-29 23:08:07,253 | ⚠ POSSIBLE PORT SCAN DETECTED
2026-05-29 23:08:08,257 | ⚠ HOST DOMINANCE DETECTED
2026-05-29 23:08:08,257 | ⚠ POSSIBLE PORT SCAN DETECTED
2026-05-29 23:08:09,261 | ⚠ HOST DOMINANCE DETECTED
2026-05-29 23:08:09,262 | ⚠ POSSIBLE PORT SCAN DETECTED
2026-05-29 23:08:10,272 | ⚠ HOST DOMINANCE DETECTED
2026-05-29 23:08:10,272 | ⚠ POSSIBLE PORT SCAN DETECTED
2026-05-29 23:08:10,942 | ⚠ HOST DOMINANCE DETECTED
2026-05-29 23:08:10,942 | ⚠ POSSIBLE PORT SCAN DETECTED
2026-05-29 23:08:11,276 | ⚠ HOST DOMINANCE DETECTED
2026-05-29 23:08:11,277 | ⚠ POSSIBLE PORT SCAN DETECTED
2026-05-29 23:08:12,287 | ⚠ HOST DOMINANCE DETECTED
2026-05-29 23:08:12,287 | ⚠ POSSIBLE PORT SCAN DETECTED
2026-05-29 23:08:13,291 | ⚠ HOST DOMINANCE DETECTED
2026-05-29 23:08:13,291 | ⚠ POSSIBLE PORT SCAN DETECTED
2026-05-29 23:08:14,296 | ⚠ HOST DOMINANCE DETECTED
2026-05-29 23:08:14,296 | ⚠ POSSIBLE PORT SCAN DETECTED
2026-05-29 23:08:14,925 | ⚠ HOST DOMINANCE DETECTED
2026-05-29 23:08:14,925 | ⚠ POSSIBLE PORT SCAN DETECTED
2026-05-29 23:08:15,300 | ⚠ HOST DOMINANCE DETECTED
2026-05-29 23:08:15,300 | ⚠ POSSIBLE PORT SCAN DETECTED
2026-05-29 23:08:15,946 | ⚠ HOST DOMINANCE DETECTED
2026-05-29 23:08:15,946 | ⚠ POSSIBLE PORT SCAN DETECTED
2026-05-29 23:08:16,303 | ⚠ HOST DOMINANCE DETECTED
2026-05-29 23:08:16,303 | ⚠ POSSIBLE PORT SCAN DETECTED
2026-05-29 23:08:17,306 | ⚠ HOST DOMINANCE DETECTED
2026-05-29 23:08:17,306 | ⚠ POSSIBLE PORT SCAN DETECTED
2026-05-29 23:08:18,313 | ⚠ HOST DOMINANCE DETECTED
2026-05-29 23:08:18,313 | ⚠ POSSIBLE PORT SCAN DETECTED
2026-05-29 23:08:19,318 | ⚠ HOST DOMINANCE DETECTED
2026-05-29 23:08:19,319 | ⚠ POSSIBLE PORT SCAN DETECTED
2026-05-29 23:08:20,323 | ⚠ HOST DOMINANCE DETECTED
2026-05-29 23:08:20,323 | ⚠ POSSIBLE PORT SCAN DETECTED
2026-05-29 23:08:20,954 | ⚠ HOST DOMINANCE DETECTED
2026-05-29 23:08:20,954 | ⚠ POSSIBLE PORT SCAN DETECTED
2026-05-29 23:08:21,329 | ⚠ HOST DOMINANCE DETECTED
2026-05-29 23:08:21,329 | ⚠ POSSIBLE PORT SCAN DETECTED
2026-05-29 23:08:22,334 | ⚠ HOST DOMINANCE DETECTED
2026-05-29 23:08:22,334 | ⚠ POSSIBLE PORT SCAN DETECTED
2026-05-29 23:08:23,343 | ⚠ HOST DOMINANCE DETECTED
2026-05-29 23:08:23,344 | ⚠ POSSIBLE PORT SCAN DETECTED
2026-05-29 23:08:24,352 | ⚠ HOST DOMINANCE DETECTED
2026-05-29 23:08:24,352 | ⚠ POSSIBLE PORT SCAN DETECTED
2026-05-29 23:08:25,358 | ⚠ HOST DOMINANCE DETECTED
2026-05-29 23:08:25,555 | ⚠ POSSIBLE PORT SCAN DETECTED
2026-05-29 23:08:25,964 | ⚠ HOST DOMINANCE DETECTED
2026-05-29 23:08:25,964 | ⚠ POSSIBLE PORT SCAN DETECTED
2026-05-29 23:08:26,565 | ⚠ HOST DOMINANCE DETECTED
2026-05-29 23:08:26,565 | ⚠ POSSIBLE PORT SCAN DETECTED
2026-05-29 23:08:27,570 | ⚠ HOST DOMINANCE DETECTED
2026-05-29 23:08:27,570 | ⚠ POSSIBLE PORT SCAN DETECTED
2026-05-29 23:08:28,576 | ⚠ HOST DOMINANCE DETECTED
2026-05-29 23:08:28,576 | ⚠ POSSIBLE PORT SCAN DETECTED
2026-05-29 23:08:29,580 | ⚠ HOST DOMINANCE DETECTED
2026-05-29 23:08:29,580 | ⚠ POSSIBLE PORT SCAN DETECTED
2026-05-29 23:08:30,584 | ⚠ HOST DOMINANCE DETECTED
2026-05-29 23:08:30,584 | ⚠ POSSIBLE PORT SCAN DETECTED
2026-05-29 23:08:30,983 | ⚠ HOST DOMINANCE DETECTED
2026-05-29 23:08:30,984 | ⚠ POSSIBLE PORT SCAN DETECTED
2026-05-29 23:08:31,588 | ⚠ HOST DOMINANCE DETECTED
2026-05-29 23:08:31,588 | ⚠ POSSIBLE PORT SCAN DETECTED
2026-05-29 23:08:32,594 | ⚠ HOST DOMINANCE DETECTED
2026-05-29 23:08:32,594 | ⚠ POSSIBLE PORT SCAN DETECTED
2026-05-29 23:08:33,600 | ⚠ HOST DOMINANCE DETECTED
2026-05-29 23:08:33,600 | ⚠ POSSIBLE PORT SCAN DETECTED
2026-05-29 23:08:34,605 | ⚠ HOST DOMINANCE DETECTED
2026-05-29 23:08:34,606 | ⚠ POSSIBLE PORT SCAN DETECTED
2026-05-29 23:08:35,608 | ⚠ HOST DOMINANCE DETECTED
2026-05-29 23:08:35,608 | ⚠ POSSIBLE PORT SCAN DETECTED
2026-05-29 23:08:35,995 | ⚠ HOST DOMINANCE DETECTED
2026-05-29 23:08:35,995 | ⚠ POSSIBLE PORT SCAN DETECTED
2026-05-29 23:08:36,613 | ⚠ HOST DOMINANCE DETECTED
2026-05-29 23:08:36,614 | ⚠ POSSIBLE PORT SCAN DETECTED
2026-05-29 23:08:37,618 | ⚠ HOST DOMINANCE DETECTED
2026-05-29 23:08:37,618 | ⚠ POSSIBLE PORT SCAN DETECTED
2026-05-29 23:08:38,625 | ⚠ HOST DOMINANCE DETECTED
2026-05-29 23:08:38,626 | ⚠ POSSIBLE PORT SCAN DETECTED
2026-05-29 23:08:39,630 | ⚠ HOST DOMINANCE DETECTED
2026-05-29 23:08:39,631 | ⚠ POSSIBLE PORT SCAN DETECTED
2026-05-29 23:08:40,636 | ⚠ HOST DOMINANCE DETECTED
2026-05-29 23:08:40,636 | ⚠ POSSIBLE PORT SCAN DETECTED
2026-05-29 23:08:41,007 | ⚠ HOST DOMINANCE DETECTED
2026-05-29 23:08:41,007 | ⚠ POSSIBLE PORT SCAN DETECTED
2026-05-29 23:08:41,641 | ⚠ HOST DOMINANCE DETECTED
2026-05-29 23:08:41,641 | ⚠ POSSIBLE PORT SCAN DETECTED
2026-05-29 23:08:42,651 | ⚠ HOST DOMINANCE DETECTED
2026-05-29 23:08:42,651 | ⚠ POSSIBLE PORT SCAN DETECTED
2026-05-29 23:08:43,658 | ⚠ HOST DOMINANCE DETECTED
2026-05-29 23:08:43,658 | ⚠ POSSIBLE PORT SCAN DETECTED
2026-05-29 23:08:44,663 | ⚠ HOST DOMINANCE DETECTED
2026-05-29 23:08:44,663 | ⚠ POSSIBLE PORT SCAN DETECTED
2026-05-29 23:08:45,668 | ⚠ HOST DOMINANCE DETECTED
2026-05-29 23:08:45,669 | ⚠ POSSIBLE PORT SCAN DETECTED
2026-05-29 23:08:45,673 | ⚠ HOST DOMINANCE DETECTED
2026-05-29 23:08:45,673 | ⚠ POSSIBLE PORT SCAN DETECTED
2026-05-29 23:08:46,018 | ⚠ BANDWIDTH SPIKE DETECTED
2026-05-29 23:08:46,019 | ⚠ HOST DOMINANCE DETECTED
2026-05-29 23:08:46,019 | ⚠ POSSIBLE PORT SCAN DETECTED
2026-05-29 23:08:46,679 | ⚠ HOST DOMINANCE DETECTED
2026-05-29 23:08:46,680 | ⚠ POSSIBLE PORT SCAN DETECTED
2026-05-29 23:08:47,687 | ⚠ HOST DOMINANCE DETECTED
2026-05-29 23:08:47,687 | ⚠ POSSIBLE PORT SCAN DETECTED
2026-05-29 23:08:48,691 | ⚠ HOST DOMINANCE DETECTED
2026-05-29 23:08:48,692 | ⚠ POSSIBLE PORT SCAN DETECTED
2026-05-29 23:08:49,696 | ⚠ HOST DOMINANCE DETECTED
2026-05-29 23:08:49,696 | ⚠ POSSIBLE PORT SCAN DETECTED
2026-05-29 23:08:50,700 | ⚠ HOST DOMINANCE DETECTED
2026-05-29 23:08:50,701 | ⚠ POSSIBLE PORT SCAN DETECTED
2026-05-29 23:08:51,030 | ⚠ HOST DOMINANCE DETECTED
2026-05-29 23:08:51,030 | ⚠ POSSIBLE PORT SCAN DETECTED
2026-05-29 23:08:51,708 | ⚠ HOST DOMINANCE DETECTED
2026-05-29 23:08:51,708 | ⚠ POSSIBLE PORT SCAN DETECTED
2026-05-29 23:08:52,714 | ⚠ HOST DOMINANCE DETECTED
2026-05-29 23:08:52,715 | ⚠ POSSIBLE PORT SCAN DETECTED
2026-05-29 23:08:53,720 | ⚠ HOST DOMINANCE DETECTED
2026-05-29 23:08:53,720 | ⚠ POSSIBLE PORT SCAN DETECTED
2026-05-29 23:08:54,726 | ⚠ HOST DOMINANCE DETECTED
2026-05-29 23:08:54,727 | ⚠ POSSIBLE PORT SCAN DETECTED
2026-05-29 23:08:55,735 | ⚠ HOST DOMINANCE DETECTED
2026-05-29 23:08:55,736 | ⚠ POSSIBLE PORT SCAN DETECTED
2026-05-29 23:08:56,044 | ⚠ HOST DOMINANCE DETECTED
2026-05-29 23:08:56,044 | ⚠ POSSIBLE PORT SCAN DETECTED
2026-05-29 23:08:56,742 | ⚠ HOST DOMINANCE DETECTED
2026-05-29 23:08:56,743 | ⚠ POSSIBLE PORT SCAN DETECTED
2026-05-29 23:08:57,752 | ⚠ HOST DOMINANCE DETECTED
2026-05-29 23:08:57,752 | ⚠ POSSIBLE PORT SCAN DETECTED
2026-05-29 23:08:58,757 | ⚠ HOST DOMINANCE DETECTED
2026-05-29 23:08:58,757 | ⚠ POSSIBLE PORT SCAN DETECTED
2026-05-29 23:08:59,762 | ⚠ HOST DOMINANCE DETECTED
2026-05-29 23:08:59,763 | ⚠ POSSIBLE PORT SCAN DETECTED
2026-05-29 23:09:00,769 | ⚠ HOST DOMINANCE DETECTED
2026-05-29 23:09:00,770 | ⚠ POSSIBLE PORT SCAN DETECTED
2026-05-29 23:09:01,057 | ⚠ HOST DOMINANCE DETECTED
2026-05-29 23:09:01,057 | ⚠ POSSIBLE PORT SCAN DETECTED
2026-05-29 23:09:01,774 | ⚠ HOST DOMINANCE DETECTED
2026-05-29 23:09:01,774 | ⚠ POSSIBLE PORT SCAN DETECTED
2026-05-29 23:09:02,779 | ⚠ HOST DOMINANCE DETECTED
2026-05-29 23:09:02,780 | ⚠ POSSIBLE PORT SCAN DETECTED
2026-05-29 23:09:03,787 | ⚠ HOST DOMINANCE DETECTED
2026-05-29 23:09:03,789 | ⚠ POSSIBLE PORT SCAN DETECTED
2026-05-29 23:09:04,794 | ⚠ HOST DOMINANCE DETECTED
2026-05-29 23:09:04,794 | ⚠ POSSIBLE PORT SCAN DETECTED
2026-05-29 23:09:05,796 | ⚠ HOST DOMINANCE DETECTED
2026-05-29 23:09:05,797 | ⚠ POSSIBLE PORT SCAN DETECTED
2026-05-29 23:09:06,069 | ⚠ HOST DOMINANCE DETECTED
2026-05-29 23:09:06,070 | ⚠ POSSIBLE PORT SCAN DETECTED
2026-05-29 23:09:06,809 | ⚠ HOST DOMINANCE DETECTED
2026-05-29 23:09:06,810 | ⚠ POSSIBLE PORT SCAN DETECTED
2026-05-29 23:09:07,818 | ⚠ HOST DOMINANCE DETECTED
2026-05-29 23:09:07,819 | ⚠ POSSIBLE PORT SCAN DETECTED
2026-05-29 23:09:08,825 | ⚠ HOST DOMINANCE DETECTED
2026-05-29 23:09:08,825 | ⚠ POSSIBLE PORT SCAN DETECTED
2026-05-29 23:09:09,830 | ⚠ HOST DOMINANCE DETECTED
2026-05-29 23:09:09,830 | ⚠ POSSIBLE PORT SCAN DETECTED
2026-05-29 23:09:10,834 | ⚠ HOST DOMINANCE DETECTED
2026-05-29 23:09:10,835 | ⚠ POSSIBLE PORT SCAN DETECTED
2026-05-29 23:09:11,082 | ⚠ HOST DOMINANCE DETECTED
2026-05-29 23:09:11,083 | ⚠ POSSIBLE PORT SCAN DETECTED
2026-05-29 23:09:11,839 | ⚠ HOST DOMINANCE DETECTED
2026-05-29 23:09:11,840 | ⚠ POSSIBLE PORT SCAN DETECTED
2026-05-29 23:09:12,844 | ⚠ HOST DOMINANCE DETECTED
2026-05-29 23:09:12,844 | ⚠ POSSIBLE PORT SCAN DETECTED
2026-05-29 23:09:13,848 | ⚠ HOST DOMINANCE DETECTED
2026-05-29 23:09:13,848 | ⚠ POSSIBLE PORT SCAN DETECTED
2026-05-29 23:09:14,852 | ⚠ HOST DOMINANCE DETECTED
2026-05-29 23:09:14,852 | ⚠ POSSIBLE PORT SCAN DETECTED
2026-05-29 23:09:15,855 | ⚠ HOST DOMINANCE DETECTED
2026-05-29 23:09:15,856 | ⚠ POSSIBLE PORT SCAN DETECTED
2026-05-29 23:09:16,095 | ⚠ HOST DOMINANCE DETECTED
2026-05-29 23:09:16,095 | ⚠ POSSIBLE PORT SCAN DETECTED
2026-05-29 23:09:16,467 | ⚠ HOST DOMINANCE DETECTED
2026-05-29 23:09:16,468 | ⚠ POSSIBLE PORT SCAN DETECTED
2026-05-29 23:09:16,861 | ⚠ HOST DOMINANCE DETECTED
2026-05-29 23:09:16,861 | ⚠ POSSIBLE PORT SCAN DETECTED
2026-05-29 23:09:17,864 | ⚠ HOST DOMINANCE DETECTED
2026-05-29 23:09:17,864 | ⚠ POSSIBLE PORT SCAN DETECTED
2026-05-29 23:09:18,865 | ⚠ HOST DOMINANCE DETECTED
2026-05-29 23:09:18,866 | ⚠ POSSIBLE PORT SCAN DETECTED
2026-05-29 23:09:19,868 | ⚠ HOST DOMINANCE DETECTED
2026-05-29 23:09:19,869 | ⚠ POSSIBLE PORT SCAN DETECTED
2026-05-29 23:09:20,873 | ⚠ HOST DOMINANCE DETECTED
2026-05-29 23:09:20,875 | ⚠ POSSIBLE PORT SCAN DETECTED
2026-05-29 23:09:21,107 | ⚠ BANDWIDTH SPIKE DETECTED
2026-05-29 23:09:21,107 | ⚠ HOST DOMINANCE DETECTED
2026-05-29 23:09:21,107 | ⚠ POSSIBLE PORT SCAN DETECTED
2026-05-29 23:09:21,883 | ⚠ HOST DOMINANCE DETECTED
2026-05-29 23:09:21,883 | ⚠ POSSIBLE PORT SCAN DETECTED
2026-05-29 23:09:22,890 | ⚠ HOST DOMINANCE DETECTED
2026-05-29 23:09:22,890 | ⚠ POSSIBLE PORT SCAN DETECTED
2026-05-29 23:09:23,893 | ⚠ HOST DOMINANCE DETECTED
2026-05-29 23:09:23,894 | ⚠ POSSIBLE PORT SCAN DETECTED
2026-05-29 23:09:24,901 | ⚠ HOST DOMINANCE DETECTED
2026-05-29 23:09:24,901 | ⚠ POSSIBLE PORT SCAN DETECTED
2026-05-29 23:09:25,911 | ⚠ HOST DOMINANCE DETECTED
2026-05-29 23:09:25,911 | ⚠ POSSIBLE PORT SCAN DETECTED
2026-05-29 23:09:26,132 | ⚠ BANDWIDTH SPIKE DETECTED
2026-05-29 23:09:26,133 | ⚠ HOST DOMINANCE DETECTED
2026-05-29 23:09:26,134 | ⚠ POSSIBLE PORT SCAN DETECTED
2026-05-29 23:09:26,915 | ⚠ HOST DOMINANCE DETECTED
2026-05-29 23:09:26,915 | ⚠ POSSIBLE PORT SCAN DETECTED
2026-05-29 23:09:27,918 | ⚠ HOST DOMINANCE DETECTED
2026-05-29 23:09:27,918 | ⚠ POSSIBLE PORT SCAN DETECTED
2026-05-29 23:09:28,923 | ⚠ HOST DOMINANCE DETECTED
2026-05-29 23:09:28,923 | ⚠ POSSIBLE PORT SCAN DETECTED
2026-05-29 23:09:29,928 | ⚠ HOST DOMINANCE DETECTED
2026-05-29 23:09:29,928 | ⚠ POSSIBLE PORT SCAN DETECTED
2026-05-29 23:09:30,933 | ⚠ HOST DOMINANCE DETECTED
2026-05-29 23:09:30,933 | ⚠ POSSIBLE PORT SCAN DETECTED
2026-05-29 23:09:31,149 | ⚠ HOST DOMINANCE DETECTED
2026-05-29 23:09:31,149 | ⚠ POSSIBLE PORT SCAN DETECTED
2026-05-29 23:09:31,938 | ⚠ HOST DOMINANCE DETECTED
2026-05-29 23:09:31,938 | ⚠ POSSIBLE PORT SCAN DETECTED
2026-05-29 23:09:32,943 | ⚠ HOST DOMINANCE DETECTED
2026-05-29 23:09:32,944 | ⚠ POSSIBLE PORT SCAN DETECTED
2026-05-29 23:09:33,952 | ⚠ HOST DOMINANCE DETECTED
2026-05-29 23:09:33,952 | ⚠ POSSIBLE PORT SCAN DETECTED
2026-05-29 23:09:34,957 | ⚠ HOST DOMINANCE DETECTED
2026-05-29 23:09:34,958 | ⚠ POSSIBLE PORT SCAN DETECTED
2026-05-29 23:09:35,966 | ⚠ HOST DOMINANCE DETECTED
2026-05-29 23:09:35,967 | ⚠ POSSIBLE PORT SCAN DETECTED
2026-05-29 23:09:36,158 | ⚠ HOST DOMINANCE DETECTED
2026-05-29 23:09:36,159 | ⚠ POSSIBLE PORT SCAN DETECTED
2026-05-29 23:09:36,974 | ⚠ HOST DOMINANCE DETECTED
2026-05-29 23:09:36,974 | ⚠ POSSIBLE PORT SCAN DETECTED
2026-05-29 23:09:37,979 | ⚠ HOST DOMINANCE DETECTED
2026-05-29 23:09:37,979 | ⚠ POSSIBLE PORT SCAN DETECTED
2026-05-29 23:09:38,982 | ⚠ HOST DOMINANCE DETECTED
2026-05-29 23:09:38,983 | ⚠ POSSIBLE PORT SCAN DETECTED
2026-05-29 23:09:39,990 | ⚠ HOST DOMINANCE DETECTED
2026-05-29 23:09:39,990 | ⚠ POSSIBLE PORT SCAN DETECTED
2026-05-29 23:09:40,994 | ⚠ HOST DOMINANCE DETECTED
2026-05-29 23:09:40,994 | ⚠ POSSIBLE PORT SCAN DETECTED
2026-05-29 23:09:41,173 | ⚠ HOST DOMINANCE DETECTED
2026-05-29 23:09:41,173 | ⚠ POSSIBLE PORT SCAN DETECTED
2026-05-29 23:09:41,998 | ⚠ HOST DOMINANCE DETECTED
2026-05-29 23:09:41,998 | ⚠ POSSIBLE PORT SCAN DETECTED
2026-05-29 23:09:43,001 | ⚠ HOST DOMINANCE DETECTED
2026-05-29 23:09:43,001 | ⚠ POSSIBLE PORT SCAN DETECTED
2026-05-29 23:09:44,005 | ⚠ HOST DOMINANCE DETECTED
2026-05-29 23:09:44,006 | ⚠ POSSIBLE PORT SCAN DETECTED
2026-05-29 23:09:45,011 | ⚠ HOST DOMINANCE DETECTED
2026-05-29 23:09:45,012 | ⚠ POSSIBLE PORT SCAN DETECTED
2026-05-29 23:09:46,014 | ⚠ HOST DOMINANCE DETECTED
2026-05-29 23:09:46,014 | ⚠ POSSIBLE PORT SCAN DETECTED
2026-05-29 23:09:46,187 | ⚠ HOST DOMINANCE DETECTED
2026-05-29 23:09:46,187 | ⚠ POSSIBLE PORT SCAN DETECTED
2026-05-29 23:09:47,018 | ⚠ HOST DOMINANCE DETECTED
2026-05-29 23:09:47,018 | ⚠ POSSIBLE PORT SCAN DETECTED
2026-05-29 23:09:47,284 | ⚠ HOST DOMINANCE DETECTED
2026-05-29 23:09:47,284 | ⚠ POSSIBLE PORT SCAN DETECTED
2026-05-29 23:09:48,022 | ⚠ HOST DOMINANCE DETECTED
2026-05-29 23:09:48,022 | ⚠ POSSIBLE PORT SCAN DETECTED
2026-05-29 23:09:49,027 | ⚠ HOST DOMINANCE DETECTED
2026-05-29 23:09:49,027 | ⚠ POSSIBLE PORT SCAN DETECTED
2026-05-29 23:09:50,032 | ⚠ HOST DOMINANCE DETECTED
2026-05-29 23:09:50,032 | ⚠ POSSIBLE PORT SCAN DETECTED
2026-05-29 23:09:51,038 | ⚠ HOST DOMINANCE DETECTED
2026-05-29 23:09:51,038 | ⚠ POSSIBLE PORT SCAN DETECTED
2026-05-29 23:09:51,203 | ⚠ HOST DOMINANCE DETECTED
2026-05-29 23:09:51,204 | ⚠ POSSIBLE PORT SCAN DETECTED
2026-05-29 23:09:52,040 | ⚠ HOST DOMINANCE DETECTED
2026-05-29 23:09:52,040 | ⚠ POSSIBLE PORT SCAN DETECTED
2026-05-29 23:09:53,046 | ⚠ HOST DOMINANCE DETECTED
2026-05-29 23:09:53,046 | ⚠ POSSIBLE PORT SCAN DETECTED
2026-05-29 23:09:54,050 | ⚠ HOST DOMINANCE DETECTED
2026-05-29 23:09:54,050 | ⚠ POSSIBLE PORT SCAN DETECTED
2026-05-29 23:09:55,055 | ⚠ HOST DOMINANCE DETECTED
2026-05-29 23:09:55,056 | ⚠ POSSIBLE PORT SCAN DETECTED
2026-05-29 23:09:56,061 | ⚠ HOST DOMINANCE DETECTED
2026-05-29 23:09:56,061 | ⚠ POSSIBLE PORT SCAN DETECTED
2026-05-29 23:09:56,219 | ⚠ HOST DOMINANCE DETECTED
2026-05-29 23:09:56,219 | ⚠ POSSIBLE PORT SCAN DETECTED
2026-05-29 23:09:57,065 | ⚠ HOST DOMINANCE DETECTED
2026-05-29 23:09:57,065 | ⚠ POSSIBLE PORT SCAN DETECTED
2026-05-29 23:09:58,070 | ⚠ HOST DOMINANCE DETECTED
2026-05-29 23:09:58,070 | ⚠ POSSIBLE PORT SCAN DETECTED
2026-05-29 23:09:59,074 | ⚠ HOST DOMINANCE DETECTED
2026-05-29 23:09:59,074 | ⚠ POSSIBLE PORT SCAN DETECTED
2026-05-29 23:10:00,079 | ⚠ HOST DOMINANCE DETECTED
2026-05-29 23:10:00,080 | ⚠ POSSIBLE PORT SCAN DETECTED
2026-05-29 23:10:01,086 | ⚠ HOST DOMINANCE DETECTED
2026-05-29 23:10:01,086 | ⚠ POSSIBLE PORT SCAN DETECTED
2026-05-29 23:10:01,232 | ⚠ HOST DOMINANCE DETECTED
2026-05-29 23:10:01,233 | ⚠ POSSIBLE PORT SCAN DETECTED
2026-05-29 23:10:02,091 | ⚠ HOST DOMINANCE DETECTED
2026-05-29 23:10:02,092 | ⚠ POSSIBLE PORT SCAN DETECTED
2026-05-29 23:10:03,100 | ⚠ HOST DOMINANCE DETECTED
2026-05-29 23:10:03,100 | ⚠ POSSIBLE PORT SCAN DETECTED
2026-05-29 23:10:04,104 | ⚠ HOST DOMINANCE DETECTED
2026-05-29 23:10:04,104 | ⚠ POSSIBLE PORT SCAN DETECTED
2026-05-29 23:10:05,108 | ⚠ HOST DOMINANCE DETECTED
2026-05-29 23:10:05,108 | ⚠ POSSIBLE PORT SCAN DETECTED
2026-05-29 23:10:06,112 | ⚠ HOST DOMINANCE DETECTED
2026-05-29 23:10:06,112 | ⚠ POSSIBLE PORT SCAN DETECTED
2026-05-29 23:10:06,249 | ⚠ HOST DOMINANCE DETECTED
2026-05-29 23:10:06,249 | ⚠ POSSIBLE PORT SCAN DETECTED
2026-05-29 23:10:07,116 | ⚠ HOST DOMINANCE DETECTED
2026-05-29 23:10:07,117 | ⚠ POSSIBLE PORT SCAN DETECTED
2026-05-29 23:10:08,122 | ⚠ HOST DOMINANCE DETECTED
2026-05-29 23:10:08,122 | ⚠ POSSIBLE PORT SCAN DETECTED
2026-05-29 23:10:09,128 | ⚠ HOST DOMINANCE DETECTED
2026-05-29 23:10:09,128 | ⚠ POSSIBLE PORT SCAN DETECTED
2026-05-29 23:10:10,134 | ⚠ HOST DOMINANCE DETECTED
2026-05-29 23:10:10,135 | ⚠ POSSIBLE PORT SCAN DETECTED
2026-05-29 23:10:11,143 | ⚠ HOST DOMINANCE DETECTED
2026-05-29 23:10:11,143 | ⚠ POSSIBLE PORT SCAN DETECTED
2026-05-29 23:10:11,258 | ⚠ BANDWIDTH SPIKE DETECTED
2026-05-29 23:10:11,258 | ⚠ HOST DOMINANCE DETECTED
2026-05-29 23:10:11,259 | ⚠ POSSIBLE PORT SCAN DETECTED
2026-05-29 23:10:12,147 | ⚠ HOST DOMINANCE DETECTED
2026-05-29 23:10:12,147 | ⚠ POSSIBLE PORT SCAN DETECTED
2026-05-29 23:10:13,154 | ⚠ HOST DOMINANCE DETECTED
2026-05-29 23:10:13,154 | ⚠ POSSIBLE PORT SCAN DETECTED
2026-05-29 23:10:14,160 | ⚠ HOST DOMINANCE DETECTED
2026-05-29 23:10:14,160 | ⚠ POSSIBLE PORT SCAN DETECTED
2026-05-29 23:10:15,166 | ⚠ HOST DOMINANCE DETECTED
2026-05-29 23:10:15,166 | ⚠ POSSIBLE PORT SCAN DETECTED
2026-05-29 23:10:16,169 | ⚠ HOST DOMINANCE DETECTED
2026-05-29 23:10:16,170 | ⚠ POSSIBLE PORT SCAN DETECTED
2026-05-29 23:10:16,272 | ⚠ HOST DOMINANCE DETECTED
2026-05-29 23:10:16,272 | ⚠ POSSIBLE PORT SCAN DETECTED
2026-05-29 23:10:17,173 | ⚠ HOST DOMINANCE DETECTED
2026-05-29 23:10:17,173 | ⚠ POSSIBLE PORT SCAN DETECTED
2026-05-29 23:10:18,183 | ⚠ HOST DOMINANCE DETECTED
2026-05-29 23:10:18,184 | ⚠ POSSIBLE PORT SCAN DETECTED
2026-05-29 23:10:18,212 | ⚠ HOST DOMINANCE DETECTED
2026-05-29 23:10:18,212 | ⚠ POSSIBLE PORT SCAN DETECTED
2026-05-29 23:10:19,189 | ⚠ HOST DOMINANCE DETECTED
2026-05-29 23:10:19,189 | ⚠ POSSIBLE PORT SCAN DETECTED
2026-05-29 23:10:20,192 | ⚠ HOST DOMINANCE DETECTED
2026-05-29 23:10:20,193 | ⚠ POSSIBLE PORT SCAN DETECTED
2026-05-29 23:10:21,196 | ⚠ HOST DOMINANCE DETECTED
2026-05-29 23:10:21,197 | ⚠ POSSIBLE PORT SCAN DETECTED
2026-05-29 23:10:21,287 | ⚠ BANDWIDTH SPIKE DETECTED
2026-05-29 23:10:21,287 | ⚠ HOST DOMINANCE DETECTED
2026-05-29 23:10:21,287 | ⚠ POSSIBLE PORT SCAN DETECTED
2026-05-29 23:10:22,201 | ⚠ HOST DOMINANCE DETECTED
2026-05-29 23:10:22,201 | ⚠ POSSIBLE PORT SCAN DETECTED
2026-05-29 23:10:23,205 | ⚠ HOST DOMINANCE DETECTED
2026-05-29 23:10:23,205 | ⚠ POSSIBLE PORT SCAN DETECTED
2026-05-29 23:10:24,210 | ⚠ HOST DOMINANCE DETECTED
2026-05-29 23:10:24,211 | ⚠ POSSIBLE PORT SCAN DETECTED
2026-05-29 23:10:25,217 | ⚠ HOST DOMINANCE DETECTED
2026-05-29 23:10:25,219 | ⚠ POSSIBLE PORT SCAN DETECTED
2026-05-29 23:10:26,225 | ⚠ HOST DOMINANCE DETECTED
2026-05-29 23:10:26,225 | ⚠ POSSIBLE PORT SCAN DETECTED
2026-05-29 23:10:26,299 | ⚠ HOST DOMINANCE DETECTED
2026-05-29 23:10:26,299 | ⚠ POSSIBLE PORT SCAN DETECTED
2026-05-29 23:10:27,229 | ⚠ HOST DOMINANCE DETECTED
2026-05-29 23:10:27,230 | ⚠ POSSIBLE PORT SCAN DETECTED
2026-05-29 23:10:28,235 | ⚠ HOST DOMINANCE DETECTED
2026-05-29 23:10:28,236 | ⚠ POSSIBLE PORT SCAN DETECTED
2026-05-29 23:10:29,241 | ⚠ HOST DOMINANCE DETECTED
2026-05-29 23:10:29,241 | ⚠ POSSIBLE PORT SCAN DETECTED
2026-05-29 23:10:30,247 | ⚠ HOST DOMINANCE DETECTED
2026-05-29 23:10:30,247 | ⚠ POSSIBLE PORT SCAN DETECTED
2026-05-29 23:10:31,252 | ⚠ HOST DOMINANCE DETECTED
2026-05-29 23:10:31,253 | ⚠ POSSIBLE PORT SCAN DETECTED
2026-05-29 23:10:31,311 | ⚠ HOST DOMINANCE DETECTED
2026-05-29 23:10:31,312 | ⚠ POSSIBLE PORT SCAN DETECTED
2026-05-29 23:10:32,258 | ⚠ HOST DOMINANCE DETECTED
2026-05-29 23:10:32,258 | ⚠ POSSIBLE PORT SCAN DETECTED
2026-05-29 23:10:33,264 | ⚠ HOST DOMINANCE DETECTED
2026-05-29 23:10:33,264 | ⚠ POSSIBLE PORT SCAN DETECTED
2026-05-29 23:10:34,268 | ⚠ HOST DOMINANCE DETECTED
2026-05-29 23:10:34,269 | ⚠ POSSIBLE PORT SCAN DETECTED
2026-05-29 23:10:35,276 | ⚠ HOST DOMINANCE DETECTED
2026-05-29 23:10:35,276 | ⚠ POSSIBLE PORT SCAN DETECTED
2026-05-29 23:10:36,283 | ⚠ HOST DOMINANCE DETECTED
2026-05-29 23:10:36,285 | ⚠ POSSIBLE PORT SCAN DETECTED
2026-05-29 23:10:36,411 | ⚠ HOST DOMINANCE DETECTED
2026-05-29 23:10:36,411 | ⚠ POSSIBLE PORT SCAN DETECTED
2026-05-29 23:10:37,292 | ⚠ HOST DOMINANCE DETECTED
2026-05-29 23:10:37,292 | ⚠ POSSIBLE PORT SCAN DETECTED
2026-05-29 23:10:38,298 | ⚠ HOST DOMINANCE DETECTED
2026-05-29 23:10:38,299 | ⚠ POSSIBLE PORT SCAN DETECTED
2026-05-29 23:10:39,305 | ⚠ HOST DOMINANCE DETECTED
2026-05-29 23:10:39,305 | ⚠ POSSIBLE PORT SCAN DETECTED
2026-05-29 23:10:40,312 | ⚠ HOST DOMINANCE DETECTED
2026-05-29 23:10:40,312 | ⚠ POSSIBLE PORT SCAN DETECTED
2026-05-29 23:14:55,546 | ⚠ HOST DOMINANCE DETECTED
2026-05-29 23:14:55,561 | ⚠ POSSIBLE PORT SCAN DETECTED
2026-05-29 23:14:55,654 | ⚠ HOST DOMINANCE DETECTED
2026-05-29 23:14:55,679 | ⚠ POSSIBLE PORT SCAN DETECTED
2026-05-29 23:14:56,572 | ⚠ HOST DOMINANCE DETECTED
2026-05-29 23:14:56,573 | ⚠ POSSIBLE PORT SCAN DETECTED
2026-05-29 23:14:57,634 | ⚠ HOST DOMINANCE DETECTED
2026-05-29 23:14:57,641 | ⚠ POSSIBLE PORT SCAN DETECTED
2026-05-29 23:14:58,656 | ⚠ HOST DOMINANCE DETECTED
2026-05-29 23:14:58,657 | ⚠ POSSIBLE PORT SCAN DETECTED
2026-05-29 23:14:59,669 | ⚠ HOST DOMINANCE DETECTED
2026-05-29 23:14:59,670 | ⚠ POSSIBLE PORT SCAN DETECTED
2026-05-29 23:15:00,675 | ⚠ HOST DOMINANCE DETECTED
2026-05-29 23:15:00,675 | ⚠ POSSIBLE PORT SCAN DETECTED
2026-05-29 23:15:00,992 | ⚠ HOST DOMINANCE DETECTED
2026-05-29 23:15:00,993 | ⚠ POSSIBLE PORT SCAN DETECTED
2026-05-29 23:15:01,678 | ⚠ HOST DOMINANCE DETECTED
2026-05-29 23:15:01,678 | ⚠ POSSIBLE PORT SCAN DETECTED
2026-05-29 23:15:02,772 | ⚠ HOST DOMINANCE DETECTED
2026-05-29 23:15:02,773 | ⚠ POSSIBLE PORT SCAN DETECTED
2026-05-29 23:15:03,358 | ⚠ HOST DOMINANCE DETECTED
2026-05-29 23:15:03,358 | ⚠ POSSIBLE PORT SCAN DETECTED
2026-05-29 23:15:03,780 | ⚠ HOST DOMINANCE DETECTED
2026-05-29 23:15:03,780 | ⚠ POSSIBLE PORT SCAN DETECTED
2026-05-29 23:15:04,785 | ⚠ HOST DOMINANCE DETECTED
2026-05-29 23:15:04,785 | ⚠ POSSIBLE PORT SCAN DETECTED
2026-05-29 23:15:05,789 | ⚠ HOST DOMINANCE DETECTED
2026-05-29 23:15:05,789 | ⚠ POSSIBLE PORT SCAN DETECTED
2026-05-29 23:15:06,003 | ⚠ HOST DOMINANCE DETECTED
2026-05-29 23:15:06,004 | ⚠ POSSIBLE PORT SCAN DETECTED
2026-05-29 23:15:06,793 | ⚠ HOST DOMINANCE DETECTED
2026-05-29 23:15:06,793 | ⚠ POSSIBLE PORT SCAN DETECTED
2026-05-29 23:15:07,798 | ⚠ HOST DOMINANCE DETECTED
2026-05-29 23:15:07,798 | ⚠ POSSIBLE PORT SCAN DETECTED
2026-05-29 23:15:08,802 | ⚠ HOST DOMINANCE DETECTED
2026-05-29 23:15:08,802 | ⚠ POSSIBLE PORT SCAN DETECTED
2026-05-29 23:15:09,804 | ⚠ HOST DOMINANCE DETECTED
2026-05-29 23:15:09,805 | ⚠ POSSIBLE PORT SCAN DETECTED
2026-05-29 23:15:10,809 | ⚠ HOST DOMINANCE DETECTED
2026-05-29 23:15:10,810 | ⚠ POSSIBLE PORT SCAN DETECTED
2026-05-29 23:15:11,012 | ⚠ HOST DOMINANCE DETECTED
2026-05-29 23:15:11,012 | ⚠ POSSIBLE PORT SCAN DETECTED
2026-05-29 23:15:11,813 | ⚠ HOST DOMINANCE DETECTED
2026-05-29 23:15:11,814 | ⚠ POSSIBLE PORT SCAN DETECTED
2026-05-29 23:15:12,818 | ⚠ HOST DOMINANCE DETECTED
2026-05-29 23:15:12,819 | ⚠ POSSIBLE PORT SCAN DETECTED
2026-05-29 23:15:13,826 | ⚠ HOST DOMINANCE DETECTED
2026-05-29 23:15:13,827 | ⚠ POSSIBLE PORT SCAN DETECTED
2026-05-29 23:15:14,830 | ⚠ HOST DOMINANCE DETECTED
2026-05-29 23:15:14,831 | ⚠ POSSIBLE PORT SCAN DETECTED
2026-05-29 23:15:15,839 | ⚠ HOST DOMINANCE DETECTED
2026-05-29 23:15:15,839 | ⚠ POSSIBLE PORT SCAN DETECTED
2026-05-29 23:15:16,020 | ⚠ HOST DOMINANCE DETECTED
2026-05-29 23:15:16,020 | ⚠ POSSIBLE PORT SCAN DETECTED
2026-05-29 23:15:16,842 | ⚠ HOST DOMINANCE DETECTED
2026-05-29 23:15:16,843 | ⚠ POSSIBLE PORT SCAN DETECTED
2026-05-29 23:15:17,846 | ⚠ HOST DOMINANCE DETECTED
2026-05-29 23:15:17,847 | ⚠ POSSIBLE PORT SCAN DETECTED
2026-05-29 23:15:18,850 | ⚠ HOST DOMINANCE DETECTED
2026-05-29 23:15:18,850 | ⚠ POSSIBLE PORT SCAN DETECTED
2026-05-29 23:15:19,858 | ⚠ HOST DOMINANCE DETECTED
2026-05-29 23:15:19,858 | ⚠ POSSIBLE PORT SCAN DETECTED
2026-05-29 23:15:20,862 | ⚠ HOST DOMINANCE DETECTED
2026-05-29 23:15:20,862 | ⚠ POSSIBLE PORT SCAN DETECTED
2026-05-29 23:15:21,026 | ⚠ HOST DOMINANCE DETECTED
2026-05-29 23:15:21,026 | ⚠ POSSIBLE PORT SCAN DETECTED
2026-05-29 23:15:21,866 | ⚠ HOST DOMINANCE DETECTED
2026-05-29 23:15:21,866 | ⚠ POSSIBLE PORT SCAN DETECTED
2026-05-29 23:15:22,870 | ⚠ HOST DOMINANCE DETECTED
2026-05-29 23:15:22,870 | ⚠ POSSIBLE PORT SCAN DETECTED
2026-05-29 23:15:23,872 | ⚠ HOST DOMINANCE DETECTED
2026-05-29 23:15:23,872 | ⚠ POSSIBLE PORT SCAN DETECTED
2026-05-29 23:15:24,875 | ⚠ HOST DOMINANCE DETECTED
2026-05-29 23:15:24,875 | ⚠ POSSIBLE PORT SCAN DETECTED
2026-05-29 23:15:25,878 | ⚠ HOST DOMINANCE DETECTED
2026-05-29 23:15:25,878 | ⚠ POSSIBLE PORT SCAN DETECTED
2026-05-29 23:15:26,036 | ⚠ HOST DOMINANCE DETECTED
2026-05-29 23:15:26,036 | ⚠ POSSIBLE PORT SCAN DETECTED
2026-05-29 23:15:26,881 | ⚠ HOST DOMINANCE DETECTED
2026-05-29 23:15:26,881 | ⚠ POSSIBLE PORT SCAN DETECTED
2026-05-29 23:15:27,884 | ⚠ HOST DOMINANCE DETECTED
2026-05-29 23:15:27,885 | ⚠ POSSIBLE PORT SCAN DETECTED
2026-05-29 23:15:28,892 | ⚠ HOST DOMINANCE DETECTED
2026-05-29 23:15:28,893 | ⚠ POSSIBLE PORT SCAN DETECTED
2026-05-29 23:15:29,896 | ⚠ HOST DOMINANCE DETECTED
2026-05-29 23:15:29,897 | ⚠ POSSIBLE PORT SCAN DETECTED
2026-05-29 23:15:30,904 | ⚠ HOST DOMINANCE DETECTED
2026-05-29 23:15:30,904 | ⚠ POSSIBLE PORT SCAN DETECTED
2026-05-29 23:15:31,048 | ⚠ HOST DOMINANCE DETECTED
2026-05-29 23:15:31,048 | ⚠ POSSIBLE PORT SCAN DETECTED
2026-05-29 23:15:31,908 | ⚠ HOST DOMINANCE DETECTED
2026-05-29 23:15:31,909 | ⚠ POSSIBLE PORT SCAN DETECTED
2026-05-29 23:15:32,913 | ⚠ HOST DOMINANCE DETECTED
2026-05-29 23:15:32,913 | ⚠ POSSIBLE PORT SCAN DETECTED
2026-05-29 23:15:33,879 | ⚠ HOST DOMINANCE DETECTED
2026-05-29 23:15:33,883 | ⚠ POSSIBLE PORT SCAN DETECTED
2026-05-29 23:15:33,916 | ⚠ HOST DOMINANCE DETECTED
2026-05-29 23:15:33,918 | ⚠ POSSIBLE PORT SCAN DETECTED
2026-05-29 23:15:34,921 | ⚠ HOST DOMINANCE DETECTED
2026-05-29 23:15:34,921 | ⚠ POSSIBLE PORT SCAN DETECTED
2026-05-29 23:15:35,926 | ⚠ HOST DOMINANCE DETECTED
2026-05-29 23:15:35,927 | ⚠ POSSIBLE PORT SCAN DETECTED
2026-05-29 23:15:36,054 | ⚠ HOST DOMINANCE DETECTED
2026-05-29 23:15:36,054 | ⚠ POSSIBLE PORT SCAN DETECTED
2026-05-29 23:15:36,932 | ⚠ HOST DOMINANCE DETECTED
2026-05-29 23:15:36,932 | ⚠ POSSIBLE PORT SCAN DETECTED
2026-05-29 23:15:37,935 | ⚠ HOST DOMINANCE DETECTED
2026-05-29 23:15:37,935 | ⚠ POSSIBLE PORT SCAN DETECTED
2026-05-29 23:15:38,940 | ⚠ HOST DOMINANCE DETECTED
2026-05-29 23:15:38,940 | ⚠ POSSIBLE PORT SCAN DETECTED
2026-05-29 23:15:39,944 | ⚠ HOST DOMINANCE DETECTED
2026-05-29 23:15:39,944 | ⚠ POSSIBLE PORT SCAN DETECTED
2026-05-29 23:15:40,947 | ⚠ HOST DOMINANCE DETECTED
2026-05-29 23:15:40,948 | ⚠ POSSIBLE PORT SCAN DETECTED
2026-05-29 23:15:41,060 | ⚠ HOST DOMINANCE DETECTED
2026-05-29 23:15:41,061 | ⚠ POSSIBLE PORT SCAN DETECTED
2026-05-29 23:15:41,951 | ⚠ HOST DOMINANCE DETECTED
2026-05-29 23:15:41,951 | ⚠ POSSIBLE PORT SCAN DETECTED
2026-05-29 23:15:42,954 | ⚠ HOST DOMINANCE DETECTED
2026-05-29 23:15:42,954 | ⚠ POSSIBLE PORT SCAN DETECTED
2026-05-29 23:15:43,959 | ⚠ HOST DOMINANCE DETECTED
2026-05-29 23:15:43,959 | ⚠ POSSIBLE PORT SCAN DETECTED
2026-05-29 23:15:44,963 | ⚠ HOST DOMINANCE DETECTED
2026-05-29 23:15:44,963 | ⚠ POSSIBLE PORT SCAN DETECTED
2026-05-29 23:15:45,966 | ⚠ HOST DOMINANCE DETECTED
2026-05-29 23:15:45,967 | ⚠ POSSIBLE PORT SCAN DETECTED
2026-05-29 23:15:46,068 | ⚠ HOST DOMINANCE DETECTED
2026-05-29 23:15:46,070 | ⚠ POSSIBLE PORT SCAN DETECTED
2026-05-29 23:15:46,972 | ⚠ HOST DOMINANCE DETECTED
2026-05-29 23:15:46,973 | ⚠ POSSIBLE PORT SCAN DETECTED
2026-05-29 23:15:47,976 | ⚠ HOST DOMINANCE DETECTED
2026-05-29 23:15:47,976 | ⚠ POSSIBLE PORT SCAN DETECTED
2026-05-29 23:15:48,979 | ⚠ HOST DOMINANCE DETECTED
2026-05-29 23:15:48,980 | ⚠ POSSIBLE PORT SCAN DETECTED
2026-05-29 23:15:49,983 | ⚠ HOST DOMINANCE DETECTED
2026-05-29 23:15:49,983 | ⚠ POSSIBLE PORT SCAN DETECTED
2026-05-29 23:15:50,987 | ⚠ HOST DOMINANCE DETECTED
2026-05-29 23:15:50,987 | ⚠ POSSIBLE PORT SCAN DETECTED
2026-05-29 23:15:51,080 | ⚠ HOST DOMINANCE DETECTED
2026-05-29 23:15:51,080 | ⚠ POSSIBLE PORT SCAN DETECTED
2026-05-29 23:15:51,991 | ⚠ HOST DOMINANCE DETECTED
2026-05-29 23:15:51,991 | ⚠ POSSIBLE PORT SCAN DETECTED
2026-05-29 23:15:52,996 | ⚠ HOST DOMINANCE DETECTED
2026-05-29 23:15:52,996 | ⚠ POSSIBLE PORT SCAN DETECTED
2026-05-29 23:15:54,022 | ⚠ HOST DOMINANCE DETECTED
2026-05-29 23:15:54,023 | ⚠ POSSIBLE PORT SCAN DETECTED
2026-05-29 23:15:55,028 | ⚠ HOST DOMINANCE DETECTED
2026-05-29 23:15:55,029 | ⚠ POSSIBLE PORT SCAN DETECTED
2026-05-29 23:15:56,033 | ⚠ HOST DOMINANCE DETECTED
2026-05-29 23:15:56,033 | ⚠ POSSIBLE PORT SCAN DETECTED
2026-05-29 23:15:56,089 | ⚠ HOST DOMINANCE DETECTED
2026-05-29 23:15:56,089 | ⚠ POSSIBLE PORT SCAN DETECTED
2026-05-29 23:15:57,039 | ⚠ HOST DOMINANCE DETECTED
2026-05-29 23:15:57,039 | ⚠ POSSIBLE PORT SCAN DETECTED
2026-05-29 23:15:58,043 | ⚠ HOST DOMINANCE DETECTED
2026-05-29 23:15:58,044 | ⚠ POSSIBLE PORT SCAN DETECTED
2026-05-29 23:15:59,047 | ⚠ HOST DOMINANCE DETECTED
2026-05-29 23:15:59,047 | ⚠ POSSIBLE PORT SCAN DETECTED
2026-05-29 23:16:00,051 | ⚠ HOST DOMINANCE DETECTED
2026-05-29 23:16:00,051 | ⚠ POSSIBLE PORT SCAN DETECTED
2026-05-29 23:16:01,056 | ⚠ HOST DOMINANCE DETECTED
2026-05-29 23:16:01,056 | ⚠ POSSIBLE PORT SCAN DETECTED
2026-05-29 23:16:01,098 | ⚠ HOST DOMINANCE DETECTED
2026-05-29 23:16:01,099 | ⚠ POSSIBLE PORT SCAN DETECTED
2026-05-29 23:16:02,059 | ⚠ HOST DOMINANCE DETECTED
2026-05-29 23:16:02,060 | ⚠ POSSIBLE PORT SCAN DETECTED
2026-05-29 23:16:03,063 | ⚠ HOST DOMINANCE DETECTED
2026-05-29 23:16:03,064 | ⚠ POSSIBLE PORT SCAN DETECTED
2026-05-29 23:16:04,067 | ⚠ HOST DOMINANCE DETECTED
2026-05-29 23:16:04,067 | ⚠ POSSIBLE PORT SCAN DETECTED
2026-05-29 23:16:04,337 | ⚠ HOST DOMINANCE DETECTED
2026-05-29 23:16:04,337 | ⚠ POSSIBLE PORT SCAN DETECTED
2026-05-29 23:16:05,071 | ⚠ HOST DOMINANCE DETECTED
2026-05-29 23:16:05,072 | ⚠ POSSIBLE PORT SCAN DETECTED
2026-05-29 23:16:06,075 | ⚠ HOST DOMINANCE DETECTED
2026-05-29 23:16:06,075 | ⚠ POSSIBLE PORT SCAN DETECTED
2026-05-29 23:16:06,108 | ⚠ HOST DOMINANCE DETECTED
2026-05-29 23:16:06,108 | ⚠ POSSIBLE PORT SCAN DETECTED
2026-05-29 23:16:07,079 | ⚠ HOST DOMINANCE DETECTED
2026-05-29 23:16:07,079 | ⚠ POSSIBLE PORT SCAN DETECTED
2026-05-29 23:16:08,084 | ⚠ HOST DOMINANCE DETECTED
2026-05-29 23:16:08,084 | ⚠ POSSIBLE PORT SCAN DETECTED
2026-05-29 23:16:09,087 | ⚠ HOST DOMINANCE DETECTED
2026-05-29 23:16:09,087 | ⚠ POSSIBLE PORT SCAN DETECTED
2026-05-29 23:16:10,090 | ⚠ HOST DOMINANCE DETECTED
2026-05-29 23:16:10,091 | ⚠ POSSIBLE PORT SCAN DETECTED
2026-05-29 23:16:11,095 | ⚠ HOST DOMINANCE DETECTED
2026-05-29 23:16:11,095 | ⚠ POSSIBLE PORT SCAN DETECTED
2026-05-29 23:16:11,113 | ⚠ HOST DOMINANCE DETECTED
2026-05-29 23:16:11,114 | ⚠ POSSIBLE PORT SCAN DETECTED
2026-05-29 23:16:12,102 | ⚠ HOST DOMINANCE DETECTED
2026-05-29 23:16:12,102 | ⚠ POSSIBLE PORT SCAN DETECTED
2026-05-29 23:16:13,105 | ⚠ HOST DOMINANCE DETECTED
2026-05-29 23:16:13,106 | ⚠ POSSIBLE PORT SCAN DETECTED
2026-05-29 23:16:14,109 | ⚠ HOST DOMINANCE DETECTED
2026-05-29 23:16:14,110 | ⚠ POSSIBLE PORT SCAN DETECTED
2026-05-29 23:16:15,113 | ⚠ HOST DOMINANCE DETECTED
2026-05-29 23:16:15,113 | ⚠ POSSIBLE PORT SCAN DETECTED
2026-05-29 23:16:16,117 | ⚠ HOST DOMINANCE DETECTED
2026-05-29 23:16:16,117 | ⚠ POSSIBLE PORT SCAN DETECTED
2026-05-29 23:16:16,123 | ⚠ HOST DOMINANCE DETECTED
2026-05-29 23:16:16,124 | ⚠ POSSIBLE PORT SCAN DETECTED
2026-05-29 23:16:17,121 | ⚠ HOST DOMINANCE DETECTED
2026-05-29 23:16:17,121 | ⚠ POSSIBLE PORT SCAN DETECTED
2026-05-29 23:16:18,125 | ⚠ HOST DOMINANCE DETECTED
2026-05-29 23:16:18,126 | ⚠ POSSIBLE PORT SCAN DETECTED
2026-05-29 23:16:19,129 | ⚠ HOST DOMINANCE DETECTED
2026-05-29 23:16:19,129 | ⚠ POSSIBLE PORT SCAN DETECTED
2026-05-29 23:16:20,133 | ⚠ HOST DOMINANCE DETECTED
2026-05-29 23:16:20,134 | ⚠ POSSIBLE PORT SCAN DETECTED
2026-05-29 23:17:06,964 | ⚠ HIGH UDP TRAFFIC DETECTED
2026-05-29 23:17:06,965 | ⚠ HOST DOMINANCE DETECTED
2026-05-29 23:17:07,966 | ⚠ HIGH UDP TRAFFIC DETECTED
2026-05-29 23:17:07,967 | ⚠ HOST DOMINANCE DETECTED
2026-05-29 23:17:08,968 | ⚠ HIGH UDP TRAFFIC DETECTED
2026-05-29 23:17:08,968 | ⚠ HOST DOMINANCE DETECTED
2026-05-29 23:17:09,970 | ⚠ HIGH UDP TRAFFIC DETECTED
2026-05-29 23:17:09,970 | ⚠ HOST DOMINANCE DETECTED
2026-05-29 23:17:10,972 | ⚠ HIGH UDP TRAFFIC DETECTED
2026-05-29 23:17:10,972 | ⚠ HOST DOMINANCE DETECTED
2026-05-29 23:17:11,973 | ⚠ HIGH UDP TRAFFIC DETECTED
2026-05-29 23:17:11,974 | ⚠ HOST DOMINANCE DETECTED
2026-05-29 23:17:12,971 | ⚠ HIGH UDP TRAFFIC DETECTED
2026-05-29 23:17:12,972 | ⚠ HOST DOMINANCE DETECTED
2026-05-29 23:17:12,975 | ⚠ HIGH UDP TRAFFIC DETECTED
2026-05-29 23:17:12,976 | ⚠ HOST DOMINANCE DETECTED
2026-05-29 23:17:13,978 | ⚠ HIGH UDP TRAFFIC DETECTED
2026-05-29 23:17:13,978 | ⚠ HOST DOMINANCE DETECTED
2026-05-29 23:17:14,981 | ⚠ HIGH UDP TRAFFIC DETECTED
2026-05-29 23:17:14,982 | ⚠ HOST DOMINANCE DETECTED
2026-05-29 23:17:15,983 | ⚠ HIGH UDP TRAFFIC DETECTED
2026-05-29 23:17:15,983 | ⚠ HOST DOMINANCE DETECTED
2026-05-29 23:17:16,984 | ⚠ HIGH UDP TRAFFIC DETECTED
2026-05-29 23:17:16,984 | ⚠ HOST DOMINANCE DETECTED
2026-05-29 23:17:17,711 | ⚠ HIGH UDP TRAFFIC DETECTED
2026-05-29 23:17:17,712 | ⚠ HOST DOMINANCE DETECTED
2026-05-29 23:17:17,975 | ⚠ HIGH UDP TRAFFIC DETECTED
2026-05-29 23:17:17,975 | ⚠ HOST DOMINANCE DETECTED
2026-05-29 23:17:17,985 | ⚠ HIGH UDP TRAFFIC DETECTED
2026-05-29 23:17:17,985 | ⚠ HOST DOMINANCE DETECTED
2026-05-29 23:17:18,989 | ⚠ HIGH UDP TRAFFIC DETECTED
2026-05-29 23:17:18,989 | ⚠ HOST DOMINANCE DETECTED
2026-05-29 23:17:19,991 | ⚠ HIGH UDP TRAFFIC DETECTED
2026-05-29 23:17:19,992 | ⚠ HOST DOMINANCE DETECTED
2026-05-29 23:17:20,995 | ⚠ HIGH UDP TRAFFIC DETECTED
2026-05-29 23:17:20,995 | ⚠ HOST DOMINANCE DETECTED
2026-05-29 23:17:21,997 | ⚠ HIGH UDP TRAFFIC DETECTED
2026-05-29 23:17:21,997 | ⚠ HOST DOMINANCE DETECTED
2026-05-29 23:17:21,998 | ⚠ POSSIBLE PORT SCAN DETECTED
2026-05-29 23:17:22,707 | ⚠ HIGH UDP TRAFFIC DETECTED
2026-05-29 23:17:22,707 | ⚠ HOST DOMINANCE DETECTED
2026-05-29 23:17:22,707 | ⚠ POSSIBLE PORT SCAN DETECTED
2026-05-29 23:17:22,980 | ⚠ HIGH UDP TRAFFIC DETECTED
2026-05-29 23:17:22,981 | ⚠ HOST DOMINANCE DETECTED
2026-05-29 23:17:22,981 | ⚠ POSSIBLE PORT SCAN DETECTED
2026-05-29 23:17:23,000 | ⚠ HIGH UDP TRAFFIC DETECTED
2026-05-29 23:17:23,001 | ⚠ HOST DOMINANCE DETECTED
2026-05-29 23:17:23,001 | ⚠ POSSIBLE PORT SCAN DETECTED
2026-05-29 23:17:24,003 | ⚠ HIGH UDP TRAFFIC DETECTED
2026-05-29 23:17:24,004 | ⚠ HOST DOMINANCE DETECTED
2026-05-29 23:17:24,004 | ⚠ POSSIBLE PORT SCAN DETECTED
2026-05-29 23:17:25,007 | ⚠ HIGH UDP TRAFFIC DETECTED
2026-05-29 23:17:25,007 | ⚠ HOST DOMINANCE DETECTED
2026-05-29 23:17:25,007 | ⚠ POSSIBLE PORT SCAN DETECTED
2026-05-29 23:17:26,009 | ⚠ HIGH UDP TRAFFIC DETECTED
2026-05-29 23:17:26,009 | ⚠ HOST DOMINANCE DETECTED
2026-05-29 23:17:26,009 | ⚠ POSSIBLE PORT SCAN DETECTED
2026-05-29 23:17:27,011 | ⚠ HIGH UDP TRAFFIC DETECTED
2026-05-29 23:17:27,011 | ⚠ HOST DOMINANCE DETECTED
2026-05-29 23:17:27,011 | ⚠ POSSIBLE PORT SCAN DETECTED
2026-05-29 23:17:27,702 | ⚠ HIGH UDP TRAFFIC DETECTED
2026-05-29 23:17:27,703 | ⚠ HOST DOMINANCE DETECTED
2026-05-29 23:17:27,703 | ⚠ POSSIBLE PORT SCAN DETECTED
2026-05-29 23:17:27,987 | ⚠ HIGH UDP TRAFFIC DETECTED
2026-05-29 23:17:27,988 | ⚠ HOST DOMINANCE DETECTED
2026-05-29 23:17:27,989 | ⚠ POSSIBLE PORT SCAN DETECTED
2026-05-29 23:17:28,013 | ⚠ HIGH UDP TRAFFIC DETECTED
2026-05-29 23:17:28,014 | ⚠ HOST DOMINANCE DETECTED
2026-05-29 23:17:28,014 | ⚠ POSSIBLE PORT SCAN DETECTED
2026-05-29 23:17:29,016 | ⚠ HIGH UDP TRAFFIC DETECTED
2026-05-29 23:17:29,016 | ⚠ HOST DOMINANCE DETECTED
2026-05-29 23:17:29,016 | ⚠ POSSIBLE PORT SCAN DETECTED
2026-05-29 23:17:30,018 | ⚠ HIGH UDP TRAFFIC DETECTED
2026-05-29 23:17:30,019 | ⚠ HOST DOMINANCE DETECTED
2026-05-29 23:17:30,019 | ⚠ POSSIBLE PORT SCAN DETECTED
2026-05-29 23:17:31,020 | ⚠ HIGH UDP TRAFFIC DETECTED
2026-05-29 23:17:31,020 | ⚠ HOST DOMINANCE DETECTED
2026-05-29 23:17:31,020 | ⚠ POSSIBLE PORT SCAN DETECTED
2026-05-29 23:17:32,023 | ⚠ HIGH UDP TRAFFIC DETECTED
2026-05-29 23:17:32,024 | ⚠ HOST DOMINANCE DETECTED
2026-05-29 23:17:32,025 | ⚠ POSSIBLE PORT SCAN DETECTED
2026-05-29 23:17:32,699 | ⚠ HIGH UDP TRAFFIC DETECTED
2026-05-29 23:17:32,700 | ⚠ HOST DOMINANCE DETECTED
2026-05-29 23:17:32,700 | ⚠ POSSIBLE PORT SCAN DETECTED
2026-05-29 23:17:32,992 | ⚠ HIGH UDP TRAFFIC DETECTED
2026-05-29 23:17:32,993 | ⚠ HOST DOMINANCE DETECTED
2026-05-29 23:17:32,993 | ⚠ POSSIBLE PORT SCAN DETECTED
2026-05-29 23:17:33,029 | ⚠ HIGH UDP TRAFFIC DETECTED
2026-05-29 23:17:33,029 | ⚠ HOST DOMINANCE DETECTED
2026-05-29 23:17:33,030 | ⚠ POSSIBLE PORT SCAN DETECTED
2026-05-29 23:17:34,032 | ⚠ HIGH UDP TRAFFIC DETECTED
2026-05-29 23:17:34,033 | ⚠ HOST DOMINANCE DETECTED
2026-05-29 23:17:34,033 | ⚠ POSSIBLE PORT SCAN DETECTED
2026-05-29 23:17:34,781 | ⚠ HIGH UDP TRAFFIC DETECTED
2026-05-29 23:17:34,781 | ⚠ HOST DOMINANCE DETECTED
2026-05-29 23:17:34,781 | ⚠ POSSIBLE PORT SCAN DETECTED
2026-05-29 23:17:35,036 | ⚠ HIGH UDP TRAFFIC DETECTED
2026-05-29 23:17:35,037 | ⚠ HOST DOMINANCE DETECTED
2026-05-29 23:17:35,037 | ⚠ POSSIBLE PORT SCAN DETECTED
2026-05-29 23:17:35,967 | ⚠ HIGH UDP TRAFFIC DETECTED
2026-05-29 23:17:35,967 | ⚠ HOST DOMINANCE DETECTED
2026-05-29 23:17:35,967 | ⚠ POSSIBLE PORT SCAN DETECTED
2026-05-29 23:17:36,040 | ⚠ HIGH UDP TRAFFIC DETECTED
2026-05-29 23:17:36,040 | ⚠ HOST DOMINANCE DETECTED
2026-05-29 23:17:36,040 | ⚠ POSSIBLE PORT SCAN DETECTED
2026-05-29 23:17:37,043 | ⚠ HIGH UDP TRAFFIC DETECTED
2026-05-29 23:17:37,043 | ⚠ HOST DOMINANCE DETECTED
2026-05-29 23:17:37,043 | ⚠ POSSIBLE PORT SCAN DETECTED
2026-05-29 23:17:37,999 | ⚠ HIGH UDP TRAFFIC DETECTED
2026-05-29 23:17:37,999 | ⚠ HOST DOMINANCE DETECTED
2026-05-29 23:17:37,999 | ⚠ POSSIBLE PORT SCAN DETECTED
2026-05-29 23:17:38,045 | ⚠ HIGH UDP TRAFFIC DETECTED
2026-05-29 23:17:38,045 | ⚠ HOST DOMINANCE DETECTED
2026-05-29 23:17:38,045 | ⚠ POSSIBLE PORT SCAN DETECTED
2026-05-29 23:17:39,047 | ⚠ HIGH UDP TRAFFIC DETECTED
2026-05-29 23:17:39,047 | ⚠ HOST DOMINANCE DETECTED
2026-05-29 23:17:39,047 | ⚠ POSSIBLE PORT SCAN DETECTED
2026-05-29 23:17:39,788 | ⚠ HIGH UDP TRAFFIC DETECTED
2026-05-29 23:17:39,789 | ⚠ HOST DOMINANCE DETECTED
2026-05-29 23:17:39,789 | ⚠ POSSIBLE PORT SCAN DETECTED
2026-05-29 23:17:40,049 | ⚠ HIGH UDP TRAFFIC DETECTED
2026-05-29 23:17:40,050 | ⚠ HOST DOMINANCE DETECTED
2026-05-29 23:17:40,050 | ⚠ POSSIBLE PORT SCAN DETECTED
2026-05-29 23:17:41,051 | ⚠ HIGH UDP TRAFFIC DETECTED
2026-05-29 23:17:41,051 | ⚠ HOST DOMINANCE DETECTED
2026-05-29 23:17:41,051 | ⚠ POSSIBLE PORT SCAN DETECTED
2026-05-29 23:17:42,053 | ⚠ HIGH UDP TRAFFIC DETECTED
2026-05-29 23:17:42,055 | ⚠ HOST DOMINANCE DETECTED
2026-05-29 23:17:42,056 | ⚠ POSSIBLE PORT SCAN DETECTED
2026-05-29 23:17:43,005 | ⚠ HIGH UDP TRAFFIC DETECTED
2026-05-29 23:17:43,006 | ⚠ HOST DOMINANCE DETECTED
2026-05-29 23:17:43,006 | ⚠ POSSIBLE PORT SCAN DETECTED
2026-05-29 23:17:43,059 | ⚠ HIGH UDP TRAFFIC DETECTED
2026-05-29 23:17:43,059 | ⚠ HOST DOMINANCE DETECTED
2026-05-29 23:17:43,059 | ⚠ POSSIBLE PORT SCAN DETECTED
2026-05-29 23:17:44,064 | ⚠ HIGH UDP TRAFFIC DETECTED
2026-05-29 23:17:44,065 | ⚠ HOST DOMINANCE DETECTED
2026-05-29 23:17:44,065 | ⚠ POSSIBLE PORT SCAN DETECTED
2026-05-29 23:17:44,792 | ⚠ HIGH UDP TRAFFIC DETECTED
2026-05-29 23:17:44,792 | ⚠ HOST DOMINANCE DETECTED
2026-05-29 23:17:44,792 | ⚠ POSSIBLE PORT SCAN DETECTED
2026-05-29 23:17:45,067 | ⚠ HIGH UDP TRAFFIC DETECTED
2026-05-29 23:17:45,067 | ⚠ HOST DOMINANCE DETECTED
2026-05-29 23:17:45,067 | ⚠ POSSIBLE PORT SCAN DETECTED
2026-05-29 23:17:46,070 | ⚠ HIGH UDP TRAFFIC DETECTED
2026-05-29 23:17:46,070 | ⚠ HOST DOMINANCE DETECTED
2026-05-29 23:17:46,070 | ⚠ POSSIBLE PORT SCAN DETECTED
2026-05-29 23:17:47,071 | ⚠ HIGH UDP TRAFFIC DETECTED
2026-05-29 23:17:47,072 | ⚠ HOST DOMINANCE DETECTED
2026-05-29 23:17:47,072 | ⚠ POSSIBLE PORT SCAN DETECTED
2026-05-29 23:17:48,011 | ⚠ HIGH UDP TRAFFIC DETECTED
2026-05-29 23:17:48,011 | ⚠ HOST DOMINANCE DETECTED
2026-05-29 23:17:48,011 | ⚠ POSSIBLE PORT SCAN DETECTED
2026-05-29 23:17:48,074 | ⚠ HIGH UDP TRAFFIC DETECTED
2026-05-29 23:17:48,074 | ⚠ HOST DOMINANCE DETECTED
2026-05-29 23:17:48,075 | ⚠ POSSIBLE PORT SCAN DETECTED
2026-05-29 23:17:49,078 | ⚠ HIGH UDP TRAFFIC DETECTED
2026-05-29 23:17:49,078 | ⚠ HOST DOMINANCE DETECTED
2026-05-29 23:17:49,078 | ⚠ POSSIBLE PORT SCAN DETECTED
2026-05-29 23:17:49,790 | ⚠ HIGH UDP TRAFFIC DETECTED
2026-05-29 23:17:49,790 | ⚠ HOST DOMINANCE DETECTED
2026-05-29 23:17:49,790 | ⚠ POSSIBLE PORT SCAN DETECTED
2026-05-29 23:17:50,081 | ⚠ HIGH UDP TRAFFIC DETECTED
2026-05-29 23:17:50,081 | ⚠ HOST DOMINANCE DETECTED
2026-05-29 23:17:50,082 | ⚠ POSSIBLE PORT SCAN DETECTED
2026-05-29 23:17:51,083 | ⚠ HIGH UDP TRAFFIC DETECTED
2026-05-29 23:17:51,084 | ⚠ HOST DOMINANCE DETECTED
2026-05-29 23:17:51,084 | ⚠ POSSIBLE PORT SCAN DETECTED
2026-05-29 23:17:52,085 | ⚠ HIGH UDP TRAFFIC DETECTED
2026-05-29 23:17:52,087 | ⚠ HOST DOMINANCE DETECTED
2026-05-29 23:17:52,087 | ⚠ POSSIBLE PORT SCAN DETECTED
2026-05-29 23:17:53,015 | ⚠ HIGH UDP TRAFFIC DETECTED
2026-05-29 23:17:53,018 | ⚠ HOST DOMINANCE DETECTED
2026-05-29 23:17:53,019 | ⚠ POSSIBLE PORT SCAN DETECTED
2026-05-29 23:17:53,091 | ⚠ HIGH UDP TRAFFIC DETECTED
2026-05-29 23:17:53,091 | ⚠ HOST DOMINANCE DETECTED
2026-05-29 23:17:53,091 | ⚠ POSSIBLE PORT SCAN DETECTED
2026-05-29 23:17:54,093 | ⚠ HIGH UDP TRAFFIC DETECTED
2026-05-29 23:17:54,094 | ⚠ HOST DOMINANCE DETECTED
2026-05-29 23:17:54,094 | ⚠ POSSIBLE PORT SCAN DETECTED
2026-05-29 23:17:55,096 | ⚠ HIGH UDP TRAFFIC DETECTED
2026-05-29 23:17:55,096 | ⚠ HOST DOMINANCE DETECTED
2026-05-29 23:17:55,097 | ⚠ POSSIBLE PORT SCAN DETECTED
2026-05-29 23:17:56,099 | ⚠ HIGH UDP TRAFFIC DETECTED
2026-05-29 23:17:56,102 | ⚠ HOST DOMINANCE DETECTED
2026-05-29 23:17:56,102 | ⚠ POSSIBLE PORT SCAN DETECTED
2026-05-29 23:17:57,105 | ⚠ HIGH UDP TRAFFIC DETECTED
2026-05-29 23:17:57,106 | ⚠ HOST DOMINANCE DETECTED
2026-05-29 23:17:57,106 | ⚠ POSSIBLE PORT SCAN DETECTED
2026-05-29 23:17:58,029 | ⚠ HIGH UDP TRAFFIC DETECTED
2026-05-29 23:17:58,029 | ⚠ HOST DOMINANCE DETECTED
2026-05-29 23:17:58,029 | ⚠ POSSIBLE PORT SCAN DETECTED
2026-05-29 23:17:58,109 | ⚠ HIGH UDP TRAFFIC DETECTED
2026-05-29 23:17:58,110 | ⚠ HOST DOMINANCE DETECTED
2026-05-29 23:17:58,110 | ⚠ POSSIBLE PORT SCAN DETECTED
2026-05-29 23:17:58,920 | ⚠ HIGH UDP TRAFFIC DETECTED
2026-05-29 23:17:58,920 | ⚠ HOST DOMINANCE DETECTED
2026-05-29 23:17:58,920 | ⚠ POSSIBLE PORT SCAN DETECTED
2026-05-29 23:17:59,113 | ⚠ HIGH UDP TRAFFIC DETECTED
2026-05-29 23:17:59,113 | ⚠ HOST DOMINANCE DETECTED
2026-05-29 23:17:59,113 | ⚠ POSSIBLE PORT SCAN DETECTED
2026-05-29 23:18:00,116 | ⚠ HIGH UDP TRAFFIC DETECTED
2026-05-29 23:18:00,116 | ⚠ HOST DOMINANCE DETECTED
2026-05-29 23:18:00,116 | ⚠ POSSIBLE PORT SCAN DETECTED
2026-05-29 23:18:01,119 | ⚠ HIGH UDP TRAFFIC DETECTED
2026-05-29 23:18:01,119 | ⚠ HOST DOMINANCE DETECTED
2026-05-29 23:18:01,119 | ⚠ POSSIBLE PORT SCAN DETECTED
2026-05-29 23:18:02,121 | ⚠ HIGH UDP TRAFFIC DETECTED
2026-05-29 23:18:02,123 | ⚠ HOST DOMINANCE DETECTED
2026-05-29 23:18:02,123 | ⚠ POSSIBLE PORT SCAN DETECTED
2026-05-29 23:18:03,040 | ⚠ HIGH UDP TRAFFIC DETECTED
2026-05-29 23:18:03,041 | ⚠ HOST DOMINANCE DETECTED
2026-05-29 23:18:03,041 | ⚠ POSSIBLE PORT SCAN DETECTED
2026-05-29 23:18:03,130 | ⚠ HIGH UDP TRAFFIC DETECTED
2026-05-29 23:18:03,131 | ⚠ HOST DOMINANCE DETECTED
2026-05-29 23:18:03,131 | ⚠ POSSIBLE PORT SCAN DETECTED
2026-05-29 23:18:03,904 | ⚠ HIGH UDP TRAFFIC DETECTED
2026-05-29 23:18:03,905 | ⚠ HOST DOMINANCE DETECTED
2026-05-29 23:18:03,905 | ⚠ POSSIBLE PORT SCAN DETECTED
2026-05-29 23:18:04,133 | ⚠ HIGH UDP TRAFFIC DETECTED
2026-05-29 23:18:04,134 | ⚠ HOST DOMINANCE DETECTED
2026-05-29 23:18:04,134 | ⚠ POSSIBLE PORT SCAN DETECTED
2026-05-29 23:18:05,144 | ⚠ HIGH UDP TRAFFIC DETECTED
2026-05-29 23:18:05,144 | ⚠ HOST DOMINANCE DETECTED
2026-05-29 23:18:05,144 | ⚠ POSSIBLE PORT SCAN DETECTED
2026-05-29 23:18:06,147 | ⚠ HIGH UDP TRAFFIC DETECTED
2026-05-29 23:18:06,147 | ⚠ HOST DOMINANCE DETECTED
2026-05-29 23:18:06,147 | ⚠ POSSIBLE PORT SCAN DETECTED
2026-05-29 23:18:06,262 | ⚠ HIGH UDP TRAFFIC DETECTED
2026-05-29 23:18:06,263 | ⚠ HOST DOMINANCE DETECTED
2026-05-29 23:18:06,263 | ⚠ POSSIBLE PORT SCAN DETECTED
2026-05-29 23:18:07,149 | ⚠ HIGH UDP TRAFFIC DETECTED
2026-05-29 23:18:07,150 | ⚠ HOST DOMINANCE DETECTED
2026-05-29 23:18:07,150 | ⚠ POSSIBLE PORT SCAN DETECTED
2026-05-29 23:18:08,049 | ⚠ HIGH UDP TRAFFIC DETECTED
2026-05-29 23:18:08,049 | ⚠ HOST DOMINANCE DETECTED
2026-05-29 23:18:08,049 | ⚠ POSSIBLE PORT SCAN DETECTED
2026-05-29 23:18:08,152 | ⚠ HIGH UDP TRAFFIC DETECTED
2026-05-29 23:18:08,153 | ⚠ HOST DOMINANCE DETECTED
2026-05-29 23:18:08,153 | ⚠ POSSIBLE PORT SCAN DETECTED
2026-05-29 23:18:08,904 | ⚠ HIGH UDP TRAFFIC DETECTED
2026-05-29 23:18:08,904 | ⚠ HOST DOMINANCE DETECTED
2026-05-29 23:18:08,904 | ⚠ POSSIBLE PORT SCAN DETECTED
2026-05-29 23:18:09,156 | ⚠ HIGH UDP TRAFFIC DETECTED
2026-05-29 23:18:09,158 | ⚠ HOST DOMINANCE DETECTED
2026-05-29 23:18:09,159 | ⚠ POSSIBLE PORT SCAN DETECTED
2026-05-29 23:18:10,166 | ⚠ HIGH UDP TRAFFIC DETECTED
2026-05-29 23:18:10,167 | ⚠ HOST DOMINANCE DETECTED
2026-05-29 23:18:10,167 | ⚠ POSSIBLE PORT SCAN DETECTED
2026-05-29 23:18:11,169 | ⚠ HIGH UDP TRAFFIC DETECTED
2026-05-29 23:18:11,169 | ⚠ HOST DOMINANCE DETECTED
2026-05-29 23:18:11,169 | ⚠ POSSIBLE PORT SCAN DETECTED
2026-05-29 23:18:12,182 | ⚠ HIGH UDP TRAFFIC DETECTED
2026-05-29 23:18:12,182 | ⚠ HOST DOMINANCE DETECTED
2026-05-29 23:18:12,183 | ⚠ POSSIBLE PORT SCAN DETECTED
2026-05-29 23:18:13,056 | ⚠ HIGH UDP TRAFFIC DETECTED
2026-05-29 23:18:13,057 | ⚠ HOST DOMINANCE DETECTED
2026-05-29 23:18:13,057 | ⚠ POSSIBLE PORT SCAN DETECTED
2026-05-29 23:18:13,188 | ⚠ HIGH UDP TRAFFIC DETECTED
2026-05-29 23:18:13,189 | ⚠ HOST DOMINANCE DETECTED
2026-05-29 23:18:13,189 | ⚠ POSSIBLE PORT SCAN DETECTED
2026-05-29 23:18:13,904 | ⚠ HIGH UDP TRAFFIC DETECTED
2026-05-29 23:18:13,904 | ⚠ HOST DOMINANCE DETECTED
2026-05-29 23:18:13,904 | ⚠ POSSIBLE PORT SCAN DETECTED
2026-05-29 23:18:14,192 | ⚠ HIGH UDP TRAFFIC DETECTED
2026-05-29 23:18:14,193 | ⚠ HOST DOMINANCE DETECTED
2026-05-29 23:18:14,193 | ⚠ POSSIBLE PORT SCAN DETECTED
2026-05-29 23:18:15,195 | ⚠ HIGH UDP TRAFFIC DETECTED
2026-05-29 23:18:15,196 | ⚠ HOST DOMINANCE DETECTED
2026-05-29 23:18:15,196 | ⚠ POSSIBLE PORT SCAN DETECTED
2026-05-29 23:18:16,199 | ⚠ HIGH UDP TRAFFIC DETECTED
2026-05-29 23:18:16,199 | ⚠ HOST DOMINANCE DETECTED
2026-05-29 23:18:16,199 | ⚠ POSSIBLE PORT SCAN DETECTED
2026-05-29 23:18:17,202 | ⚠ HIGH UDP TRAFFIC DETECTED
2026-05-29 23:18:17,202 | ⚠ HOST DOMINANCE DETECTED
2026-05-29 23:18:17,202 | ⚠ POSSIBLE PORT SCAN DETECTED
2026-05-29 23:18:18,069 | ⚠ HIGH UDP TRAFFIC DETECTED
2026-05-29 23:18:18,070 | ⚠ HOST DOMINANCE DETECTED
2026-05-29 23:18:18,070 | ⚠ POSSIBLE PORT SCAN DETECTED
2026-05-29 23:18:18,205 | ⚠ HIGH UDP TRAFFIC DETECTED
2026-05-29 23:18:18,206 | ⚠ HOST DOMINANCE DETECTED
2026-05-29 23:18:18,206 | ⚠ POSSIBLE PORT SCAN DETECTED
2026-05-29 23:18:19,208 | ⚠ HIGH UDP TRAFFIC DETECTED
2026-05-29 23:18:19,208 | ⚠ HOST DOMINANCE DETECTED
2026-05-29 23:18:19,208 | ⚠ POSSIBLE PORT SCAN DETECTED
2026-05-29 23:18:19,220 | ⚠ HIGH UDP TRAFFIC DETECTED
2026-05-29 23:18:19,220 | ⚠ HOST DOMINANCE DETECTED
2026-05-29 23:18:19,221 | ⚠ POSSIBLE PORT SCAN DETECTED
2026-05-29 23:18:20,211 | ⚠ HIGH UDP TRAFFIC DETECTED
2026-05-29 23:18:20,212 | ⚠ HOST DOMINANCE DETECTED
2026-05-29 23:18:20,212 | ⚠ POSSIBLE PORT SCAN DETECTED
2026-05-29 23:18:21,214 | ⚠ HIGH UDP TRAFFIC DETECTED
2026-05-29 23:18:21,218 | ⚠ HOST DOMINANCE DETECTED
2026-05-29 23:18:21,218 | ⚠ POSSIBLE PORT SCAN DETECTED
2026-05-29 23:18:22,221 | ⚠ HIGH UDP TRAFFIC DETECTED
2026-05-29 23:18:22,221 | ⚠ HOST DOMINANCE DETECTED
2026-05-29 23:18:22,221 | ⚠ POSSIBLE PORT SCAN DETECTED
2026-05-29 23:18:23,075 | ⚠ HIGH UDP TRAFFIC DETECTED
2026-05-29 23:18:23,076 | ⚠ HOST DOMINANCE DETECTED
2026-05-29 23:18:23,076 | ⚠ POSSIBLE PORT SCAN DETECTED
2026-05-29 23:18:23,224 | ⚠ HIGH UDP TRAFFIC DETECTED
2026-05-29 23:18:23,224 | ⚠ HOST DOMINANCE DETECTED
2026-05-29 23:18:23,224 | ⚠ POSSIBLE PORT SCAN DETECTED
2026-05-29 23:18:24,226 | ⚠ HIGH UDP TRAFFIC DETECTED
2026-05-29 23:18:24,227 | ⚠ HOST DOMINANCE DETECTED
2026-05-29 23:18:24,227 | ⚠ POSSIBLE PORT SCAN DETECTED
2026-05-29 23:18:24,232 | ⚠ HIGH UDP TRAFFIC DETECTED
2026-05-29 23:18:24,232 | ⚠ HOST DOMINANCE DETECTED
2026-05-29 23:18:24,232 | ⚠ POSSIBLE PORT SCAN DETECTED
2026-05-29 23:18:25,228 | ⚠ HIGH UDP TRAFFIC DETECTED
2026-05-29 23:18:25,228 | ⚠ HOST DOMINANCE DETECTED
2026-05-29 23:18:25,228 | ⚠ POSSIBLE PORT SCAN DETECTED
2026-05-29 23:18:26,231 | ⚠ HIGH UDP TRAFFIC DETECTED
2026-05-29 23:18:26,231 | ⚠ HOST DOMINANCE DETECTED
2026-05-29 23:18:26,231 | ⚠ POSSIBLE PORT SCAN DETECTED
2026-05-29 23:18:27,253 | ⚠ HIGH UDP TRAFFIC DETECTED
2026-05-29 23:18:27,288 | ⚠ HOST DOMINANCE DETECTED
2026-05-29 23:18:27,302 | ⚠ POSSIBLE PORT SCAN DETECTED
2026-05-29 23:18:28,090 | ⚠ HIGH UDP TRAFFIC DETECTED
2026-05-29 23:18:28,092 | ⚠ HOST DOMINANCE DETECTED
2026-05-29 23:18:28,092 | ⚠ POSSIBLE PORT SCAN DETECTED
2026-05-29 23:18:28,332 | ⚠ HIGH UDP TRAFFIC DETECTED
2026-05-29 23:18:28,333 | ⚠ HOST DOMINANCE DETECTED
2026-05-29 23:18:28,336 | ⚠ POSSIBLE PORT SCAN DETECTED
2026-05-29 23:18:29,342 | ⚠ HOST DOMINANCE DETECTED
2026-05-29 23:18:29,343 | ⚠ POSSIBLE PORT SCAN DETECTED
2026-05-29 23:18:29,343 | ⚠ HOST DOMINANCE DETECTED
2026-05-29 23:18:29,343 | ⚠ POSSIBLE PORT SCAN DETECTED
2026-05-29 23:18:30,345 | ⚠ HOST DOMINANCE DETECTED
2026-05-29 23:18:30,345 | ⚠ POSSIBLE PORT SCAN DETECTED
2026-05-29 23:18:31,348 | ⚠ HOST DOMINANCE DETECTED
2026-05-29 23:18:31,348 | ⚠ POSSIBLE PORT SCAN DETECTED
2026-05-29 23:18:32,351 | ⚠ HOST DOMINANCE DETECTED
2026-05-29 23:18:32,351 | ⚠ POSSIBLE PORT SCAN DETECTED
2026-05-29 23:18:33,100 | ⚠ HIGH UDP TRAFFIC DETECTED
2026-05-29 23:18:33,100 | ⚠ HOST DOMINANCE DETECTED
2026-05-29 23:18:33,101 | ⚠ POSSIBLE PORT SCAN DETECTED
2026-05-29 23:18:33,353 | ⚠ HIGH UDP TRAFFIC DETECTED
2026-05-29 23:18:33,354 | ⚠ HOST DOMINANCE DETECTED
2026-05-29 23:18:33,354 | ⚠ POSSIBLE PORT SCAN DETECTED
2026-05-29 23:18:34,356 | ⚠ HIGH UDP TRAFFIC DETECTED
2026-05-29 23:18:34,356 | ⚠ HOST DOMINANCE DETECTED
2026-05-29 23:18:34,356 | ⚠ POSSIBLE PORT SCAN DETECTED
2026-05-29 23:18:34,720 | ⚠ HIGH UDP TRAFFIC DETECTED
2026-05-29 23:18:34,721 | ⚠ HOST DOMINANCE DETECTED
2026-05-29 23:18:34,721 | ⚠ POSSIBLE PORT SCAN DETECTED
2026-05-29 23:18:35,359 | ⚠ HIGH UDP TRAFFIC DETECTED
2026-05-29 23:18:35,359 | ⚠ HOST DOMINANCE DETECTED
2026-05-29 23:18:35,359 | ⚠ POSSIBLE PORT SCAN DETECTED
2026-05-29 23:18:36,363 | ⚠ HIGH UDP TRAFFIC DETECTED
2026-05-29 23:18:36,366 | ⚠ HOST DOMINANCE DETECTED
2026-05-29 23:18:36,366 | ⚠ POSSIBLE PORT SCAN DETECTED
2026-05-29 23:18:36,600 | ⚠ HIGH UDP TRAFFIC DETECTED
2026-05-29 23:18:36,600 | ⚠ HOST DOMINANCE DETECTED
2026-05-29 23:18:36,600 | ⚠ POSSIBLE PORT SCAN DETECTED
2026-05-29 23:18:37,371 | ⚠ HIGH UDP TRAFFIC DETECTED
2026-05-29 23:18:37,372 | ⚠ HOST DOMINANCE DETECTED
2026-05-29 23:18:37,372 | ⚠ POSSIBLE PORT SCAN DETECTED
2026-05-29 23:18:38,110 | ⚠ HIGH UDP TRAFFIC DETECTED
2026-05-29 23:18:38,110 | ⚠ HOST DOMINANCE DETECTED
2026-05-29 23:18:38,110 | ⚠ POSSIBLE PORT SCAN DETECTED
2026-05-29 23:18:38,374 | ⚠ HIGH UDP TRAFFIC DETECTED
2026-05-29 23:18:38,374 | ⚠ HOST DOMINANCE DETECTED
2026-05-29 23:18:38,375 | ⚠ POSSIBLE PORT SCAN DETECTED
2026-05-29 23:18:39,376 | ⚠ HIGH UDP TRAFFIC DETECTED
2026-05-29 23:18:39,377 | ⚠ HOST DOMINANCE DETECTED
2026-05-29 23:18:39,378 | ⚠ POSSIBLE PORT SCAN DETECTED
2026-05-29 23:18:40,381 | ⚠ HIGH UDP TRAFFIC DETECTED
2026-05-29 23:18:40,381 | ⚠ HOST DOMINANCE DETECTED
2026-05-29 23:18:40,381 | ⚠ POSSIBLE PORT SCAN DETECTED
2026-05-29 23:18:41,384 | ⚠ HIGH UDP TRAFFIC DETECTED
2026-05-29 23:18:41,385 | ⚠ HOST DOMINANCE DETECTED
2026-05-29 23:18:41,385 | ⚠ POSSIBLE PORT SCAN DETECTED
2026-05-29 23:18:42,387 | ⚠ HIGH UDP TRAFFIC DETECTED
2026-05-29 23:18:42,387 | ⚠ HOST DOMINANCE DETECTED
2026-05-29 23:18:42,387 | ⚠ POSSIBLE PORT SCAN DETECTED
2026-05-29 23:18:43,119 | ⚠ HIGH UDP TRAFFIC DETECTED
2026-05-29 23:18:43,119 | ⚠ HOST DOMINANCE DETECTED
2026-05-29 23:18:43,120 | ⚠ POSSIBLE PORT SCAN DETECTED
2026-05-29 23:18:43,390 | ⚠ HIGH UDP TRAFFIC DETECTED
2026-05-29 23:18:43,391 | ⚠ HOST DOMINANCE DETECTED
2026-05-29 23:18:43,391 | ⚠ POSSIBLE PORT SCAN DETECTED
2026-05-29 23:18:44,394 | ⚠ HIGH UDP TRAFFIC DETECTED
2026-05-29 23:18:44,394 | ⚠ HOST DOMINANCE DETECTED
2026-05-29 23:18:44,394 | ⚠ POSSIBLE PORT SCAN DETECTED
2026-05-29 23:18:45,396 | ⚠ HIGH UDP TRAFFIC DETECTED
2026-05-29 23:18:45,397 | ⚠ HOST DOMINANCE DETECTED
2026-05-29 23:18:45,397 | ⚠ POSSIBLE PORT SCAN DETECTED
2026-05-29 23:18:46,400 | ⚠ HIGH UDP TRAFFIC DETECTED
2026-05-29 23:18:46,401 | ⚠ HOST DOMINANCE DETECTED
2026-05-29 23:18:46,401 | ⚠ POSSIBLE PORT SCAN DETECTED
2026-05-29 23:18:47,403 | ⚠ HIGH UDP TRAFFIC DETECTED
2026-05-29 23:18:47,403 | ⚠ HOST DOMINANCE DETECTED
2026-05-29 23:18:47,404 | ⚠ POSSIBLE PORT SCAN DETECTED
2026-05-29 23:18:48,126 | ⚠ HIGH UDP TRAFFIC DETECTED
2026-05-29 23:18:48,128 | ⚠ HOST DOMINANCE DETECTED
2026-05-29 23:18:48,128 | ⚠ POSSIBLE PORT SCAN DETECTED
2026-05-29 23:18:48,406 | ⚠ HIGH UDP TRAFFIC DETECTED
2026-05-29 23:18:48,406 | ⚠ HOST DOMINANCE DETECTED
2026-05-29 23:18:48,406 | ⚠ POSSIBLE PORT SCAN DETECTED
2026-05-29 23:18:49,409 | ⚠ HIGH UDP TRAFFIC DETECTED
2026-05-29 23:18:49,409 | ⚠ HOST DOMINANCE DETECTED
2026-05-29 23:18:49,409 | ⚠ POSSIBLE PORT SCAN DETECTED
2026-05-29 23:18:50,412 | ⚠ HIGH UDP TRAFFIC DETECTED
2026-05-29 23:18:50,412 | ⚠ HOST DOMINANCE DETECTED
2026-05-29 23:18:50,412 | ⚠ POSSIBLE PORT SCAN DETECTED
2026-05-29 23:18:51,414 | ⚠ HOST DOMINANCE DETECTED
2026-05-29 23:18:51,414 | ⚠ POSSIBLE PORT SCAN DETECTED
2026-05-29 23:18:52,417 | ⚠ HOST DOMINANCE DETECTED
2026-05-29 23:18:52,417 | ⚠ POSSIBLE PORT SCAN DETECTED
2026-05-29 23:18:53,144 | ⚠ HOST DOMINANCE DETECTED
2026-05-29 23:18:53,145 | ⚠ POSSIBLE PORT SCAN DETECTED
2026-05-29 23:18:53,420 | ⚠ HOST DOMINANCE DETECTED
2026-05-29 23:18:53,421 | ⚠ POSSIBLE PORT SCAN DETECTED
2026-05-29 23:18:54,423 | ⚠ HIGH UDP TRAFFIC DETECTED
2026-05-29 23:18:54,423 | ⚠ HOST DOMINANCE DETECTED
2026-05-29 23:18:54,423 | ⚠ POSSIBLE PORT SCAN DETECTED
2026-05-29 23:18:55,425 | ⚠ HIGH UDP TRAFFIC DETECTED
2026-05-29 23:18:55,425 | ⚠ HOST DOMINANCE DETECTED
2026-05-29 23:18:55,425 | ⚠ POSSIBLE PORT SCAN DETECTED
2026-05-29 23:18:56,427 | ⚠ HIGH UDP TRAFFIC DETECTED
2026-05-29 23:18:56,427 | ⚠ HOST DOMINANCE DETECTED
2026-05-29 23:18:56,427 | ⚠ POSSIBLE PORT SCAN DETECTED
2026-05-29 23:18:57,430 | ⚠ HOST DOMINANCE DETECTED
2026-05-29 23:18:57,430 | ⚠ POSSIBLE PORT SCAN DETECTED
2026-05-29 23:18:58,157 | ⚠ HOST DOMINANCE DETECTED
2026-05-29 23:18:58,158 | ⚠ POSSIBLE PORT SCAN DETECTED
2026-05-29 23:18:58,432 | ⚠ HOST DOMINANCE DETECTED
2026-05-29 23:18:58,432 | ⚠ POSSIBLE PORT SCAN DETECTED
2026-05-29 23:18:59,435 | ⚠ HOST DOMINANCE DETECTED
2026-05-29 23:18:59,435 | ⚠ POSSIBLE PORT SCAN DETECTED
2026-05-29 23:19:00,437 | ⚠ HOST DOMINANCE DETECTED
2026-05-29 23:19:00,437 | ⚠ POSSIBLE PORT SCAN DETECTED
2026-05-29 23:19:01,443 | ⚠ HOST DOMINANCE DETECTED
2026-05-29 23:19:01,443 | ⚠ POSSIBLE PORT SCAN DETECTED
2026-05-29 23:19:02,446 | ⚠ HOST DOMINANCE DETECTED
2026-05-29 23:19:02,447 | ⚠ POSSIBLE PORT SCAN DETECTED
2026-05-29 23:19:03,165 | ⚠ HIGH UDP TRAFFIC DETECTED
2026-05-29 23:19:03,166 | ⚠ HOST DOMINANCE DETECTED
2026-05-29 23:19:03,166 | ⚠ POSSIBLE PORT SCAN DETECTED
2026-05-29 23:19:03,449 | ⚠ HIGH UDP TRAFFIC DETECTED
2026-05-29 23:19:03,449 | ⚠ HOST DOMINANCE DETECTED
2026-05-29 23:19:03,449 | ⚠ POSSIBLE PORT SCAN DETECTED
2026-05-29 23:19:04,450 | ⚠ HIGH UDP TRAFFIC DETECTED
2026-05-29 23:19:04,451 | ⚠ HOST DOMINANCE DETECTED
2026-05-29 23:19:04,451 | ⚠ POSSIBLE PORT SCAN DETECTED
2026-05-29 23:19:05,454 | ⚠ HIGH UDP TRAFFIC DETECTED
2026-05-29 23:19:05,454 | ⚠ HOST DOMINANCE DETECTED
2026-05-29 23:19:05,454 | ⚠ POSSIBLE PORT SCAN DETECTED
2026-05-29 23:19:06,465 | ⚠ HIGH UDP TRAFFIC DETECTED
2026-05-29 23:19:06,466 | ⚠ HOST DOMINANCE DETECTED
2026-05-29 23:19:06,466 | ⚠ POSSIBLE PORT SCAN DETECTED
2026-05-29 23:19:07,414 | ⚠ HOST DOMINANCE DETECTED
2026-05-29 23:19:07,414 | ⚠ POSSIBLE PORT SCAN DETECTED
2026-05-29 23:19:07,474 | ⚠ HOST DOMINANCE DETECTED
2026-05-29 23:19:07,474 | ⚠ POSSIBLE PORT SCAN DETECTED
2026-05-29 23:19:08,170 | ⚠ HOST DOMINANCE DETECTED
2026-05-29 23:19:08,170 | ⚠ POSSIBLE PORT SCAN DETECTED
2026-05-29 23:19:08,479 | ⚠ HOST DOMINANCE DETECTED
2026-05-29 23:19:08,480 | ⚠ POSSIBLE PORT SCAN DETECTED
2026-05-29 23:19:09,483 | ⚠ HOST DOMINANCE DETECTED
2026-05-29 23:19:09,483 | ⚠ POSSIBLE PORT SCAN DETECTED
2026-05-29 23:19:10,486 | ⚠ HOST DOMINANCE DETECTED
2026-05-29 23:19:10,487 | ⚠ POSSIBLE PORT SCAN DETECTED
2026-05-29 23:19:11,490 | ⚠ HOST DOMINANCE DETECTED
2026-05-29 23:19:11,490 | ⚠ POSSIBLE PORT SCAN DETECTED
2026-05-29 23:19:12,492 | ⚠ HOST DOMINANCE DETECTED
2026-05-29 23:19:12,492 | ⚠ POSSIBLE PORT SCAN DETECTED
2026-05-29 23:19:13,175 | ⚠ HOST DOMINANCE DETECTED
2026-05-29 23:19:13,175 | ⚠ POSSIBLE PORT SCAN DETECTED
2026-05-29 23:19:13,495 | ⚠ HOST DOMINANCE DETECTED
2026-05-29 23:19:13,495 | ⚠ POSSIBLE PORT SCAN DETECTED
2026-05-29 23:19:14,498 | ⚠ HOST DOMINANCE DETECTED
2026-05-29 23:19:14,498 | ⚠ POSSIBLE PORT SCAN DETECTED
2026-05-29 23:19:15,501 | ⚠ HOST DOMINANCE DETECTED
2026-05-29 23:19:15,501 | ⚠ POSSIBLE PORT SCAN DETECTED
2026-05-29 23:19:16,504 | ⚠ HOST DOMINANCE DETECTED
2026-05-29 23:19:16,505 | ⚠ POSSIBLE PORT SCAN DETECTED
2026-05-29 23:19:17,187 | ⚠ HOST DOMINANCE DETECTED
2026-05-29 23:19:17,187 | ⚠ POSSIBLE PORT SCAN DETECTED
2026-05-29 23:19:17,513 | ⚠ HOST DOMINANCE DETECTED
2026-05-29 23:19:17,515 | ⚠ POSSIBLE PORT SCAN DETECTED
2026-05-29 23:19:18,178 | ⚠ HOST DOMINANCE DETECTED
2026-05-29 23:19:18,179 | ⚠ POSSIBLE PORT SCAN DETECTED
2026-05-29 23:19:18,521 | ⚠ HIGH UDP TRAFFIC DETECTED
2026-05-29 23:19:18,521 | ⚠ HOST DOMINANCE DETECTED
2026-05-29 23:19:18,521 | ⚠ POSSIBLE PORT SCAN DETECTED
2026-05-29 23:19:19,525 | ⚠ HOST DOMINANCE DETECTED
2026-05-29 23:19:19,525 | ⚠ POSSIBLE PORT SCAN DETECTED
2026-05-29 23:19:20,528 | ⚠ HOST DOMINANCE DETECTED
2026-05-29 23:19:20,528 | ⚠ POSSIBLE PORT SCAN DETECTED
2026-05-29 23:19:21,530 | ⚠ HOST DOMINANCE DETECTED
2026-05-29 23:19:21,531 | ⚠ POSSIBLE PORT SCAN DETECTED
2026-05-29 23:19:22,533 | ⚠ HOST DOMINANCE DETECTED
2026-05-29 23:19:22,533 | ⚠ POSSIBLE PORT SCAN DETECTED
2026-05-29 23:19:23,065 | ⚠ HOST DOMINANCE DETECTED
2026-05-29 23:19:23,065 | ⚠ POSSIBLE PORT SCAN DETECTED
2026-05-29 23:19:23,187 | ⚠ HOST DOMINANCE DETECTED
2026-05-29 23:19:23,187 | ⚠ POSSIBLE PORT SCAN DETECTED
2026-05-29 23:19:23,536 | ⚠ HOST DOMINANCE DETECTED
2026-05-29 23:19:23,537 | ⚠ POSSIBLE PORT SCAN DETECTED
2026-05-29 23:19:24,539 | ⚠ HOST DOMINANCE DETECTED
2026-05-29 23:19:24,539 | ⚠ POSSIBLE PORT SCAN DETECTED
2026-05-29 23:19:25,542 | ⚠ HOST DOMINANCE DETECTED
2026-05-29 23:19:25,542 | ⚠ POSSIBLE PORT SCAN DETECTED
2026-05-29 23:19:26,546 | ⚠ HOST DOMINANCE DETECTED
2026-05-29 23:19:26,548 | ⚠ POSSIBLE PORT SCAN DETECTED
2026-05-29 23:19:27,551 | ⚠ HOST DOMINANCE DETECTED
2026-05-29 23:19:27,551 | ⚠ POSSIBLE PORT SCAN DETECTED
2026-05-29 23:19:28,191 | ⚠ HOST DOMINANCE DETECTED
2026-05-29 23:19:28,191 | ⚠ POSSIBLE PORT SCAN DETECTED
2026-05-29 23:19:28,554 | ⚠ HOST DOMINANCE DETECTED
2026-05-29 23:19:28,554 | ⚠ POSSIBLE PORT SCAN DETECTED
2026-05-29 23:19:29,602 | ⚠ HOST DOMINANCE DETECTED
2026-05-29 23:19:29,602 | ⚠ POSSIBLE PORT SCAN DETECTED
2026-05-29 23:19:30,606 | ⚠ HOST DOMINANCE DETECTED
2026-05-29 23:19:30,607 | ⚠ POSSIBLE PORT SCAN DETECTED
2026-05-29 23:19:31,609 | ⚠ HOST DOMINANCE DETECTED
2026-05-29 23:19:31,610 | ⚠ POSSIBLE PORT SCAN DETECTED
2026-05-29 23:19:32,613 | ⚠ HOST DOMINANCE DETECTED
2026-05-29 23:19:32,613 | ⚠ POSSIBLE PORT SCAN DETECTED
2026-05-29 23:19:33,200 | ⚠ HOST DOMINANCE DETECTED
2026-05-29 23:19:33,200 | ⚠ POSSIBLE PORT SCAN DETECTED
2026-05-29 23:19:33,614 | ⚠ HOST DOMINANCE DETECTED
2026-05-29 23:19:33,615 | ⚠ POSSIBLE PORT SCAN DETECTED
2026-05-29 23:19:34,617 | ⚠ HOST DOMINANCE DETECTED
2026-05-29 23:19:34,617 | ⚠ POSSIBLE PORT SCAN DETECTED
2026-05-29 23:19:35,620 | ⚠ HOST DOMINANCE DETECTED
2026-05-29 23:19:35,620 | ⚠ POSSIBLE PORT SCAN DETECTED
2026-05-29 23:19:36,621 | ⚠ HOST DOMINANCE DETECTED
2026-05-29 23:19:36,622 | ⚠ POSSIBLE PORT SCAN DETECTED
2026-05-29 23:19:37,627 | ⚠ HOST DOMINANCE DETECTED
2026-05-29 23:19:37,627 | ⚠ POSSIBLE PORT SCAN DETECTED
2026-05-29 23:19:37,929 | ⚠ HOST DOMINANCE DETECTED
2026-05-29 23:19:37,929 | ⚠ POSSIBLE PORT SCAN DETECTED
2026-05-29 23:19:38,206 | ⚠ HOST DOMINANCE DETECTED
2026-05-29 23:19:38,206 | ⚠ POSSIBLE PORT SCAN DETECTED
2026-05-29 23:19:38,629 | ⚠ HOST DOMINANCE DETECTED
2026-05-29 23:19:38,629 | ⚠ POSSIBLE PORT SCAN DETECTED
2026-05-29 23:19:39,631 | ⚠ HOST DOMINANCE DETECTED
2026-05-29 23:19:39,631 | ⚠ POSSIBLE PORT SCAN DETECTED
2026-05-29 23:19:40,634 | ⚠ HOST DOMINANCE DETECTED
2026-05-29 23:19:40,634 | ⚠ POSSIBLE PORT SCAN DETECTED
2026-05-29 23:19:41,637 | ⚠ HOST DOMINANCE DETECTED
2026-05-29 23:19:41,637 | ⚠ POSSIBLE PORT SCAN DETECTED
2026-05-29 23:19:42,639 | ⚠ HOST DOMINANCE DETECTED
2026-05-29 23:19:42,639 | ⚠ POSSIBLE PORT SCAN DETECTED
2026-05-29 23:19:43,213 | ⚠ HOST DOMINANCE DETECTED
2026-05-29 23:19:43,214 | ⚠ POSSIBLE PORT SCAN DETECTED
2026-05-29 23:19:43,642 | ⚠ HOST DOMINANCE DETECTED
2026-05-29 23:19:43,642 | ⚠ POSSIBLE PORT SCAN DETECTED
2026-05-29 23:19:44,645 | ⚠ HOST DOMINANCE DETECTED
2026-05-29 23:19:44,646 | ⚠ POSSIBLE PORT SCAN DETECTED
2026-05-29 23:19:45,653 | ⚠ HOST DOMINANCE DETECTED
2026-05-29 23:19:45,653 | ⚠ POSSIBLE PORT SCAN DETECTED
2026-05-29 23:19:46,656 | ⚠ HOST DOMINANCE DETECTED
2026-05-29 23:19:46,656 | ⚠ POSSIBLE PORT SCAN DETECTED
2026-05-29 23:19:47,658 | ⚠ HOST DOMINANCE DETECTED
2026-05-29 23:19:47,659 | ⚠ POSSIBLE PORT SCAN DETECTED
2026-05-29 23:19:48,229 | ⚠ HOST DOMINANCE DETECTED
2026-05-29 23:19:48,229 | ⚠ POSSIBLE PORT SCAN DETECTED
2026-05-29 23:19:48,661 | ⚠ HOST DOMINANCE DETECTED
2026-05-29 23:19:48,662 | ⚠ POSSIBLE PORT SCAN DETECTED
2026-05-29 23:19:49,664 | ⚠ HOST DOMINANCE DETECTED
2026-05-29 23:19:49,664 | ⚠ POSSIBLE PORT SCAN DETECTED
2026-05-29 23:19:50,666 | ⚠ HOST DOMINANCE DETECTED
2026-05-29 23:19:50,667 | ⚠ POSSIBLE PORT SCAN DETECTED
2026-05-29 23:19:51,669 | ⚠ HOST DOMINANCE DETECTED
2026-05-29 23:19:51,669 | ⚠ POSSIBLE PORT SCAN DETECTED
2026-05-29 23:19:52,671 | ⚠ HOST DOMINANCE DETECTED
2026-05-29 23:19:52,672 | ⚠ POSSIBLE PORT SCAN DETECTED
2026-05-29 23:19:53,235 | ⚠ HOST DOMINANCE DETECTED
2026-05-29 23:19:53,236 | ⚠ POSSIBLE PORT SCAN DETECTED
2026-05-29 23:19:53,674 | ⚠ HOST DOMINANCE DETECTED
2026-05-29 23:19:53,675 | ⚠ POSSIBLE PORT SCAN DETECTED
2026-05-29 23:19:54,678 | ⚠ HOST DOMINANCE DETECTED
2026-05-29 23:19:54,678 | ⚠ POSSIBLE PORT SCAN DETECTED
2026-05-29 23:19:55,681 | ⚠ HOST DOMINANCE DETECTED
2026-05-29 23:19:55,681 | ⚠ POSSIBLE PORT SCAN DETECTED
2026-05-29 23:19:56,684 | ⚠ HOST DOMINANCE DETECTED
2026-05-29 23:19:56,685 | ⚠ POSSIBLE PORT SCAN DETECTED
2026-05-29 23:19:57,689 | ⚠ HOST DOMINANCE DETECTED
2026-05-29 23:19:57,690 | ⚠ POSSIBLE PORT SCAN DETECTED
2026-05-29 23:19:58,250 | ⚠ HOST DOMINANCE DETECTED
2026-05-29 23:19:58,251 | ⚠ POSSIBLE PORT SCAN DETECTED
2026-05-29 23:19:58,692 | ⚠ HOST DOMINANCE DETECTED
2026-05-29 23:19:58,693 | ⚠ POSSIBLE PORT SCAN DETECTED
2026-05-29 23:19:59,696 | ⚠ HOST DOMINANCE DETECTED
2026-05-29 23:19:59,696 | ⚠ POSSIBLE PORT SCAN DETECTED
2026-05-29 23:20:00,699 | ⚠ HOST DOMINANCE DETECTED
2026-05-29 23:20:00,699 | ⚠ POSSIBLE PORT SCAN DETECTED
2026-05-29 23:20:01,702 | ⚠ HOST DOMINANCE DETECTED
2026-05-29 23:20:01,702 | ⚠ POSSIBLE PORT SCAN DETECTED
2026-05-29 23:20:02,704 | ⚠ HOST DOMINANCE DETECTED
2026-05-29 23:20:02,705 | ⚠ POSSIBLE PORT SCAN DETECTED
2026-05-29 23:20:03,257 | ⚠ HOST DOMINANCE DETECTED
2026-05-29 23:20:03,258 | ⚠ POSSIBLE PORT SCAN DETECTED
2026-05-29 23:20:03,706 | ⚠ HOST DOMINANCE DETECTED
2026-05-29 23:20:03,707 | ⚠ POSSIBLE PORT SCAN DETECTED
2026-05-29 23:20:04,710 | ⚠ HOST DOMINANCE DETECTED
2026-05-29 23:20:04,710 | ⚠ POSSIBLE PORT SCAN DETECTED
2026-05-29 23:20:05,713 | ⚠ HOST DOMINANCE DETECTED
2026-05-29 23:20:05,713 | ⚠ POSSIBLE PORT SCAN DETECTED
2026-05-29 23:20:06,715 | ⚠ HOST DOMINANCE DETECTED
2026-05-29 23:20:06,716 | ⚠ POSSIBLE PORT SCAN DETECTED
2026-05-29 23:20:07,718 | ⚠ HOST DOMINANCE DETECTED
2026-05-29 23:20:07,718 | ⚠ POSSIBLE PORT SCAN DETECTED
2026-05-29 23:20:08,261 | ⚠ HOST DOMINANCE DETECTED
2026-05-29 23:20:08,262 | ⚠ POSSIBLE PORT SCAN DETECTED
2026-05-29 23:20:08,531 | ⚠ HOST DOMINANCE DETECTED
2026-05-29 23:20:08,531 | ⚠ POSSIBLE PORT SCAN DETECTED
2026-05-29 23:20:08,721 | ⚠ HOST DOMINANCE DETECTED
2026-05-29 23:20:08,721 | ⚠ POSSIBLE PORT SCAN DETECTED
2026-05-29 23:20:09,722 | ⚠ HOST DOMINANCE DETECTED
2026-05-29 23:20:09,722 | ⚠ POSSIBLE PORT SCAN DETECTED
2026-05-29 23:20:10,725 | ⚠ HOST DOMINANCE DETECTED
2026-05-29 23:20:10,726 | ⚠ POSSIBLE PORT SCAN DETECTED
2026-05-29 23:20:11,730 | ⚠ HOST DOMINANCE DETECTED
2026-05-29 23:20:11,734 | ⚠ POSSIBLE PORT SCAN DETECTED
2026-05-29 23:20:12,737 | ⚠ HOST DOMINANCE DETECTED
2026-05-29 23:20:12,737 | ⚠ POSSIBLE PORT SCAN DETECTED
2026-05-29 23:20:13,276 | ⚠ HOST DOMINANCE DETECTED
2026-05-29 23:20:13,276 | ⚠ POSSIBLE PORT SCAN DETECTED
2026-05-29 23:20:13,739 | ⚠ HOST DOMINANCE DETECTED
2026-05-29 23:20:13,740 | ⚠ POSSIBLE PORT SCAN DETECTED
2026-05-29 23:20:14,742 | ⚠ HOST DOMINANCE DETECTED
2026-05-29 23:20:14,742 | ⚠ POSSIBLE PORT SCAN DETECTED
2026-05-29 23:20:15,745 | ⚠ HOST DOMINANCE DETECTED
2026-05-29 23:20:15,746 | ⚠ POSSIBLE PORT SCAN DETECTED
2026-05-29 23:20:16,751 | ⚠ HOST DOMINANCE DETECTED
2026-05-29 23:20:16,752 | ⚠ POSSIBLE PORT SCAN DETECTED
2026-05-29 23:20:17,755 | ⚠ HOST DOMINANCE DETECTED
2026-05-29 23:20:17,757 | ⚠ POSSIBLE PORT SCAN DETECTED
2026-05-29 23:20:18,286 | ⚠ BANDWIDTH SPIKE DETECTED
2026-05-29 23:20:18,287 | ⚠ HOST DOMINANCE DETECTED
2026-05-29 23:20:18,287 | ⚠ POSSIBLE PORT SCAN DETECTED
2026-05-29 23:20:18,760 | ⚠ HOST DOMINANCE DETECTED
2026-05-29 23:20:18,760 | ⚠ POSSIBLE PORT SCAN DETECTED
2026-05-29 23:20:19,763 | ⚠ HOST DOMINANCE DETECTED
2026-05-29 23:20:19,763 | ⚠ POSSIBLE PORT SCAN DETECTED
2026-05-29 23:20:20,766 | ⚠ HOST DOMINANCE DETECTED
2026-05-29 23:20:20,766 | ⚠ POSSIBLE PORT SCAN DETECTED
2026-05-29 23:20:21,768 | ⚠ HOST DOMINANCE DETECTED
2026-05-29 23:20:21,768 | ⚠ POSSIBLE PORT SCAN DETECTED
2026-05-29 23:20:22,770 | ⚠ HOST DOMINANCE DETECTED
2026-05-29 23:20:22,771 | ⚠ POSSIBLE PORT SCAN DETECTED
2026-05-29 23:20:23,319 | ⚠ HOST DOMINANCE DETECTED
2026-05-29 23:20:23,320 | ⚠ POSSIBLE PORT SCAN DETECTED
2026-05-29 23:20:23,773 | ⚠ HOST DOMINANCE DETECTED
2026-05-29 23:20:23,773 | ⚠ POSSIBLE PORT SCAN DETECTED
2026-05-29 23:20:24,776 | ⚠ HOST DOMINANCE DETECTED
2026-05-29 23:20:24,777 | ⚠ POSSIBLE PORT SCAN DETECTED
2026-05-29 23:20:25,779 | ⚠ HOST DOMINANCE DETECTED
2026-05-29 23:20:25,779 | ⚠ POSSIBLE PORT SCAN DETECTED
2026-05-29 23:20:26,781 | ⚠ HOST DOMINANCE DETECTED
2026-05-29 23:20:26,782 | ⚠ POSSIBLE PORT SCAN DETECTED
2026-05-29 23:20:27,785 | ⚠ HOST DOMINANCE DETECTED
2026-05-29 23:20:27,785 | ⚠ POSSIBLE PORT SCAN DETECTED
2026-05-29 23:20:28,325 | ⚠ HOST DOMINANCE DETECTED
2026-05-29 23:20:28,325 | ⚠ POSSIBLE PORT SCAN DETECTED
2026-05-29 23:20:28,788 | ⚠ HOST DOMINANCE DETECTED
2026-05-29 23:20:28,788 | ⚠ POSSIBLE PORT SCAN DETECTED
2026-05-29 23:20:29,791 | ⚠ HOST DOMINANCE DETECTED
2026-05-29 23:20:29,791 | ⚠ POSSIBLE PORT SCAN DETECTED
2026-05-29 23:20:30,795 | ⚠ HOST DOMINANCE DETECTED
2026-05-29 23:20:30,795 | ⚠ POSSIBLE PORT SCAN DETECTED
2026-05-29 23:20:31,797 | ⚠ HOST DOMINANCE DETECTED
2026-05-29 23:20:31,798 | ⚠ POSSIBLE PORT SCAN DETECTED
2026-05-29 23:20:32,800 | ⚠ HOST DOMINANCE DETECTED
2026-05-29 23:20:32,801 | ⚠ POSSIBLE PORT SCAN DETECTED
2026-05-29 23:20:33,329 | ⚠ HOST DOMINANCE DETECTED
2026-05-29 23:20:33,329 | ⚠ POSSIBLE PORT SCAN DETECTED
2026-05-29 23:20:33,803 | ⚠ HOST DOMINANCE DETECTED
2026-05-29 23:20:33,803 | ⚠ POSSIBLE PORT SCAN DETECTED
2026-05-29 23:20:34,805 | ⚠ HOST DOMINANCE DETECTED
2026-05-29 23:20:34,805 | ⚠ POSSIBLE PORT SCAN DETECTED
2026-05-29 23:20:35,807 | ⚠ HOST DOMINANCE DETECTED
2026-05-29 23:20:35,808 | ⚠ POSSIBLE PORT SCAN DETECTED
2026-05-29 23:20:36,810 | ⚠ HOST DOMINANCE DETECTED
2026-05-29 23:20:36,810 | ⚠ POSSIBLE PORT SCAN DETECTED
2026-05-29 23:20:37,812 | ⚠ HOST DOMINANCE DETECTED
2026-05-29 23:20:37,813 | ⚠ POSSIBLE PORT SCAN DETECTED
2026-05-29 23:20:38,337 | ⚠ HOST DOMINANCE DETECTED
2026-05-29 23:20:38,338 | ⚠ POSSIBLE PORT SCAN DETECTED
2026-05-29 23:20:38,816 | ⚠ HOST DOMINANCE DETECTED
2026-05-29 23:20:38,817 | ⚠ POSSIBLE PORT SCAN DETECTED
2026-05-29 23:20:39,366 | ⚠ HOST DOMINANCE DETECTED
2026-05-29 23:20:39,367 | ⚠ POSSIBLE PORT SCAN DETECTED
2026-05-29 23:20:39,819 | ⚠ HOST DOMINANCE DETECTED
2026-05-29 23:20:39,819 | ⚠ POSSIBLE PORT SCAN DETECTED
2026-05-29 23:20:40,821 | ⚠ HOST DOMINANCE DETECTED
2026-05-29 23:20:40,821 | ⚠ POSSIBLE PORT SCAN DETECTED
2026-05-29 23:20:41,824 | ⚠ HOST DOMINANCE DETECTED
2026-05-29 23:20:41,824 | ⚠ POSSIBLE PORT SCAN DETECTED
2026-05-29 23:20:42,828 | ⚠ HOST DOMINANCE DETECTED
2026-05-29 23:20:42,828 | ⚠ POSSIBLE PORT SCAN DETECTED
2026-05-29 23:20:43,348 | ⚠ HOST DOMINANCE DETECTED
2026-05-29 23:20:43,348 | ⚠ POSSIBLE PORT SCAN DETECTED
2026-05-29 23:20:43,831 | ⚠ HOST DOMINANCE DETECTED
2026-05-29 23:20:43,832 | ⚠ POSSIBLE PORT SCAN DETECTED
2026-05-29 23:20:44,834 | ⚠ HOST DOMINANCE DETECTED
2026-05-29 23:20:44,835 | ⚠ POSSIBLE PORT SCAN DETECTED
2026-05-29 23:20:45,837 | ⚠ HOST DOMINANCE DETECTED
2026-05-29 23:20:45,837 | ⚠ POSSIBLE PORT SCAN DETECTED
2026-05-29 23:20:46,840 | ⚠ HOST DOMINANCE DETECTED
2026-05-29 23:20:46,840 | ⚠ POSSIBLE PORT SCAN DETECTED
2026-05-29 23:20:47,843 | ⚠ HOST DOMINANCE DETECTED
2026-05-29 23:20:47,843 | ⚠ POSSIBLE PORT SCAN DETECTED
2026-05-29 23:20:48,358 | ⚠ HOST DOMINANCE DETECTED
2026-05-29 23:20:48,358 | ⚠ POSSIBLE PORT SCAN DETECTED
2026-05-29 23:20:48,846 | ⚠ HOST DOMINANCE DETECTED
2026-05-29 23:20:48,846 | ⚠ POSSIBLE PORT SCAN DETECTED
2026-05-29 23:20:49,849 | ⚠ HOST DOMINANCE DETECTED
2026-05-29 23:20:49,849 | ⚠ POSSIBLE PORT SCAN DETECTED
2026-05-29 23:20:50,854 | ⚠ HOST DOMINANCE DETECTED
2026-05-29 23:20:50,855 | ⚠ POSSIBLE PORT SCAN DETECTED
2026-05-29 23:20:51,862 | ⚠ HOST DOMINANCE DETECTED
2026-05-29 23:20:51,862 | ⚠ POSSIBLE PORT SCAN DETECTED
2026-05-29 23:20:52,867 | ⚠ HOST DOMINANCE DETECTED
2026-05-29 23:20:52,868 | ⚠ POSSIBLE PORT SCAN DETECTED
2026-05-29 23:20:53,366 | ⚠ HOST DOMINANCE DETECTED
2026-05-29 23:20:53,366 | ⚠ POSSIBLE PORT SCAN DETECTED
2026-05-29 23:20:53,389 | ⚠ HOST DOMINANCE DETECTED
2026-05-29 23:20:53,389 | ⚠ POSSIBLE PORT SCAN DETECTED
2026-05-29 23:20:53,871 | ⚠ HOST DOMINANCE DETECTED
2026-05-29 23:20:53,872 | ⚠ POSSIBLE PORT SCAN DETECTED
2026-05-29 23:20:54,874 | ⚠ HOST DOMINANCE DETECTED
2026-05-29 23:20:54,875 | ⚠ POSSIBLE PORT SCAN DETECTED
2026-05-29 23:20:55,878 | ⚠ HOST DOMINANCE DETECTED
2026-05-29 23:20:55,879 | ⚠ POSSIBLE PORT SCAN DETECTED
2026-05-29 23:20:56,883 | ⚠ HOST DOMINANCE DETECTED
2026-05-29 23:20:56,883 | ⚠ POSSIBLE PORT SCAN DETECTED
2026-05-29 23:20:57,885 | ⚠ HOST DOMINANCE DETECTED
2026-05-29 23:20:57,885 | ⚠ POSSIBLE PORT SCAN DETECTED
2026-05-29 23:20:58,243 | ⚠ HOST DOMINANCE DETECTED
2026-05-29 23:20:58,244 | ⚠ POSSIBLE PORT SCAN DETECTED
2026-05-29 23:20:58,393 | ⚠ HOST DOMINANCE DETECTED
2026-05-29 23:20:58,394 | ⚠ POSSIBLE PORT SCAN DETECTED
2026-05-29 23:20:58,889 | ⚠ HOST DOMINANCE DETECTED
2026-05-29 23:20:58,890 | ⚠ POSSIBLE PORT SCAN DETECTED
2026-05-29 23:20:59,895 | ⚠ HOST DOMINANCE DETECTED
2026-05-29 23:20:59,896 | ⚠ POSSIBLE PORT SCAN DETECTED
2026-05-29 23:21:00,899 | ⚠ HOST DOMINANCE DETECTED
2026-05-29 23:21:00,899 | ⚠ POSSIBLE PORT SCAN DETECTED
2026-05-29 23:21:01,904 | ⚠ HOST DOMINANCE DETECTED
2026-05-29 23:21:01,904 | ⚠ POSSIBLE PORT SCAN DETECTED
2026-05-29 23:21:02,909 | ⚠ HOST DOMINANCE DETECTED
2026-05-29 23:21:02,910 | ⚠ POSSIBLE PORT SCAN DETECTED
2026-05-29 23:21:03,237 | ⚠ HOST DOMINANCE DETECTED
2026-05-29 23:21:03,238 | ⚠ POSSIBLE PORT SCAN DETECTED
2026-05-29 23:21:03,401 | ⚠ HOST DOMINANCE DETECTED
2026-05-29 23:21:03,402 | ⚠ POSSIBLE PORT SCAN DETECTED
2026-05-29 23:21:03,913 | ⚠ HOST DOMINANCE DETECTED
2026-05-29 23:21:03,913 | ⚠ POSSIBLE PORT SCAN DETECTED
2026-05-29 23:21:04,916 | ⚠ HOST DOMINANCE DETECTED
2026-05-29 23:21:04,916 | ⚠ POSSIBLE PORT SCAN DETECTED
2026-05-29 23:21:05,920 | ⚠ HOST DOMINANCE DETECTED
2026-05-29 23:21:05,920 | ⚠ POSSIBLE PORT SCAN DETECTED
2026-05-29 23:21:06,923 | ⚠ HOST DOMINANCE DETECTED
2026-05-29 23:21:06,923 | ⚠ POSSIBLE PORT SCAN DETECTED
2026-05-29 23:21:07,925 | ⚠ HOST DOMINANCE DETECTED
2026-05-29 23:21:07,926 | ⚠ POSSIBLE PORT SCAN DETECTED
2026-05-29 23:21:08,242 | ⚠ HOST DOMINANCE DETECTED
2026-05-29 23:21:08,242 | ⚠ POSSIBLE PORT SCAN DETECTED
2026-05-29 23:21:08,419 | ⚠ HOST DOMINANCE DETECTED
2026-05-29 23:21:08,419 | ⚠ POSSIBLE PORT SCAN DETECTED
2026-05-29 23:21:08,928 | ⚠ HOST DOMINANCE DETECTED
2026-05-29 23:21:08,928 | ⚠ POSSIBLE PORT SCAN DETECTED
2026-05-29 23:21:09,931 | ⚠ HOST DOMINANCE DETECTED
2026-05-29 23:21:09,931 | ⚠ POSSIBLE PORT SCAN DETECTED
2026-05-29 23:21:10,361 | ⚠ HOST DOMINANCE DETECTED
2026-05-29 23:21:10,362 | ⚠ POSSIBLE PORT SCAN DETECTED
2026-05-29 23:21:10,934 | ⚠ HOST DOMINANCE DETECTED
2026-05-29 23:21:10,934 | ⚠ POSSIBLE PORT SCAN DETECTED
2026-05-29 23:21:11,936 | ⚠ HOST DOMINANCE DETECTED
2026-05-29 23:21:11,937 | ⚠ POSSIBLE PORT SCAN DETECTED
2026-05-29 23:21:12,941 | ⚠ HOST DOMINANCE DETECTED
2026-05-29 23:21:12,941 | ⚠ POSSIBLE PORT SCAN DETECTED
2026-05-29 23:21:13,246 | ⚠ HOST DOMINANCE DETECTED
2026-05-29 23:21:13,246 | ⚠ POSSIBLE PORT SCAN DETECTED
2026-05-29 23:21:13,428 | ⚠ HOST DOMINANCE DETECTED
2026-05-29 23:21:13,428 | ⚠ POSSIBLE PORT SCAN DETECTED
2026-05-29 23:21:13,944 | ⚠ HOST DOMINANCE DETECTED
2026-05-29 23:21:13,945 | ⚠ POSSIBLE PORT SCAN DETECTED
2026-05-29 23:21:14,950 | ⚠ HOST DOMINANCE DETECTED
2026-05-29 23:21:14,950 | ⚠ POSSIBLE PORT SCAN DETECTED
2026-05-29 23:21:15,954 | ⚠ HOST DOMINANCE DETECTED
2026-05-29 23:21:15,954 | ⚠ POSSIBLE PORT SCAN DETECTED
2026-05-29 23:21:16,957 | ⚠ HOST DOMINANCE DETECTED
2026-05-29 23:21:16,957 | ⚠ POSSIBLE PORT SCAN DETECTED
2026-05-29 23:21:17,960 | ⚠ HOST DOMINANCE DETECTED
2026-05-29 23:21:17,961 | ⚠ POSSIBLE PORT SCAN DETECTED
2026-05-29 23:21:18,249 | ⚠ HOST DOMINANCE DETECTED
2026-05-29 23:21:18,249 | ⚠ POSSIBLE PORT SCAN DETECTED
2026-05-29 23:21:18,433 | ⚠ HOST DOMINANCE DETECTED
2026-05-29 23:21:18,433 | ⚠ POSSIBLE PORT SCAN DETECTED
2026-05-29 23:21:18,965 | ⚠ HOST DOMINANCE DETECTED
2026-05-29 23:21:18,965 | ⚠ POSSIBLE PORT SCAN DETECTED
2026-05-29 23:21:19,969 | ⚠ HOST DOMINANCE DETECTED
2026-05-29 23:21:19,969 | ⚠ POSSIBLE PORT SCAN DETECTED
2026-05-29 23:21:20,972 | ⚠ HOST DOMINANCE DETECTED
2026-05-29 23:21:20,972 | ⚠ POSSIBLE PORT SCAN DETECTED
2026-05-29 23:21:21,975 | ⚠ HOST DOMINANCE DETECTED
2026-05-29 23:21:21,976 | ⚠ POSSIBLE PORT SCAN DETECTED
2026-05-29 23:21:22,980 | ⚠ HOST DOMINANCE DETECTED
2026-05-29 23:21:22,980 | ⚠ POSSIBLE PORT SCAN DETECTED
2026-05-29 23:21:23,443 | ⚠ HOST DOMINANCE DETECTED
2026-05-29 23:21:23,443 | ⚠ POSSIBLE PORT SCAN DETECTED
2026-05-29 23:21:23,983 | ⚠ HOST DOMINANCE DETECTED
2026-05-29 23:21:23,983 | ⚠ POSSIBLE PORT SCAN DETECTED
2026-05-29 23:21:24,986 | ⚠ HOST DOMINANCE DETECTED
2026-05-29 23:21:24,987 | ⚠ POSSIBLE PORT SCAN DETECTED
2026-05-29 23:21:25,990 | ⚠ HOST DOMINANCE DETECTED
2026-05-29 23:21:25,990 | ⚠ POSSIBLE PORT SCAN DETECTED
2026-05-29 23:21:26,993 | ⚠ HOST DOMINANCE DETECTED
2026-05-29 23:21:26,993 | ⚠ POSSIBLE PORT SCAN DETECTED
2026-05-29 23:21:27,505 | ⚠ HOST DOMINANCE DETECTED
2026-05-29 23:21:27,506 | ⚠ POSSIBLE PORT SCAN DETECTED
2026-05-29 23:21:28,008 | ⚠ HOST DOMINANCE DETECTED
2026-05-29 23:21:28,008 | ⚠ POSSIBLE PORT SCAN DETECTED
2026-05-29 23:21:28,452 | ⚠ HOST DOMINANCE DETECTED
2026-05-29 23:21:28,454 | ⚠ POSSIBLE PORT SCAN DETECTED
2026-05-29 23:21:29,010 | ⚠ HOST DOMINANCE DETECTED
2026-05-29 23:21:29,012 | ⚠ POSSIBLE PORT SCAN DETECTED
2026-05-29 23:21:30,019 | ⚠ HOST DOMINANCE DETECTED
2026-05-29 23:21:30,019 | ⚠ POSSIBLE PORT SCAN DETECTED
2026-05-29 23:21:31,022 | ⚠ HOST DOMINANCE DETECTED
2026-05-29 23:21:31,022 | ⚠ POSSIBLE PORT SCAN DETECTED
2026-05-29 23:21:32,028 | ⚠ HOST DOMINANCE DETECTED
2026-05-29 23:21:32,028 | ⚠ POSSIBLE PORT SCAN DETECTED
2026-05-29 23:21:33,031 | ⚠ HOST DOMINANCE DETECTED
2026-05-29 23:21:33,031 | ⚠ POSSIBLE PORT SCAN DETECTED
2026-05-29 23:21:33,464 | ⚠ HOST DOMINANCE DETECTED
2026-05-29 23:21:33,465 | ⚠ POSSIBLE PORT SCAN DETECTED
2026-05-29 23:21:34,033 | ⚠ HOST DOMINANCE DETECTED
2026-05-29 23:21:34,033 | ⚠ POSSIBLE PORT SCAN DETECTED
2026-05-29 23:21:35,037 | ⚠ HOST DOMINANCE DETECTED
2026-05-29 23:21:35,037 | ⚠ POSSIBLE PORT SCAN DETECTED
2026-05-29 23:21:36,041 | ⚠ HOST DOMINANCE DETECTED
2026-05-29 23:21:36,041 | ⚠ POSSIBLE PORT SCAN DETECTED
2026-05-29 23:21:37,045 | ⚠ HOST DOMINANCE DETECTED
2026-05-29 23:21:37,045 | ⚠ POSSIBLE PORT SCAN DETECTED
2026-05-29 23:21:37,378 | ⚠ HOST DOMINANCE DETECTED
2026-05-29 23:21:37,379 | ⚠ POSSIBLE PORT SCAN DETECTED
2026-05-29 23:21:38,048 | ⚠ HOST DOMINANCE DETECTED
2026-05-29 23:21:38,048 | ⚠ POSSIBLE PORT SCAN DETECTED
2026-05-29 23:21:38,469 | ⚠ HOST DOMINANCE DETECTED
2026-05-29 23:21:38,469 | ⚠ POSSIBLE PORT SCAN DETECTED
2026-05-29 23:21:39,051 | ⚠ HOST DOMINANCE DETECTED
2026-05-29 23:21:39,052 | ⚠ POSSIBLE PORT SCAN DETECTED
2026-05-29 23:21:40,055 | ⚠ HOST DOMINANCE DETECTED
2026-05-29 23:21:40,055 | ⚠ POSSIBLE PORT SCAN DETECTED
2026-05-29 23:21:41,059 | ⚠ HOST DOMINANCE DETECTED
2026-05-29 23:21:41,059 | ⚠ POSSIBLE PORT SCAN DETECTED
2026-05-29 23:21:41,394 | ⚠ HOST DOMINANCE DETECTED
2026-05-29 23:21:41,394 | ⚠ POSSIBLE PORT SCAN DETECTED
2026-05-29 23:21:42,061 | ⚠ HOST DOMINANCE DETECTED
2026-05-29 23:21:42,061 | ⚠ POSSIBLE PORT SCAN DETECTED
2026-05-29 23:21:43,064 | ⚠ HOST DOMINANCE DETECTED
2026-05-29 23:21:43,064 | ⚠ POSSIBLE PORT SCAN DETECTED
2026-05-29 23:21:43,475 | ⚠ HOST DOMINANCE DETECTED
2026-05-29 23:21:43,475 | ⚠ POSSIBLE PORT SCAN DETECTED
2026-05-29 23:21:44,067 | ⚠ HOST DOMINANCE DETECTED
2026-05-29 23:21:44,067 | ⚠ POSSIBLE PORT SCAN DETECTED
2026-05-29 23:21:45,071 | ⚠ HOST DOMINANCE DETECTED
2026-05-29 23:21:45,071 | ⚠ POSSIBLE PORT SCAN DETECTED
2026-05-29 23:21:46,074 | ⚠ HOST DOMINANCE DETECTED
2026-05-29 23:21:46,074 | ⚠ POSSIBLE PORT SCAN DETECTED
2026-05-29 23:21:47,077 | ⚠ HOST DOMINANCE DETECTED
2026-05-29 23:21:47,078 | ⚠ POSSIBLE PORT SCAN DETECTED
2026-05-29 23:21:48,083 | ⚠ HOST DOMINANCE DETECTED
2026-05-29 23:21:48,083 | ⚠ POSSIBLE PORT SCAN DETECTED
2026-05-29 23:21:48,484 | ⚠ HOST DOMINANCE DETECTED
2026-05-29 23:21:48,485 | ⚠ POSSIBLE PORT SCAN DETECTED
2026-05-29 23:21:49,087 | ⚠ HOST DOMINANCE DETECTED
2026-05-29 23:21:49,088 | ⚠ POSSIBLE PORT SCAN DETECTED
2026-05-29 23:21:50,095 | ⚠ HOST DOMINANCE DETECTED
2026-05-29 23:21:50,095 | ⚠ POSSIBLE PORT SCAN DETECTED
2026-05-29 23:21:51,098 | ⚠ HOST DOMINANCE DETECTED
2026-05-29 23:21:51,099 | ⚠ POSSIBLE PORT SCAN DETECTED
2026-05-29 23:21:52,102 | ⚠ HOST DOMINANCE DETECTED
2026-05-29 23:21:52,102 | ⚠ POSSIBLE PORT SCAN DETECTED
2026-05-29 23:21:53,105 | ⚠ HOST DOMINANCE DETECTED
2026-05-29 23:21:53,105 | ⚠ POSSIBLE PORT SCAN DETECTED
2026-05-29 23:21:53,494 | ⚠ HOST DOMINANCE DETECTED
2026-05-29 23:21:53,494 | ⚠ POSSIBLE PORT SCAN DETECTED
2026-05-29 23:21:54,109 | ⚠ HOST DOMINANCE DETECTED
2026-05-29 23:21:54,109 | ⚠ POSSIBLE PORT SCAN DETECTED
2026-05-29 23:21:55,112 | ⚠ HOST DOMINANCE DETECTED
2026-05-29 23:21:55,112 | ⚠ POSSIBLE PORT SCAN DETECTED
2026-05-29 23:21:56,115 | ⚠ HOST DOMINANCE DETECTED
2026-05-29 23:21:56,116 | ⚠ POSSIBLE PORT SCAN DETECTED
2026-05-29 23:21:57,118 | ⚠ HOST DOMINANCE DETECTED
2026-05-29 23:21:57,119 | ⚠ POSSIBLE PORT SCAN DETECTED
2026-05-29 23:21:58,122 | ⚠ HOST DOMINANCE DETECTED
2026-05-29 23:21:58,122 | ⚠ POSSIBLE PORT SCAN DETECTED
2026-05-29 23:21:58,500 | ⚠ HOST DOMINANCE DETECTED
2026-05-29 23:21:58,501 | ⚠ POSSIBLE PORT SCAN DETECTED
2026-05-29 23:21:59,125 | ⚠ HOST DOMINANCE DETECTED
2026-05-29 23:21:59,125 | ⚠ POSSIBLE PORT SCAN DETECTED
2026-05-29 23:22:00,128 | ⚠ HOST DOMINANCE DETECTED
2026-05-29 23:22:00,128 | ⚠ POSSIBLE PORT SCAN DETECTED
2026-05-29 23:22:01,130 | ⚠ HOST DOMINANCE DETECTED
2026-05-29 23:22:01,130 | ⚠ POSSIBLE PORT SCAN DETECTED
2026-05-29 23:22:02,132 | ⚠ HOST DOMINANCE DETECTED
2026-05-29 23:22:02,132 | ⚠ POSSIBLE PORT SCAN DETECTED
2026-05-29 23:22:03,135 | ⚠ HOST DOMINANCE DETECTED
2026-05-29 23:22:03,135 | ⚠ POSSIBLE PORT SCAN DETECTED
2026-05-29 23:22:03,506 | ⚠ HOST DOMINANCE DETECTED
2026-05-29 23:22:03,507 | ⚠ POSSIBLE PORT SCAN DETECTED
2026-05-29 23:22:04,138 | ⚠ HOST DOMINANCE DETECTED
2026-05-29 23:22:04,139 | ⚠ POSSIBLE PORT SCAN DETECTED
2026-05-29 23:22:05,143 | ⚠ HOST DOMINANCE DETECTED
2026-05-29 23:22:05,143 | ⚠ POSSIBLE PORT SCAN DETECTED
2026-05-29 23:22:06,147 | ⚠ HOST DOMINANCE DETECTED
2026-05-29 23:22:06,147 | ⚠ POSSIBLE PORT SCAN DETECTED
2026-05-29 23:22:07,150 | ⚠ HOST DOMINANCE DETECTED
2026-05-29 23:22:07,151 | ⚠ POSSIBLE PORT SCAN DETECTED
2026-05-29 23:22:08,153 | ⚠ HOST DOMINANCE DETECTED
2026-05-29 23:22:08,154 | ⚠ POSSIBLE PORT SCAN DETECTED
2026-05-29 23:22:08,512 | ⚠ HOST DOMINANCE DETECTED
2026-05-29 23:22:08,513 | ⚠ POSSIBLE PORT SCAN DETECTED
2026-05-29 23:22:09,158 | ⚠ HOST DOMINANCE DETECTED
2026-05-29 23:22:09,159 | ⚠ POSSIBLE PORT SCAN DETECTED
2026-05-29 23:22:10,162 | ⚠ HOST DOMINANCE DETECTED
2026-05-29 23:22:10,162 | ⚠ POSSIBLE PORT SCAN DETECTED
2026-05-29 23:22:11,165 | ⚠ HOST DOMINANCE DETECTED
2026-05-29 23:22:11,165 | ⚠ POSSIBLE PORT SCAN DETECTED
2026-05-29 23:22:12,167 | ⚠ HOST DOMINANCE DETECTED
2026-05-29 23:22:12,168 | ⚠ POSSIBLE PORT SCAN DETECTED
2026-05-29 23:22:12,317 | ⚠ HOST DOMINANCE DETECTED
2026-05-29 23:22:12,317 | ⚠ POSSIBLE PORT SCAN DETECTED
2026-05-29 23:22:13,170 | ⚠ HOST DOMINANCE DETECTED
2026-05-29 23:22:13,170 | ⚠ POSSIBLE PORT SCAN DETECTED
2026-05-29 23:22:13,518 | ⚠ HOST DOMINANCE DETECTED
2026-05-29 23:22:13,519 | ⚠ POSSIBLE PORT SCAN DETECTED
2026-05-29 23:22:14,172 | ⚠ HOST DOMINANCE DETECTED
2026-05-29 23:22:14,172 | ⚠ POSSIBLE PORT SCAN DETECTED
2026-05-29 23:22:15,176 | ⚠ HOST DOMINANCE DETECTED
2026-05-29 23:22:15,176 | ⚠ POSSIBLE PORT SCAN DETECTED
2026-05-29 23:22:16,180 | ⚠ HOST DOMINANCE DETECTED
2026-05-29 23:22:16,180 | ⚠ POSSIBLE PORT SCAN DETECTED
2026-05-29 23:22:17,184 | ⚠ HOST DOMINANCE DETECTED
2026-05-29 23:22:17,184 | ⚠ POSSIBLE PORT SCAN DETECTED
2026-05-29 23:22:18,187 | ⚠ HOST DOMINANCE DETECTED
2026-05-29 23:22:18,188 | ⚠ POSSIBLE PORT SCAN DETECTED
2026-05-29 23:22:18,530 | ⚠ HOST DOMINANCE DETECTED
2026-05-29 23:22:18,531 | ⚠ POSSIBLE PORT SCAN DETECTED
2026-05-29 23:22:19,192 | ⚠ HOST DOMINANCE DETECTED
2026-05-29 23:22:19,192 | ⚠ POSSIBLE PORT SCAN DETECTED
2026-05-29 23:22:20,195 | ⚠ HOST DOMINANCE DETECTED
2026-05-29 23:22:20,195 | ⚠ POSSIBLE PORT SCAN DETECTED
2026-05-29 23:22:21,198 | ⚠ HOST DOMINANCE DETECTED
2026-05-29 23:22:21,198 | ⚠ POSSIBLE PORT SCAN DETECTED
2026-05-29 23:22:22,200 | ⚠ HOST DOMINANCE DETECTED
2026-05-29 23:22:22,201 | ⚠ POSSIBLE PORT SCAN DETECTED
2026-05-29 23:22:23,203 | ⚠ HOST DOMINANCE DETECTED
2026-05-29 23:22:23,204 | ⚠ POSSIBLE PORT SCAN DETECTED
2026-05-29 23:22:23,537 | ⚠ HOST DOMINANCE DETECTED
2026-05-29 23:22:23,538 | ⚠ POSSIBLE PORT SCAN DETECTED
2026-05-29 23:22:24,209 | ⚠ HOST DOMINANCE DETECTED
2026-05-29 23:22:24,210 | ⚠ POSSIBLE PORT SCAN DETECTED
2026-05-29 23:22:25,216 | ⚠ HOST DOMINANCE DETECTED
2026-05-29 23:22:25,217 | ⚠ POSSIBLE PORT SCAN DETECTED
2026-05-29 23:22:26,219 | ⚠ HOST DOMINANCE DETECTED
2026-05-29 23:22:26,219 | ⚠ POSSIBLE PORT SCAN DETECTED
2026-05-29 23:22:27,221 | ⚠ HOST DOMINANCE DETECTED
2026-05-29 23:22:27,221 | ⚠ POSSIBLE PORT SCAN DETECTED
2026-05-29 23:22:28,224 | ⚠ HOST DOMINANCE DETECTED
2026-05-29 23:22:28,224 | ⚠ POSSIBLE PORT SCAN DETECTED
2026-05-29 23:22:28,543 | ⚠ HOST DOMINANCE DETECTED
2026-05-29 23:22:28,543 | ⚠ POSSIBLE PORT SCAN DETECTED
2026-05-29 23:22:29,227 | ⚠ HOST DOMINANCE DETECTED
2026-05-29 23:22:29,228 | ⚠ POSSIBLE PORT SCAN DETECTED
2026-05-29 23:22:30,230 | ⚠ HOST DOMINANCE DETECTED
2026-05-29 23:22:30,230 | ⚠ POSSIBLE PORT SCAN DETECTED
2026-05-29 23:22:31,233 | ⚠ HOST DOMINANCE DETECTED
2026-05-29 23:22:31,233 | ⚠ POSSIBLE PORT SCAN DETECTED
2026-05-29 23:22:32,235 | ⚠ HOST DOMINANCE DETECTED
2026-05-29 23:22:32,236 | ⚠ POSSIBLE PORT SCAN DETECTED
2026-05-29 23:22:33,238 | ⚠ HOST DOMINANCE DETECTED
2026-05-29 23:22:33,239 | ⚠ POSSIBLE PORT SCAN DETECTED
2026-05-29 23:22:33,550 | ⚠ HOST DOMINANCE DETECTED
2026-05-29 23:22:33,551 | ⚠ POSSIBLE PORT SCAN DETECTED
2026-05-29 23:22:34,242 | ⚠ HOST DOMINANCE DETECTED
2026-05-29 23:22:34,242 | ⚠ POSSIBLE PORT SCAN DETECTED
2026-05-29 23:22:35,245 | ⚠ HOST DOMINANCE DETECTED
2026-05-29 23:22:35,246 | ⚠ POSSIBLE PORT SCAN DETECTED
2026-05-29 23:22:36,249 | ⚠ HOST DOMINANCE DETECTED
2026-05-29 23:22:36,249 | ⚠ POSSIBLE PORT SCAN DETECTED
2026-05-29 23:22:37,251 | ⚠ HOST DOMINANCE DETECTED
2026-05-29 23:22:37,251 | ⚠ POSSIBLE PORT SCAN DETECTED
2026-05-29 23:22:38,254 | ⚠ HOST DOMINANCE DETECTED
2026-05-29 23:22:38,254 | ⚠ POSSIBLE PORT SCAN DETECTED
2026-05-29 23:22:38,560 | ⚠ HOST DOMINANCE DETECTED
2026-05-29 23:22:38,561 | ⚠ POSSIBLE PORT SCAN DETECTED
2026-05-29 23:22:39,258 | ⚠ HOST DOMINANCE DETECTED
2026-05-29 23:22:39,258 | ⚠ POSSIBLE PORT SCAN DETECTED
2026-05-29 23:22:40,261 | ⚠ HOST DOMINANCE DETECTED
2026-05-29 23:22:40,261 | ⚠ POSSIBLE PORT SCAN DETECTED
2026-05-29 23:22:41,264 | ⚠ HOST DOMINANCE DETECTED
2026-05-29 23:22:41,264 | ⚠ POSSIBLE PORT SCAN DETECTED
2026-05-29 23:22:42,267 | ⚠ HOST DOMINANCE DETECTED
2026-05-29 23:22:42,268 | ⚠ POSSIBLE PORT SCAN DETECTED
2026-05-29 23:22:43,275 | ⚠ HOST DOMINANCE DETECTED
2026-05-29 23:22:43,275 | ⚠ POSSIBLE PORT SCAN DETECTED
2026-05-29 23:22:43,279 | ⚠ HOST DOMINANCE DETECTED
2026-05-29 23:22:43,280 | ⚠ POSSIBLE PORT SCAN DETECTED
2026-05-29 23:22:43,566 | ⚠ HOST DOMINANCE DETECTED
2026-05-29 23:22:43,566 | ⚠ POSSIBLE PORT SCAN DETECTED
2026-05-29 23:22:44,284 | ⚠ HOST DOMINANCE DETECTED
2026-05-29 23:22:44,284 | ⚠ POSSIBLE PORT SCAN DETECTED
2026-05-29 23:22:45,286 | ⚠ HOST DOMINANCE DETECTED
2026-05-29 23:22:45,286 | ⚠ POSSIBLE PORT SCAN DETECTED
2026-05-29 23:22:46,288 | ⚠ HOST DOMINANCE DETECTED
2026-05-29 23:22:46,289 | ⚠ POSSIBLE PORT SCAN DETECTED
2026-05-29 23:22:47,291 | ⚠ HOST DOMINANCE DETECTED
2026-05-29 23:22:47,291 | ⚠ POSSIBLE PORT SCAN DETECTED
2026-05-29 23:22:48,294 | ⚠ HOST DOMINANCE DETECTED
2026-05-29 23:22:48,294 | ⚠ POSSIBLE PORT SCAN DETECTED
2026-05-29 23:22:48,573 | ⚠ HOST DOMINANCE DETECTED
2026-05-29 23:22:48,574 | ⚠ POSSIBLE PORT SCAN DETECTED
2026-05-29 23:22:49,297 | ⚠ HOST DOMINANCE DETECTED
2026-05-29 23:22:49,297 | ⚠ POSSIBLE PORT SCAN DETECTED
2026-05-29 23:22:50,311 | ⚠ HOST DOMINANCE DETECTED
2026-05-29 23:22:50,312 | ⚠ POSSIBLE PORT SCAN DETECTED
2026-05-29 23:22:51,317 | ⚠ HOST DOMINANCE DETECTED
2026-05-29 23:22:51,318 | ⚠ POSSIBLE PORT SCAN DETECTED
2026-05-29 23:22:52,321 | ⚠ HOST DOMINANCE DETECTED
2026-05-29 23:22:52,321 | ⚠ POSSIBLE PORT SCAN DETECTED
2026-05-29 23:22:53,325 | ⚠ HOST DOMINANCE DETECTED
2026-05-29 23:22:53,326 | ⚠ POSSIBLE PORT SCAN DETECTED
2026-05-29 23:22:53,581 | ⚠ HOST DOMINANCE DETECTED
2026-05-29 23:22:53,581 | ⚠ POSSIBLE PORT SCAN DETECTED
2026-05-29 23:22:54,329 | ⚠ HOST DOMINANCE DETECTED
2026-05-29 23:22:54,330 | ⚠ POSSIBLE PORT SCAN DETECTED
2026-05-29 23:22:55,333 | ⚠ HOST DOMINANCE DETECTED
2026-05-29 23:22:55,333 | ⚠ POSSIBLE PORT SCAN DETECTED
2026-05-29 23:22:56,337 | ⚠ HOST DOMINANCE DETECTED
2026-05-29 23:22:56,337 | ⚠ POSSIBLE PORT SCAN DETECTED
2026-05-29 23:22:57,339 | ⚠ HOST DOMINANCE DETECTED
2026-05-29 23:22:57,339 | ⚠ POSSIBLE PORT SCAN DETECTED
2026-05-29 23:22:58,343 | ⚠ HOST DOMINANCE DETECTED
2026-05-29 23:22:58,343 | ⚠ POSSIBLE PORT SCAN DETECTED
2026-05-29 23:22:58,592 | ⚠ HOST DOMINANCE DETECTED
2026-05-29 23:22:58,592 | ⚠ POSSIBLE PORT SCAN DETECTED
2026-05-29 23:22:59,347 | ⚠ HOST DOMINANCE DETECTED
2026-05-29 23:22:59,347 | ⚠ POSSIBLE PORT SCAN DETECTED
2026-05-29 23:23:00,351 | ⚠ HOST DOMINANCE DETECTED
2026-05-29 23:23:00,351 | ⚠ POSSIBLE PORT SCAN DETECTED
2026-05-29 23:23:01,353 | ⚠ HOST DOMINANCE DETECTED
2026-05-29 23:23:01,353 | ⚠ POSSIBLE PORT SCAN DETECTED
2026-05-29 23:23:02,357 | ⚠ HOST DOMINANCE DETECTED
2026-05-29 23:23:02,358 | ⚠ POSSIBLE PORT SCAN DETECTED
2026-05-29 23:23:03,368 | ⚠ HOST DOMINANCE DETECTED
2026-05-29 23:23:03,368 | ⚠ POSSIBLE PORT SCAN DETECTED
2026-05-29 23:23:03,603 | ⚠ HOST DOMINANCE DETECTED
2026-05-29 23:23:03,603 | ⚠ POSSIBLE PORT SCAN DETECTED
2026-05-29 23:23:04,377 | ⚠ HOST DOMINANCE DETECTED
2026-05-29 23:23:04,377 | ⚠ POSSIBLE PORT SCAN DETECTED
2026-05-29 23:23:05,381 | ⚠ HOST DOMINANCE DETECTED
2026-05-29 23:23:05,381 | ⚠ POSSIBLE PORT SCAN DETECTED
2026-05-29 23:23:06,384 | ⚠ HOST DOMINANCE DETECTED
2026-05-29 23:23:06,384 | ⚠ POSSIBLE PORT SCAN DETECTED
2026-05-29 23:23:07,386 | ⚠ HOST DOMINANCE DETECTED
2026-05-29 23:23:07,387 | ⚠ POSSIBLE PORT SCAN DETECTED
2026-05-29 23:23:08,390 | ⚠ HOST DOMINANCE DETECTED
2026-05-29 23:23:08,390 | ⚠ POSSIBLE PORT SCAN DETECTED
2026-05-29 23:23:08,615 | ⚠ HOST DOMINANCE DETECTED
2026-05-29 23:23:08,616 | ⚠ POSSIBLE PORT SCAN DETECTED
2026-05-29 23:23:09,393 | ⚠ HOST DOMINANCE DETECTED
2026-05-29 23:23:09,393 | ⚠ POSSIBLE PORT SCAN DETECTED
2026-05-29 23:23:10,395 | ⚠ HOST DOMINANCE DETECTED
2026-05-29 23:23:10,396 | ⚠ POSSIBLE PORT SCAN DETECTED
2026-05-29 23:23:11,398 | ⚠ HOST DOMINANCE DETECTED
2026-05-29 23:23:11,398 | ⚠ POSSIBLE PORT SCAN DETECTED
2026-05-29 23:23:12,401 | ⚠ HOST DOMINANCE DETECTED
2026-05-29 23:23:12,401 | ⚠ POSSIBLE PORT SCAN DETECTED
2026-05-29 23:23:13,404 | ⚠ HOST DOMINANCE DETECTED
2026-05-29 23:23:13,405 | ⚠ POSSIBLE PORT SCAN DETECTED
2026-05-29 23:23:13,624 | ⚠ HOST DOMINANCE DETECTED
2026-05-29 23:23:13,625 | ⚠ POSSIBLE PORT SCAN DETECTED
2026-05-29 23:23:14,310 | ⚠ HOST DOMINANCE DETECTED
2026-05-29 23:23:14,311 | ⚠ POSSIBLE PORT SCAN DETECTED
2026-05-29 23:23:14,407 | ⚠ HOST DOMINANCE DETECTED
2026-05-29 23:23:14,407 | ⚠ POSSIBLE PORT SCAN DETECTED
2026-05-29 23:23:15,411 | ⚠ HOST DOMINANCE DETECTED
2026-05-29 23:23:15,411 | ⚠ POSSIBLE PORT SCAN DETECTED
2026-05-29 23:23:16,417 | ⚠ HOST DOMINANCE DETECTED
2026-05-29 23:23:16,418 | ⚠ POSSIBLE PORT SCAN DETECTED
2026-05-29 23:23:17,423 | ⚠ HOST DOMINANCE DETECTED
2026-05-29 23:23:17,423 | ⚠ POSSIBLE PORT SCAN DETECTED
2026-05-29 23:23:18,425 | ⚠ HOST DOMINANCE DETECTED
2026-05-29 23:23:18,426 | ⚠ POSSIBLE PORT SCAN DETECTED
2026-05-29 23:23:18,640 | ⚠ HOST DOMINANCE DETECTED
2026-05-29 23:23:18,640 | ⚠ POSSIBLE PORT SCAN DETECTED
2026-05-29 23:23:19,429 | ⚠ HOST DOMINANCE DETECTED
2026-05-29 23:23:19,429 | ⚠ POSSIBLE PORT SCAN DETECTED
2026-05-29 23:23:20,431 | ⚠ HOST DOMINANCE DETECTED
2026-05-29 23:23:20,431 | ⚠ POSSIBLE PORT SCAN DETECTED
2026-05-29 23:23:21,434 | ⚠ HOST DOMINANCE DETECTED
2026-05-29 23:23:21,434 | ⚠ POSSIBLE PORT SCAN DETECTED
2026-05-29 23:23:22,436 | ⚠ HOST DOMINANCE DETECTED
2026-05-29 23:23:22,436 | ⚠ POSSIBLE PORT SCAN DETECTED
2026-05-29 23:23:23,439 | ⚠ HOST DOMINANCE DETECTED
2026-05-29 23:23:23,439 | ⚠ POSSIBLE PORT SCAN DETECTED
2026-05-29 23:23:23,646 | ⚠ HOST DOMINANCE DETECTED
2026-05-29 23:23:23,646 | ⚠ POSSIBLE PORT SCAN DETECTED
2026-05-29 23:23:24,442 | ⚠ HOST DOMINANCE DETECTED
2026-05-29 23:23:24,442 | ⚠ POSSIBLE PORT SCAN DETECTED
2026-05-29 23:23:25,447 | ⚠ HOST DOMINANCE DETECTED
2026-05-29 23:23:25,447 | ⚠ POSSIBLE PORT SCAN DETECTED
2026-05-29 23:23:26,450 | ⚠ HOST DOMINANCE DETECTED
2026-05-29 23:23:26,450 | ⚠ POSSIBLE PORT SCAN DETECTED
2026-05-29 23:23:27,452 | ⚠ HOST DOMINANCE DETECTED
2026-05-29 23:23:27,452 | ⚠ POSSIBLE PORT SCAN DETECTED
2026-05-29 23:23:28,455 | ⚠ HOST DOMINANCE DETECTED
2026-05-29 23:23:28,455 | ⚠ POSSIBLE PORT SCAN DETECTED
2026-05-29 23:23:28,652 | ⚠ HOST DOMINANCE DETECTED
2026-05-29 23:23:28,652 | ⚠ POSSIBLE PORT SCAN DETECTED
2026-05-29 23:23:29,458 | ⚠ HOST DOMINANCE DETECTED
2026-05-29 23:23:29,458 | ⚠ POSSIBLE PORT SCAN DETECTED
2026-05-29 23:23:30,461 | ⚠ HOST DOMINANCE DETECTED
2026-05-29 23:23:30,461 | ⚠ POSSIBLE PORT SCAN DETECTED
2026-05-29 23:23:31,463 | ⚠ HOST DOMINANCE DETECTED
2026-05-29 23:23:31,463 | ⚠ POSSIBLE PORT SCAN DETECTED
2026-05-29 23:23:32,466 | ⚠ HOST DOMINANCE DETECTED
2026-05-29 23:23:32,466 | ⚠ POSSIBLE PORT SCAN DETECTED
2026-05-29 23:23:33,470 | ⚠ HOST DOMINANCE DETECTED
2026-05-29 23:23:33,470 | ⚠ POSSIBLE PORT SCAN DETECTED
2026-05-29 23:23:33,662 | ⚠ HOST DOMINANCE DETECTED
2026-05-29 23:23:33,662 | ⚠ POSSIBLE PORT SCAN DETECTED
2026-05-29 23:23:34,473 | ⚠ HOST DOMINANCE DETECTED
2026-05-29 23:23:34,473 | ⚠ POSSIBLE PORT SCAN DETECTED
2026-05-29 23:23:35,477 | ⚠ HOST DOMINANCE DETECTED
2026-05-29 23:23:35,477 | ⚠ POSSIBLE PORT SCAN DETECTED
2026-05-29 23:23:36,480 | ⚠ HOST DOMINANCE DETECTED
2026-05-29 23:23:36,480 | ⚠ POSSIBLE PORT SCAN DETECTED
2026-05-29 23:23:37,483 | ⚠ HOST DOMINANCE DETECTED
2026-05-29 23:23:37,484 | ⚠ POSSIBLE PORT SCAN DETECTED
2026-05-29 23:23:38,487 | ⚠ HOST DOMINANCE DETECTED
2026-05-29 23:23:38,487 | ⚠ POSSIBLE PORT SCAN DETECTED
2026-05-29 23:23:38,673 | ⚠ HOST DOMINANCE DETECTED
2026-05-29 23:23:38,674 | ⚠ POSSIBLE PORT SCAN DETECTED
2026-05-29 23:23:39,490 | ⚠ HOST DOMINANCE DETECTED
2026-05-29 23:23:39,490 | ⚠ POSSIBLE PORT SCAN DETECTED
2026-05-29 23:23:40,495 | ⚠ HOST DOMINANCE DETECTED
2026-05-29 23:23:40,496 | ⚠ POSSIBLE PORT SCAN DETECTED
2026-05-29 23:23:41,500 | ⚠ HOST DOMINANCE DETECTED
2026-05-29 23:23:41,500 | ⚠ POSSIBLE PORT SCAN DETECTED
2026-05-29 23:23:42,503 | ⚠ HOST DOMINANCE DETECTED
2026-05-29 23:23:42,503 | ⚠ POSSIBLE PORT SCAN DETECTED
2026-05-29 23:23:43,508 | ⚠ HOST DOMINANCE DETECTED
2026-05-29 23:23:43,509 | ⚠ POSSIBLE PORT SCAN DETECTED
2026-05-29 23:23:43,683 | ⚠ HOST DOMINANCE DETECTED
2026-05-29 23:23:43,684 | ⚠ POSSIBLE PORT SCAN DETECTED
2026-05-29 23:23:44,515 | ⚠ HOST DOMINANCE DETECTED
2026-05-29 23:23:44,515 | ⚠ POSSIBLE PORT SCAN DETECTED
2026-05-29 23:23:45,399 | ⚠ HOST DOMINANCE DETECTED
2026-05-29 23:23:45,400 | ⚠ POSSIBLE PORT SCAN DETECTED
2026-05-29 23:23:45,517 | ⚠ HOST DOMINANCE DETECTED
2026-05-29 23:23:45,517 | ⚠ POSSIBLE PORT SCAN DETECTED
2026-05-29 23:23:46,519 | ⚠ HOST DOMINANCE DETECTED
2026-05-29 23:23:46,519 | ⚠ POSSIBLE PORT SCAN DETECTED
2026-05-29 23:23:47,522 | ⚠ HOST DOMINANCE DETECTED
2026-05-29 23:23:47,522 | ⚠ POSSIBLE PORT SCAN DETECTED
2026-05-29 23:23:48,526 | ⚠ HOST DOMINANCE DETECTED
2026-05-29 23:23:48,526 | ⚠ POSSIBLE PORT SCAN DETECTED
2026-05-29 23:23:48,691 | ⚠ HOST DOMINANCE DETECTED
2026-05-29 23:23:48,692 | ⚠ POSSIBLE PORT SCAN DETECTED
2026-05-29 23:23:49,532 | ⚠ HOST DOMINANCE DETECTED
2026-05-29 23:23:49,532 | ⚠ POSSIBLE PORT SCAN DETECTED
2026-05-29 23:23:50,535 | ⚠ HOST DOMINANCE DETECTED
2026-05-29 23:23:50,536 | ⚠ POSSIBLE PORT SCAN DETECTED
2026-05-29 23:23:51,539 | ⚠ HOST DOMINANCE DETECTED
2026-05-29 23:23:51,539 | ⚠ POSSIBLE PORT SCAN DETECTED
2026-05-29 23:23:52,543 | ⚠ HOST DOMINANCE DETECTED
2026-05-29 23:23:52,543 | ⚠ POSSIBLE PORT SCAN DETECTED
2026-05-29 23:23:53,546 | ⚠ HOST DOMINANCE DETECTED
2026-05-29 23:23:53,546 | ⚠ POSSIBLE PORT SCAN DETECTED
2026-05-29 23:23:53,701 | ⚠ BANDWIDTH SPIKE DETECTED
2026-05-29 23:23:53,701 | ⚠ HOST DOMINANCE DETECTED
2026-05-29 23:23:53,702 | ⚠ POSSIBLE PORT SCAN DETECTED
2026-05-29 23:23:53,942 | ⚠ HOST DOMINANCE DETECTED
2026-05-29 23:23:53,943 | ⚠ POSSIBLE PORT SCAN DETECTED
2026-05-29 23:23:54,548 | ⚠ HOST DOMINANCE DETECTED
2026-05-29 23:23:54,548 | ⚠ POSSIBLE PORT SCAN DETECTED
2026-05-29 23:23:55,554 | ⚠ HOST DOMINANCE DETECTED
2026-05-29 23:23:55,555 | ⚠ POSSIBLE PORT SCAN DETECTED
2026-05-29 23:23:56,559 | ⚠ HOST DOMINANCE DETECTED
2026-05-29 23:23:56,559 | ⚠ POSSIBLE PORT SCAN DETECTED
2026-05-29 23:23:57,563 | ⚠ HOST DOMINANCE DETECTED
2026-05-29 23:23:57,563 | ⚠ POSSIBLE PORT SCAN DETECTED
2026-05-29 23:23:58,565 | ⚠ HOST DOMINANCE DETECTED
2026-05-29 23:23:58,566 | ⚠ POSSIBLE PORT SCAN DETECTED
2026-05-29 23:23:58,711 | ⚠ HOST DOMINANCE DETECTED
2026-05-29 23:23:58,711 | ⚠ POSSIBLE PORT SCAN DETECTED
2026-05-29 23:23:58,914 | ⚠ HOST DOMINANCE DETECTED
2026-05-29 23:23:58,915 | ⚠ POSSIBLE PORT SCAN DETECTED
2026-05-29 23:23:59,569 | ⚠ HOST DOMINANCE DETECTED
2026-05-29 23:23:59,569 | ⚠ POSSIBLE PORT SCAN DETECTED
2026-05-29 23:24:00,580 | ⚠ HOST DOMINANCE DETECTED
2026-05-29 23:24:00,581 | ⚠ POSSIBLE PORT SCAN DETECTED
2026-05-29 23:24:01,585 | ⚠ HOST DOMINANCE DETECTED
2026-05-29 23:24:01,585 | ⚠ POSSIBLE PORT SCAN DETECTED
2026-05-29 23:24:02,590 | ⚠ HOST DOMINANCE DETECTED
2026-05-29 23:24:02,591 | ⚠ POSSIBLE PORT SCAN DETECTED
2026-05-29 23:24:03,597 | ⚠ HOST DOMINANCE DETECTED
2026-05-29 23:24:03,598 | ⚠ POSSIBLE PORT SCAN DETECTED
2026-05-29 23:24:03,720 | ⚠ HOST DOMINANCE DETECTED
2026-05-29 23:24:03,720 | ⚠ POSSIBLE PORT SCAN DETECTED
2026-05-29 23:24:03,909 | ⚠ HOST DOMINANCE DETECTED
2026-05-29 23:24:03,909 | ⚠ POSSIBLE PORT SCAN DETECTED
2026-05-29 23:24:04,601 | ⚠ HOST DOMINANCE DETECTED
2026-05-29 23:24:04,602 | ⚠ POSSIBLE PORT SCAN DETECTED
2026-05-29 23:24:05,608 | ⚠ HOST DOMINANCE DETECTED
2026-05-29 23:24:05,609 | ⚠ POSSIBLE PORT SCAN DETECTED
2026-05-29 23:24:06,612 | ⚠ HOST DOMINANCE DETECTED
2026-05-29 23:24:06,612 | ⚠ POSSIBLE PORT SCAN DETECTED
2026-05-29 23:24:07,617 | ⚠ HOST DOMINANCE DETECTED
2026-05-29 23:24:07,617 | ⚠ POSSIBLE PORT SCAN DETECTED
2026-05-29 23:24:08,620 | ⚠ HOST DOMINANCE DETECTED
2026-05-29 23:24:08,621 | ⚠ POSSIBLE PORT SCAN DETECTED
2026-05-29 23:24:08,729 | ⚠ HOST DOMINANCE DETECTED
2026-05-29 23:24:08,729 | ⚠ POSSIBLE PORT SCAN DETECTED
2026-05-29 23:24:09,623 | ⚠ HOST DOMINANCE DETECTED
2026-05-29 23:24:09,624 | ⚠ POSSIBLE PORT SCAN DETECTED
2026-05-29 23:24:10,628 | ⚠ HOST DOMINANCE DETECTED
2026-05-29 23:24:10,628 | ⚠ POSSIBLE PORT SCAN DETECTED
2026-05-29 23:24:11,631 | ⚠ HOST DOMINANCE DETECTED
2026-05-29 23:24:11,632 | ⚠ POSSIBLE PORT SCAN DETECTED
2026-05-29 23:24:12,635 | ⚠ HOST DOMINANCE DETECTED
2026-05-29 23:24:12,636 | ⚠ POSSIBLE PORT SCAN DETECTED
2026-05-29 23:24:13,639 | ⚠ HOST DOMINANCE DETECTED
2026-05-29 23:24:13,640 | ⚠ POSSIBLE PORT SCAN DETECTED
2026-05-29 23:24:13,737 | ⚠ HOST DOMINANCE DETECTED
2026-05-29 23:24:13,737 | ⚠ POSSIBLE PORT SCAN DETECTED
2026-05-29 23:24:14,572 | ⚠ HOST DOMINANCE DETECTED
2026-05-29 23:24:14,573 | ⚠ POSSIBLE PORT SCAN DETECTED
2026-05-29 23:24:14,643 | ⚠ HOST DOMINANCE DETECTED
2026-05-29 23:24:14,643 | ⚠ POSSIBLE PORT SCAN DETECTED
2026-05-29 23:24:15,646 | ⚠ HOST DOMINANCE DETECTED
2026-05-29 23:24:15,646 | ⚠ POSSIBLE PORT SCAN DETECTED
2026-05-29 23:24:16,357 | ⚠ HOST DOMINANCE DETECTED
2026-05-29 23:24:16,357 | ⚠ POSSIBLE PORT SCAN DETECTED
2026-05-29 23:24:16,661 | ⚠ HOST DOMINANCE DETECTED
2026-05-29 23:24:16,662 | ⚠ POSSIBLE PORT SCAN DETECTED
2026-05-29 23:24:17,239 | ⚠ HOST DOMINANCE DETECTED
2026-05-29 23:24:17,244 | ⚠ POSSIBLE PORT SCAN DETECTED
2026-05-29 23:24:17,668 | ⚠ HOST DOMINANCE DETECTED
2026-05-29 23:24:17,668 | ⚠ POSSIBLE PORT SCAN DETECTED
2026-05-29 23:24:18,677 | ⚠ HOST DOMINANCE DETECTED
2026-05-29 23:24:18,677 | ⚠ POSSIBLE PORT SCAN DETECTED
2026-05-29 23:24:18,792 | ⚠ HOST DOMINANCE DETECTED
2026-05-29 23:24:18,792 | ⚠ POSSIBLE PORT SCAN DETECTED
2026-05-29 23:24:19,685 | ⚠ HOST DOMINANCE DETECTED
2026-05-29 23:24:19,685 | ⚠ POSSIBLE PORT SCAN DETECTED
2026-05-29 23:24:20,689 | ⚠ HOST DOMINANCE DETECTED
2026-05-29 23:24:20,689 | ⚠ POSSIBLE PORT SCAN DETECTED
2026-05-29 23:24:21,692 | ⚠ HOST DOMINANCE DETECTED
2026-05-29 23:24:21,692 | ⚠ POSSIBLE PORT SCAN DETECTED
2026-05-29 23:24:22,696 | ⚠ HOST DOMINANCE DETECTED
2026-05-29 23:24:22,696 | ⚠ POSSIBLE PORT SCAN DETECTED
2026-05-29 23:24:23,699 | ⚠ HOST DOMINANCE DETECTED
2026-05-29 23:24:23,700 | ⚠ POSSIBLE PORT SCAN DETECTED
2026-05-29 23:24:23,820 | ⚠ HOST DOMINANCE DETECTED
2026-05-29 23:24:23,830 | ⚠ POSSIBLE PORT SCAN DETECTED
2026-05-29 23:24:23,852 | ⚠ HOST DOMINANCE DETECTED
2026-05-29 23:24:23,853 | ⚠ POSSIBLE PORT SCAN DETECTED
2026-05-29 23:24:24,703 | ⚠ HOST DOMINANCE DETECTED
2026-05-29 23:24:24,703 | ⚠ POSSIBLE PORT SCAN DETECTED
2026-05-29 23:24:25,707 | ⚠ HOST DOMINANCE DETECTED
2026-05-29 23:24:25,708 | ⚠ POSSIBLE PORT SCAN DETECTED
2026-05-29 23:24:26,711 | ⚠ HOST DOMINANCE DETECTED
2026-05-29 23:24:26,712 | ⚠ POSSIBLE PORT SCAN DETECTED
2026-05-29 23:24:27,716 | ⚠ HOST DOMINANCE DETECTED
2026-05-29 23:24:27,716 | ⚠ POSSIBLE PORT SCAN DETECTED
2026-05-29 23:24:28,719 | ⚠ HOST DOMINANCE DETECTED
2026-05-29 23:24:28,719 | ⚠ POSSIBLE PORT SCAN DETECTED
2026-05-29 23:24:28,837 | ⚠ HOST DOMINANCE DETECTED
2026-05-29 23:24:28,837 | ⚠ POSSIBLE PORT SCAN DETECTED
2026-05-29 23:24:29,724 | ⚠ HOST DOMINANCE DETECTED
2026-05-29 23:24:29,724 | ⚠ POSSIBLE PORT SCAN DETECTED
2026-05-29 23:24:30,728 | ⚠ HOST DOMINANCE DETECTED
2026-05-29 23:24:30,728 | ⚠ POSSIBLE PORT SCAN DETECTED
2026-05-29 23:24:31,731 | ⚠ HOST DOMINANCE DETECTED
2026-05-29 23:24:31,732 | ⚠ POSSIBLE PORT SCAN DETECTED
2026-05-29 23:24:32,736 | ⚠ HOST DOMINANCE DETECTED
2026-05-29 23:24:32,736 | ⚠ POSSIBLE PORT SCAN DETECTED
2026-05-29 23:24:33,740 | ⚠ HOST DOMINANCE DETECTED
2026-05-29 23:24:33,741 | ⚠ POSSIBLE PORT SCAN DETECTED
2026-05-29 23:24:33,844 | ⚠ HOST DOMINANCE DETECTED
2026-05-29 23:24:33,844 | ⚠ POSSIBLE PORT SCAN DETECTED
2026-05-29 23:24:33,848 | ⚠ HOST DOMINANCE DETECTED
2026-05-29 23:24:33,848 | ⚠ POSSIBLE PORT SCAN DETECTED
2026-05-29 23:24:34,744 | ⚠ HOST DOMINANCE DETECTED
2026-05-29 23:24:34,745 | ⚠ POSSIBLE PORT SCAN DETECTED
2026-05-29 23:24:35,748 | ⚠ HOST DOMINANCE DETECTED
2026-05-29 23:24:35,749 | ⚠ POSSIBLE PORT SCAN DETECTED
2026-05-29 23:24:36,752 | ⚠ HOST DOMINANCE DETECTED
2026-05-29 23:24:36,752 | ⚠ POSSIBLE PORT SCAN DETECTED
2026-05-29 23:24:37,756 | ⚠ HOST DOMINANCE DETECTED
2026-05-29 23:24:37,756 | ⚠ POSSIBLE PORT SCAN DETECTED
2026-05-29 23:24:38,760 | ⚠ HOST DOMINANCE DETECTED
2026-05-29 23:24:38,760 | ⚠ POSSIBLE PORT SCAN DETECTED
2026-05-29 23:24:38,858 | ⚠ HOST DOMINANCE DETECTED
2026-05-29 23:24:38,859 | ⚠ POSSIBLE PORT SCAN DETECTED
2026-05-29 23:24:39,081 | ⚠ HOST DOMINANCE DETECTED
2026-05-29 23:24:39,081 | ⚠ POSSIBLE PORT SCAN DETECTED
2026-05-29 23:24:39,763 | ⚠ HOST DOMINANCE DETECTED
2026-05-29 23:24:39,763 | ⚠ POSSIBLE PORT SCAN DETECTED
2026-05-29 23:24:40,767 | ⚠ HOST DOMINANCE DETECTED
2026-05-29 23:24:40,767 | ⚠ POSSIBLE PORT SCAN DETECTED
2026-05-29 23:24:41,770 | ⚠ HOST DOMINANCE DETECTED
2026-05-29 23:24:41,770 | ⚠ POSSIBLE PORT SCAN DETECTED
2026-05-29 23:24:42,775 | ⚠ HOST DOMINANCE DETECTED
2026-05-29 23:24:42,775 | ⚠ POSSIBLE PORT SCAN DETECTED
2026-05-29 23:24:43,778 | ⚠ HOST DOMINANCE DETECTED
2026-05-29 23:24:43,779 | ⚠ POSSIBLE PORT SCAN DETECTED
2026-05-29 23:24:43,867 | ⚠ HOST DOMINANCE DETECTED
2026-05-29 23:24:43,867 | ⚠ POSSIBLE PORT SCAN DETECTED
2026-05-29 23:24:44,084 | ⚠ HOST DOMINANCE DETECTED
2026-05-29 23:24:44,084 | ⚠ POSSIBLE PORT SCAN DETECTED
2026-05-29 23:24:44,781 | ⚠ HOST DOMINANCE DETECTED
2026-05-29 23:24:44,781 | ⚠ POSSIBLE PORT SCAN DETECTED
2026-05-29 23:24:45,784 | ⚠ HOST DOMINANCE DETECTED
2026-05-29 23:24:45,785 | ⚠ POSSIBLE PORT SCAN DETECTED
2026-05-29 23:24:46,789 | ⚠ HOST DOMINANCE DETECTED
2026-05-29 23:24:46,789 | ⚠ POSSIBLE PORT SCAN DETECTED
2026-05-29 23:24:47,793 | ⚠ HOST DOMINANCE DETECTED
2026-05-29 23:24:47,793 | ⚠ POSSIBLE PORT SCAN DETECTED
2026-05-29 23:24:48,542 | ⚠ HOST DOMINANCE DETECTED
2026-05-29 23:24:48,545 | ⚠ POSSIBLE PORT SCAN DETECTED
2026-05-29 23:24:48,795 | ⚠ HOST DOMINANCE DETECTED
2026-05-29 23:24:48,795 | ⚠ POSSIBLE PORT SCAN DETECTED
2026-05-29 23:24:48,872 | ⚠ HOST DOMINANCE DETECTED
2026-05-29 23:24:48,873 | ⚠ POSSIBLE PORT SCAN DETECTED
2026-05-29 23:24:49,066 | ⚠ HOST DOMINANCE DETECTED
2026-05-29 23:24:49,066 | ⚠ POSSIBLE PORT SCAN DETECTED
2026-05-29 23:24:49,796 | ⚠ HOST DOMINANCE DETECTED
2026-05-29 23:24:49,797 | ⚠ POSSIBLE PORT SCAN DETECTED
2026-05-29 23:24:50,800 | ⚠ HOST DOMINANCE DETECTED
2026-05-29 23:24:50,800 | ⚠ POSSIBLE PORT SCAN DETECTED
2026-05-29 23:24:51,803 | ⚠ HOST DOMINANCE DETECTED
2026-05-29 23:24:51,803 | ⚠ POSSIBLE PORT SCAN DETECTED
2026-05-29 23:24:52,807 | ⚠ HOST DOMINANCE DETECTED
2026-05-29 23:24:52,807 | ⚠ POSSIBLE PORT SCAN DETECTED
2026-05-29 23:24:53,811 | ⚠ HOST DOMINANCE DETECTED
2026-05-29 23:24:53,811 | ⚠ POSSIBLE PORT SCAN DETECTED
2026-05-29 23:24:53,882 | ⚠ HOST DOMINANCE DETECTED
2026-05-29 23:24:53,882 | ⚠ POSSIBLE PORT SCAN DETECTED
2026-05-29 23:24:54,070 | ⚠ HOST DOMINANCE DETECTED
2026-05-29 23:24:54,070 | ⚠ POSSIBLE PORT SCAN DETECTED
2026-05-29 23:24:54,815 | ⚠ HOST DOMINANCE DETECTED
2026-05-29 23:24:54,815 | ⚠ POSSIBLE PORT SCAN DETECTED
2026-05-29 23:24:55,818 | ⚠ HOST DOMINANCE DETECTED
2026-05-29 23:24:55,818 | ⚠ POSSIBLE PORT SCAN DETECTED
2026-05-29 23:24:56,821 | ⚠ HOST DOMINANCE DETECTED
2026-05-29 23:24:56,821 | ⚠ POSSIBLE PORT SCAN DETECTED
2026-05-29 23:24:57,826 | ⚠ HOST DOMINANCE DETECTED
2026-05-29 23:24:57,826 | ⚠ POSSIBLE PORT SCAN DETECTED
2026-05-29 23:24:58,830 | ⚠ HOST DOMINANCE DETECTED
2026-05-29 23:24:58,830 | ⚠ POSSIBLE PORT SCAN DETECTED
2026-05-29 23:24:58,894 | ⚠ BANDWIDTH SPIKE DETECTED
2026-05-29 23:24:58,894 | ⚠ HOST DOMINANCE DETECTED
2026-05-29 23:24:58,894 | ⚠ POSSIBLE PORT SCAN DETECTED
2026-05-29 23:24:59,079 | ⚠ HOST DOMINANCE DETECTED
2026-05-29 23:24:59,079 | ⚠ POSSIBLE PORT SCAN DETECTED
2026-05-29 23:24:59,835 | ⚠ HOST DOMINANCE DETECTED
2026-05-29 23:24:59,835 | ⚠ POSSIBLE PORT SCAN DETECTED
2026-05-29 23:25:00,840 | ⚠ HOST DOMINANCE DETECTED
2026-05-29 23:25:00,840 | ⚠ POSSIBLE PORT SCAN DETECTED
2026-05-29 23:25:01,844 | ⚠ HOST DOMINANCE DETECTED
2026-05-29 23:25:01,844 | ⚠ POSSIBLE PORT SCAN DETECTED
2026-05-29 23:25:02,848 | ⚠ HOST DOMINANCE DETECTED
2026-05-29 23:25:02,848 | ⚠ POSSIBLE PORT SCAN DETECTED
2026-05-29 23:25:03,850 | ⚠ HOST DOMINANCE DETECTED
2026-05-29 23:25:03,851 | ⚠ POSSIBLE PORT SCAN DETECTED
2026-05-29 23:25:03,900 | ⚠ HOST DOMINANCE DETECTED
2026-05-29 23:25:03,900 | ⚠ POSSIBLE PORT SCAN DETECTED
2026-05-29 23:25:04,080 | ⚠ HOST DOMINANCE DETECTED
2026-05-29 23:25:04,080 | ⚠ POSSIBLE PORT SCAN DETECTED
2026-05-29 23:25:04,853 | ⚠ HOST DOMINANCE DETECTED
2026-05-29 23:25:04,853 | ⚠ POSSIBLE PORT SCAN DETECTED
2026-05-29 23:25:05,859 | ⚠ HOST DOMINANCE DETECTED
2026-05-29 23:25:05,860 | ⚠ POSSIBLE PORT SCAN DETECTED
2026-05-29 23:25:06,863 | ⚠ HOST DOMINANCE DETECTED
2026-05-29 23:25:06,864 | ⚠ POSSIBLE PORT SCAN DETECTED
2026-05-29 23:25:07,868 | ⚠ HOST DOMINANCE DETECTED
2026-05-29 23:25:07,868 | ⚠ POSSIBLE PORT SCAN DETECTED
2026-05-29 23:25:08,872 | ⚠ HOST DOMINANCE DETECTED
2026-05-29 23:25:08,872 | ⚠ POSSIBLE PORT SCAN DETECTED
2026-05-29 23:25:08,909 | ⚠ BANDWIDTH SPIKE DETECTED
2026-05-29 23:25:08,910 | ⚠ HOST DOMINANCE DETECTED
2026-05-29 23:25:08,910 | ⚠ POSSIBLE PORT SCAN DETECTED
2026-05-29 23:25:09,092 | ⚠ HOST DOMINANCE DETECTED
2026-05-29 23:25:09,092 | ⚠ POSSIBLE PORT SCAN DETECTED
2026-05-29 23:25:09,875 | ⚠ HOST DOMINANCE DETECTED
2026-05-29 23:25:09,875 | ⚠ POSSIBLE PORT SCAN DETECTED
2026-05-29 23:25:10,878 | ⚠ HOST DOMINANCE DETECTED
2026-05-29 23:25:10,879 | ⚠ POSSIBLE PORT SCAN DETECTED
2026-05-29 23:25:11,881 | ⚠ HOST DOMINANCE DETECTED
2026-05-29 23:25:11,881 | ⚠ POSSIBLE PORT SCAN DETECTED
2026-05-29 23:25:12,885 | ⚠ HOST DOMINANCE DETECTED
2026-05-29 23:25:12,885 | ⚠ POSSIBLE PORT SCAN DETECTED
2026-05-29 23:25:13,889 | ⚠ HOST DOMINANCE DETECTED
2026-05-29 23:25:13,889 | ⚠ POSSIBLE PORT SCAN DETECTED
2026-05-29 23:25:13,915 | ⚠ HOST DOMINANCE DETECTED
2026-05-29 23:25:13,916 | ⚠ POSSIBLE PORT SCAN DETECTED
2026-05-29 23:25:14,100 | ⚠ HOST DOMINANCE DETECTED
2026-05-29 23:25:14,100 | ⚠ POSSIBLE PORT SCAN DETECTED
2026-05-29 23:25:14,892 | ⚠ HOST DOMINANCE DETECTED
2026-05-29 23:25:14,893 | ⚠ POSSIBLE PORT SCAN DETECTED
2026-05-29 23:25:15,897 | ⚠ HOST DOMINANCE DETECTED
2026-05-29 23:25:15,897 | ⚠ POSSIBLE PORT SCAN DETECTED
2026-05-29 23:25:16,900 | ⚠ HOST DOMINANCE DETECTED
2026-05-29 23:25:16,900 | ⚠ POSSIBLE PORT SCAN DETECTED
2026-05-29 23:25:17,903 | ⚠ HOST DOMINANCE DETECTED
2026-05-29 23:25:17,903 | ⚠ POSSIBLE PORT SCAN DETECTED
2026-05-29 23:25:18,904 | ⚠ HOST DOMINANCE DETECTED
2026-05-29 23:25:18,904 | ⚠ POSSIBLE PORT SCAN DETECTED
2026-05-29 23:25:18,946 | ⚠ BANDWIDTH SPIKE DETECTED
2026-05-29 23:25:18,947 | ⚠ HOST DOMINANCE DETECTED
2026-05-29 23:25:18,947 | ⚠ POSSIBLE PORT SCAN DETECTED
2026-05-29 23:25:19,091 | ⚠ HOST DOMINANCE DETECTED
2026-05-29 23:25:19,091 | ⚠ POSSIBLE PORT SCAN DETECTED
2026-05-29 23:25:19,587 | ⚠ HOST DOMINANCE DETECTED
2026-05-29 23:25:19,588 | ⚠ POSSIBLE PORT SCAN DETECTED
2026-05-29 23:25:19,906 | ⚠ HOST DOMINANCE DETECTED
2026-05-29 23:25:19,906 | ⚠ POSSIBLE PORT SCAN DETECTED
2026-05-29 23:25:20,909 | ⚠ HOST DOMINANCE DETECTED
2026-05-29 23:25:20,909 | ⚠ POSSIBLE PORT SCAN DETECTED
2026-05-29 23:25:21,913 | ⚠ HOST DOMINANCE DETECTED
2026-05-29 23:25:21,914 | ⚠ POSSIBLE PORT SCAN DETECTED
2026-05-29 23:25:22,917 | ⚠ HOST DOMINANCE DETECTED
2026-05-29 23:25:22,917 | ⚠ POSSIBLE PORT SCAN DETECTED
2026-05-29 23:25:23,919 | ⚠ HOST DOMINANCE DETECTED
2026-05-29 23:25:23,920 | ⚠ POSSIBLE PORT SCAN DETECTED
2026-05-29 23:25:23,958 | ⚠ BANDWIDTH SPIKE DETECTED
2026-05-29 23:25:23,959 | ⚠ HOST DOMINANCE DETECTED
2026-05-29 23:25:23,960 | ⚠ POSSIBLE PORT SCAN DETECTED
2026-05-29 23:25:24,147 | ⚠ HOST DOMINANCE DETECTED
2026-05-29 23:25:24,147 | ⚠ POSSIBLE PORT SCAN DETECTED
2026-05-29 23:25:24,924 | ⚠ HOST DOMINANCE DETECTED
2026-05-29 23:25:24,924 | ⚠ POSSIBLE PORT SCAN DETECTED
2026-05-29 23:25:25,927 | ⚠ HOST DOMINANCE DETECTED
2026-05-29 23:25:25,928 | ⚠ POSSIBLE PORT SCAN DETECTED
2026-05-29 23:25:26,930 | ⚠ HOST DOMINANCE DETECTED
2026-05-29 23:25:26,930 | ⚠ POSSIBLE PORT SCAN DETECTED
2026-05-29 23:25:27,933 | ⚠ HOST DOMINANCE DETECTED
2026-05-29 23:25:27,934 | ⚠ POSSIBLE PORT SCAN DETECTED
2026-05-29 23:25:28,936 | ⚠ HOST DOMINANCE DETECTED
2026-05-29 23:25:28,937 | ⚠ POSSIBLE PORT SCAN DETECTED
2026-05-29 23:25:28,987 | ⚠ HOST DOMINANCE DETECTED
2026-05-29 23:25:28,987 | ⚠ POSSIBLE PORT SCAN DETECTED
2026-05-29 23:25:29,145 | ⚠ HOST DOMINANCE DETECTED
2026-05-29 23:25:29,145 | ⚠ POSSIBLE PORT SCAN DETECTED
2026-05-29 23:25:29,948 | ⚠ HOST DOMINANCE DETECTED
2026-05-29 23:25:29,949 | ⚠ POSSIBLE PORT SCAN DETECTED
2026-05-29 23:25:30,952 | ⚠ HOST DOMINANCE DETECTED
2026-05-29 23:25:30,953 | ⚠ POSSIBLE PORT SCAN DETECTED
2026-05-29 23:25:31,958 | ⚠ HOST DOMINANCE DETECTED
2026-05-29 23:25:31,958 | ⚠ POSSIBLE PORT SCAN DETECTED
2026-05-29 23:25:32,961 | ⚠ HOST DOMINANCE DETECTED
2026-05-29 23:25:32,964 | ⚠ POSSIBLE PORT SCAN DETECTED
2026-05-29 23:25:33,966 | ⚠ HOST DOMINANCE DETECTED
2026-05-29 23:25:33,967 | ⚠ POSSIBLE PORT SCAN DETECTED
2026-05-29 23:25:33,997 | ⚠ HOST DOMINANCE DETECTED
2026-05-29 23:25:33,997 | ⚠ POSSIBLE PORT SCAN DETECTED
2026-05-29 23:25:34,138 | ⚠ HOST DOMINANCE DETECTED
2026-05-29 23:25:34,138 | ⚠ POSSIBLE PORT SCAN DETECTED
2026-05-29 23:25:34,970 | ⚠ HOST DOMINANCE DETECTED
2026-05-29 23:25:34,970 | ⚠ POSSIBLE PORT SCAN DETECTED
2026-05-29 23:25:35,974 | ⚠ HOST DOMINANCE DETECTED
2026-05-29 23:25:35,974 | ⚠ POSSIBLE PORT SCAN DETECTED
2026-05-29 23:25:36,982 | ⚠ HOST DOMINANCE DETECTED
2026-05-29 23:25:36,983 | ⚠ POSSIBLE PORT SCAN DETECTED
2026-05-29 23:25:37,987 | ⚠ HOST DOMINANCE DETECTED
2026-05-29 23:25:37,988 | ⚠ POSSIBLE PORT SCAN DETECTED
2026-05-29 23:25:38,992 | ⚠ HOST DOMINANCE DETECTED
2026-05-29 23:25:38,992 | ⚠ POSSIBLE PORT SCAN DETECTED
2026-05-29 23:25:39,003 | ⚠ HOST DOMINANCE DETECTED
2026-05-29 23:25:39,004 | ⚠ POSSIBLE PORT SCAN DETECTED
2026-05-29 23:25:39,143 | ⚠ HOST DOMINANCE DETECTED
2026-05-29 23:25:39,144 | ⚠ POSSIBLE PORT SCAN DETECTED
2026-05-29 23:25:39,995 | ⚠ HOST DOMINANCE DETECTED
2026-05-29 23:25:39,995 | ⚠ POSSIBLE PORT SCAN DETECTED
2026-05-29 23:25:40,998 | ⚠ HOST DOMINANCE DETECTED
2026-05-29 23:25:40,999 | ⚠ POSSIBLE PORT SCAN DETECTED
2026-05-29 23:25:42,004 | ⚠ HOST DOMINANCE DETECTED
2026-05-29 23:25:42,004 | ⚠ POSSIBLE PORT SCAN DETECTED
2026-05-29 23:25:43,008 | ⚠ HOST DOMINANCE DETECTED
2026-05-29 23:25:43,009 | ⚠ POSSIBLE PORT SCAN DETECTED
2026-05-29 23:25:44,014 | ⚠ HOST DOMINANCE DETECTED
2026-05-29 23:25:44,014 | ⚠ POSSIBLE PORT SCAN DETECTED
2026-05-29 23:25:44,014 | ⚠ HOST DOMINANCE DETECTED
2026-05-29 23:25:44,016 | ⚠ POSSIBLE PORT SCAN DETECTED
2026-05-29 23:25:44,148 | ⚠ HOST DOMINANCE DETECTED
2026-05-29 23:25:44,148 | ⚠ POSSIBLE PORT SCAN DETECTED
2026-05-29 23:25:45,021 | ⚠ HOST DOMINANCE DETECTED
2026-05-29 23:25:45,021 | ⚠ POSSIBLE PORT SCAN DETECTED
2026-05-29 23:25:46,028 | ⚠ HOST DOMINANCE DETECTED
2026-05-29 23:25:46,028 | ⚠ POSSIBLE PORT SCAN DETECTED
2026-05-29 23:25:47,033 | ⚠ HOST DOMINANCE DETECTED
2026-05-29 23:25:47,034 | ⚠ POSSIBLE PORT SCAN DETECTED
2026-05-29 23:25:48,039 | ⚠ HOST DOMINANCE DETECTED
2026-05-29 23:25:48,039 | ⚠ POSSIBLE PORT SCAN DETECTED
2026-05-29 23:25:49,029 | ⚠ HOST DOMINANCE DETECTED
2026-05-29 23:25:49,030 | ⚠ POSSIBLE PORT SCAN DETECTED
2026-05-29 23:25:49,048 | ⚠ HOST DOMINANCE DETECTED
2026-05-29 23:25:49,049 | ⚠ POSSIBLE PORT SCAN DETECTED
2026-05-29 23:25:49,149 | ⚠ HOST DOMINANCE DETECTED
2026-05-29 23:25:49,149 | ⚠ POSSIBLE PORT SCAN DETECTED
2026-05-29 23:25:50,055 | ⚠ HOST DOMINANCE DETECTED
2026-05-29 23:25:50,055 | ⚠ POSSIBLE PORT SCAN DETECTED
2026-05-29 23:25:50,569 | ⚠ HOST DOMINANCE DETECTED
2026-05-29 23:25:50,569 | ⚠ POSSIBLE PORT SCAN DETECTED
2026-05-29 23:25:51,058 | ⚠ HOST DOMINANCE DETECTED
2026-05-29 23:25:51,058 | ⚠ POSSIBLE PORT SCAN DETECTED
2026-05-29 23:25:52,063 | ⚠ HOST DOMINANCE DETECTED
2026-05-29 23:25:52,063 | ⚠ POSSIBLE PORT SCAN DETECTED
2026-05-29 23:25:53,066 | ⚠ HOST DOMINANCE DETECTED
2026-05-29 23:25:53,067 | ⚠ POSSIBLE PORT SCAN DETECTED
2026-05-29 23:25:54,062 | ⚠ HOST DOMINANCE DETECTED
2026-05-29 23:25:54,062 | ⚠ POSSIBLE PORT SCAN DETECTED
2026-05-29 23:25:54,070 | ⚠ HOST DOMINANCE DETECTED
2026-05-29 23:25:54,071 | ⚠ POSSIBLE PORT SCAN DETECTED
2026-05-29 23:25:54,154 | ⚠ HOST DOMINANCE DETECTED
2026-05-29 23:25:54,154 | ⚠ POSSIBLE PORT SCAN DETECTED
2026-05-29 23:25:55,074 | ⚠ HOST DOMINANCE DETECTED
2026-05-29 23:25:55,075 | ⚠ POSSIBLE PORT SCAN DETECTED
2026-05-29 23:25:56,079 | ⚠ HOST DOMINANCE DETECTED
2026-05-29 23:25:56,080 | ⚠ POSSIBLE PORT SCAN DETECTED
2026-05-29 23:25:57,084 | ⚠ HOST DOMINANCE DETECTED
2026-05-29 23:25:57,084 | ⚠ POSSIBLE PORT SCAN DETECTED
2026-05-29 23:25:58,089 | ⚠ HOST DOMINANCE DETECTED
2026-05-29 23:25:58,090 | ⚠ POSSIBLE PORT SCAN DETECTED
2026-05-29 23:25:59,074 | ⚠ HOST DOMINANCE DETECTED
2026-05-29 23:25:59,074 | ⚠ POSSIBLE PORT SCAN DETECTED
2026-05-29 23:25:59,095 | ⚠ HOST DOMINANCE DETECTED
2026-05-29 23:25:59,095 | ⚠ POSSIBLE PORT SCAN DETECTED
2026-05-29 23:25:59,179 | ⚠ HOST DOMINANCE DETECTED
2026-05-29 23:25:59,180 | ⚠ POSSIBLE PORT SCAN DETECTED
2026-05-29 23:26:00,098 | ⚠ HOST DOMINANCE DETECTED
2026-05-29 23:26:00,099 | ⚠ POSSIBLE PORT SCAN DETECTED
2026-05-29 23:26:01,102 | ⚠ HOST DOMINANCE DETECTED
2026-05-29 23:26:01,102 | ⚠ POSSIBLE PORT SCAN DETECTED
2026-05-29 23:26:02,107 | ⚠ HOST DOMINANCE DETECTED
2026-05-29 23:26:02,107 | ⚠ POSSIBLE PORT SCAN DETECTED
2026-05-29 23:26:03,112 | ⚠ HOST DOMINANCE DETECTED
2026-05-29 23:26:03,112 | ⚠ POSSIBLE PORT SCAN DETECTED
2026-05-29 23:26:04,082 | ⚠ HOST DOMINANCE DETECTED
2026-05-29 23:26:04,084 | ⚠ POSSIBLE PORT SCAN DETECTED
2026-05-29 23:26:04,115 | ⚠ HOST DOMINANCE DETECTED
2026-05-29 23:26:04,115 | ⚠ POSSIBLE PORT SCAN DETECTED
2026-05-29 23:26:04,181 | ⚠ HOST DOMINANCE DETECTED
2026-05-29 23:26:04,181 | ⚠ POSSIBLE PORT SCAN DETECTED
2026-05-29 23:26:05,118 | ⚠ HOST DOMINANCE DETECTED
2026-05-29 23:26:05,119 | ⚠ POSSIBLE PORT SCAN DETECTED
2026-05-29 23:26:06,121 | ⚠ HOST DOMINANCE DETECTED
2026-05-29 23:26:06,122 | ⚠ POSSIBLE PORT SCAN DETECTED
2026-05-29 23:26:07,126 | ⚠ HOST DOMINANCE DETECTED
2026-05-29 23:26:07,126 | ⚠ POSSIBLE PORT SCAN DETECTED
2026-05-29 23:26:08,129 | ⚠ HOST DOMINANCE DETECTED
2026-05-29 23:26:08,130 | ⚠ POSSIBLE PORT SCAN DETECTED
2026-05-29 23:26:09,115 | ⚠ HOST DOMINANCE DETECTED
2026-05-29 23:26:09,115 | ⚠ POSSIBLE PORT SCAN DETECTED
2026-05-29 23:26:09,133 | ⚠ HOST DOMINANCE DETECTED
2026-05-29 23:26:09,133 | ⚠ POSSIBLE PORT SCAN DETECTED
2026-05-29 23:26:09,194 | ⚠ HOST DOMINANCE DETECTED
2026-05-29 23:26:09,194 | ⚠ POSSIBLE PORT SCAN DETECTED
2026-05-29 23:26:10,137 | ⚠ HOST DOMINANCE DETECTED
2026-05-29 23:26:10,137 | ⚠ POSSIBLE PORT SCAN DETECTED
2026-05-29 23:26:11,143 | ⚠ HOST DOMINANCE DETECTED
2026-05-29 23:26:11,144 | ⚠ POSSIBLE PORT SCAN DETECTED
2026-05-29 23:26:12,148 | ⚠ HOST DOMINANCE DETECTED
2026-05-29 23:26:12,148 | ⚠ POSSIBLE PORT SCAN DETECTED
2026-05-29 23:26:13,151 | ⚠ HOST DOMINANCE DETECTED
2026-05-29 23:26:13,152 | ⚠ POSSIBLE PORT SCAN DETECTED
2026-05-29 23:26:14,126 | ⚠ HOST DOMINANCE DETECTED
2026-05-29 23:26:14,127 | ⚠ POSSIBLE PORT SCAN DETECTED
2026-05-29 23:26:14,155 | ⚠ HOST DOMINANCE DETECTED
2026-05-29 23:26:14,156 | ⚠ POSSIBLE PORT SCAN DETECTED
2026-05-29 23:26:14,204 | ⚠ HOST DOMINANCE DETECTED
2026-05-29 23:26:14,204 | ⚠ POSSIBLE PORT SCAN DETECTED
2026-05-29 23:26:15,159 | ⚠ HOST DOMINANCE DETECTED
2026-05-29 23:26:15,159 | ⚠ POSSIBLE PORT SCAN DETECTED
2026-05-29 23:26:16,162 | ⚠ HOST DOMINANCE DETECTED
2026-05-29 23:26:16,163 | ⚠ POSSIBLE PORT SCAN DETECTED
2026-05-29 23:26:17,166 | ⚠ HOST DOMINANCE DETECTED
2026-05-29 23:26:17,166 | ⚠ POSSIBLE PORT SCAN DETECTED
2026-05-29 23:26:18,169 | ⚠ HOST DOMINANCE DETECTED
2026-05-29 23:26:18,170 | ⚠ POSSIBLE PORT SCAN DETECTED
2026-05-29 23:26:19,134 | ⚠ HOST DOMINANCE DETECTED
2026-05-29 23:26:19,135 | ⚠ POSSIBLE PORT SCAN DETECTED
2026-05-29 23:26:19,173 | ⚠ HOST DOMINANCE DETECTED
2026-05-29 23:26:19,174 | ⚠ POSSIBLE PORT SCAN DETECTED
2026-05-29 23:26:20,177 | ⚠ HOST DOMINANCE DETECTED
2026-05-29 23:26:20,177 | ⚠ POSSIBLE PORT SCAN DETECTED
2026-05-29 23:26:21,181 | ⚠ HOST DOMINANCE DETECTED
2026-05-29 23:26:21,181 | ⚠ POSSIBLE PORT SCAN DETECTED
2026-05-29 23:26:21,506 | ⚠ HOST DOMINANCE DETECTED
2026-05-29 23:26:21,506 | ⚠ POSSIBLE PORT SCAN DETECTED
2026-05-29 23:26:22,184 | ⚠ HOST DOMINANCE DETECTED
2026-05-29 23:26:22,184 | ⚠ POSSIBLE PORT SCAN DETECTED
2026-05-29 23:26:23,187 | ⚠ HOST DOMINANCE DETECTED
2026-05-29 23:26:23,187 | ⚠ POSSIBLE PORT SCAN DETECTED
2026-05-29 23:26:23,397 | ⚠ HOST DOMINANCE DETECTED
2026-05-29 23:26:23,398 | ⚠ POSSIBLE PORT SCAN DETECTED
2026-05-29 23:26:24,143 | ⚠ HOST DOMINANCE DETECTED
2026-05-29 23:26:24,143 | ⚠ POSSIBLE PORT SCAN DETECTED
2026-05-29 23:26:24,189 | ⚠ HOST DOMINANCE DETECTED
2026-05-29 23:26:24,190 | ⚠ POSSIBLE PORT SCAN DETECTED
2026-05-29 23:26:25,192 | ⚠ HOST DOMINANCE DETECTED
2026-05-29 23:26:25,192 | ⚠ POSSIBLE PORT SCAN DETECTED
2026-05-29 23:26:26,196 | ⚠ HOST DOMINANCE DETECTED
2026-05-29 23:26:26,196 | ⚠ POSSIBLE PORT SCAN DETECTED
2026-05-29 23:26:27,199 | ⚠ HOST DOMINANCE DETECTED
2026-05-29 23:26:27,200 | ⚠ POSSIBLE PORT SCAN DETECTED
2026-05-29 23:26:28,206 | ⚠ HOST DOMINANCE DETECTED
2026-05-29 23:26:28,206 | ⚠ POSSIBLE PORT SCAN DETECTED
2026-05-29 23:26:29,149 | ⚠ HOST DOMINANCE DETECTED
2026-05-29 23:26:29,150 | ⚠ POSSIBLE PORT SCAN DETECTED
2026-05-29 23:26:29,210 | ⚠ HOST DOMINANCE DETECTED
2026-05-29 23:26:29,210 | ⚠ POSSIBLE PORT SCAN DETECTED
2026-05-29 23:26:30,214 | ⚠ HOST DOMINANCE DETECTED
2026-05-29 23:26:30,214 | ⚠ POSSIBLE PORT SCAN DETECTED
2026-05-29 23:26:31,220 | ⚠ HOST DOMINANCE DETECTED
2026-05-29 23:26:31,220 | ⚠ POSSIBLE PORT SCAN DETECTED
2026-05-29 23:26:32,225 | ⚠ HOST DOMINANCE DETECTED
2026-05-29 23:26:32,225 | ⚠ POSSIBLE PORT SCAN DETECTED
2026-05-29 23:26:33,228 | ⚠ HOST DOMINANCE DETECTED
2026-05-29 23:26:33,229 | ⚠ POSSIBLE PORT SCAN DETECTED
2026-05-29 23:26:34,157 | ⚠ HOST DOMINANCE DETECTED
2026-05-29 23:26:34,158 | ⚠ POSSIBLE PORT SCAN DETECTED
2026-05-29 23:26:34,232 | ⚠ HOST DOMINANCE DETECTED
2026-05-29 23:26:34,232 | ⚠ POSSIBLE PORT SCAN DETECTED
2026-05-29 23:26:35,236 | ⚠ HOST DOMINANCE DETECTED
2026-05-29 23:26:35,236 | ⚠ POSSIBLE PORT SCAN DETECTED
2026-05-29 23:26:36,238 | ⚠ HOST DOMINANCE DETECTED
2026-05-29 23:26:36,238 | ⚠ POSSIBLE PORT SCAN DETECTED
2026-05-29 23:26:37,241 | ⚠ HOST DOMINANCE DETECTED
2026-05-29 23:26:37,241 | ⚠ POSSIBLE PORT SCAN DETECTED
2026-05-29 23:26:38,244 | ⚠ HOST DOMINANCE DETECTED
2026-05-29 23:26:38,244 | ⚠ POSSIBLE PORT SCAN DETECTED
2026-05-29 23:26:39,167 | ⚠ HOST DOMINANCE DETECTED
2026-05-29 23:26:39,167 | ⚠ POSSIBLE PORT SCAN DETECTED
2026-05-29 23:26:39,247 | ⚠ HOST DOMINANCE DETECTED
2026-05-29 23:26:39,247 | ⚠ POSSIBLE PORT SCAN DETECTED
2026-05-29 23:26:40,250 | ⚠ HOST DOMINANCE DETECTED
2026-05-29 23:26:40,250 | ⚠ POSSIBLE PORT SCAN DETECTED
2026-05-29 23:26:41,253 | ⚠ HOST DOMINANCE DETECTED
2026-05-29 23:26:41,254 | ⚠ POSSIBLE PORT SCAN DETECTED
2026-05-29 23:26:42,258 | ⚠ HOST DOMINANCE DETECTED
2026-05-29 23:26:42,258 | ⚠ POSSIBLE PORT SCAN DETECTED
2026-05-29 23:26:43,261 | ⚠ HOST DOMINANCE DETECTED
2026-05-29 23:26:43,262 | ⚠ POSSIBLE PORT SCAN DETECTED
2026-05-29 23:26:44,174 | ⚠ HOST DOMINANCE DETECTED
2026-05-29 23:26:44,175 | ⚠ POSSIBLE PORT SCAN DETECTED
2026-05-29 23:26:44,265 | ⚠ HOST DOMINANCE DETECTED
2026-05-29 23:26:44,266 | ⚠ POSSIBLE PORT SCAN DETECTED
2026-05-29 23:26:45,268 | ⚠ HOST DOMINANCE DETECTED
2026-05-29 23:26:45,269 | ⚠ POSSIBLE PORT SCAN DETECTED
2026-05-29 23:26:46,272 | ⚠ HOST DOMINANCE DETECTED
2026-05-29 23:26:46,272 | ⚠ POSSIBLE PORT SCAN DETECTED
2026-05-29 23:26:47,275 | ⚠ HOST DOMINANCE DETECTED
2026-05-29 23:26:47,276 | ⚠ POSSIBLE PORT SCAN DETECTED
2026-05-29 23:26:48,279 | ⚠ HOST DOMINANCE DETECTED
2026-05-29 23:26:48,279 | ⚠ POSSIBLE PORT SCAN DETECTED
2026-05-29 23:26:49,181 | ⚠ HOST DOMINANCE DETECTED
2026-05-29 23:26:49,181 | ⚠ POSSIBLE PORT SCAN DETECTED
2026-05-29 23:26:49,281 | ⚠ HOST DOMINANCE DETECTED
2026-05-29 23:26:49,282 | ⚠ POSSIBLE PORT SCAN DETECTED
2026-05-29 23:26:50,284 | ⚠ HOST DOMINANCE DETECTED
2026-05-29 23:26:50,285 | ⚠ POSSIBLE PORT SCAN DETECTED
2026-05-29 23:26:51,288 | ⚠ HOST DOMINANCE DETECTED
2026-05-29 23:26:51,288 | ⚠ POSSIBLE PORT SCAN DETECTED
2026-05-29 23:26:52,291 | ⚠ HOST DOMINANCE DETECTED
2026-05-29 23:26:52,291 | ⚠ POSSIBLE PORT SCAN DETECTED
2026-05-29 23:26:52,405 | ⚠ HOST DOMINANCE DETECTED
2026-05-29 23:26:52,406 | ⚠ POSSIBLE PORT SCAN DETECTED
2026-05-29 23:26:53,294 | ⚠ HOST DOMINANCE DETECTED
2026-05-29 23:26:53,294 | ⚠ POSSIBLE PORT SCAN DETECTED
2026-05-29 23:26:54,190 | ⚠ HOST DOMINANCE DETECTED
2026-05-29 23:26:54,193 | ⚠ POSSIBLE PORT SCAN DETECTED
2026-05-29 23:26:54,296 | ⚠ HOST DOMINANCE DETECTED
2026-05-29 23:26:54,296 | ⚠ POSSIBLE PORT SCAN DETECTED
2026-05-29 23:26:55,299 | ⚠ HOST DOMINANCE DETECTED
2026-05-29 23:26:55,299 | ⚠ POSSIBLE PORT SCAN DETECTED
2026-05-29 23:26:56,301 | ⚠ HOST DOMINANCE DETECTED
2026-05-29 23:26:56,302 | ⚠ POSSIBLE PORT SCAN DETECTED
2026-05-29 23:26:57,305 | ⚠ HOST DOMINANCE DETECTED
2026-05-29 23:26:57,305 | ⚠ POSSIBLE PORT SCAN DETECTED
2026-05-29 23:26:58,308 | ⚠ HOST DOMINANCE DETECTED
2026-05-29 23:26:58,308 | ⚠ POSSIBLE PORT SCAN DETECTED
2026-05-29 23:26:59,199 | ⚠ HOST DOMINANCE DETECTED
2026-05-29 23:26:59,200 | ⚠ POSSIBLE PORT SCAN DETECTED
2026-05-29 23:26:59,311 | ⚠ HOST DOMINANCE DETECTED
2026-05-29 23:26:59,311 | ⚠ POSSIBLE PORT SCAN DETECTED
2026-05-29 23:27:00,315 | ⚠ HOST DOMINANCE DETECTED
2026-05-29 23:27:00,315 | ⚠ POSSIBLE PORT SCAN DETECTED
2026-05-29 23:27:01,318 | ⚠ HOST DOMINANCE DETECTED
2026-05-29 23:27:01,319 | ⚠ POSSIBLE PORT SCAN DETECTED
2026-05-29 23:27:02,322 | ⚠ HOST DOMINANCE DETECTED
2026-05-29 23:27:02,323 | ⚠ POSSIBLE PORT SCAN DETECTED
2026-05-29 23:27:03,326 | ⚠ HOST DOMINANCE DETECTED
2026-05-29 23:27:03,326 | ⚠ POSSIBLE PORT SCAN DETECTED
2026-05-29 23:27:04,208 | ⚠ HOST DOMINANCE DETECTED
2026-05-29 23:27:04,209 | ⚠ POSSIBLE PORT SCAN DETECTED
2026-05-29 23:27:04,331 | ⚠ HOST DOMINANCE DETECTED
2026-05-29 23:27:04,331 | ⚠ POSSIBLE PORT SCAN DETECTED
2026-05-29 23:27:05,335 | ⚠ HOST DOMINANCE DETECTED
2026-05-29 23:27:05,335 | ⚠ POSSIBLE PORT SCAN DETECTED
2026-05-29 23:27:06,338 | ⚠ HOST DOMINANCE DETECTED
2026-05-29 23:27:06,338 | ⚠ POSSIBLE PORT SCAN DETECTED
2026-05-29 23:27:07,341 | ⚠ HOST DOMINANCE DETECTED
2026-05-29 23:27:07,341 | ⚠ POSSIBLE PORT SCAN DETECTED
2026-05-29 23:27:07,998 | ⚠ HOST DOMINANCE DETECTED
2026-05-29 23:27:07,999 | ⚠ POSSIBLE PORT SCAN DETECTED
2026-05-29 23:27:08,345 | ⚠ HOST DOMINANCE DETECTED
2026-05-29 23:27:08,345 | ⚠ POSSIBLE PORT SCAN DETECTED
2026-05-29 23:27:09,218 | ⚠ HOST DOMINANCE DETECTED
2026-05-29 23:27:09,219 | ⚠ POSSIBLE PORT SCAN DETECTED
2026-05-29 23:27:09,351 | ⚠ HOST DOMINANCE DETECTED
2026-05-29 23:27:09,352 | ⚠ POSSIBLE PORT SCAN DETECTED
2026-05-29 23:27:10,358 | ⚠ HOST DOMINANCE DETECTED
2026-05-29 23:27:10,358 | ⚠ POSSIBLE PORT SCAN DETECTED
2026-05-29 23:27:11,361 | ⚠ HOST DOMINANCE DETECTED
2026-05-29 23:27:11,361 | ⚠ POSSIBLE PORT SCAN DETECTED
2026-05-29 23:27:12,363 | ⚠ HOST DOMINANCE DETECTED
2026-05-29 23:27:12,364 | ⚠ POSSIBLE PORT SCAN DETECTED
2026-05-29 23:27:13,087 | ⚠ HOST DOMINANCE DETECTED
2026-05-29 23:27:13,087 | ⚠ POSSIBLE PORT SCAN DETECTED
2026-05-29 23:27:13,367 | ⚠ HOST DOMINANCE DETECTED
2026-05-29 23:27:13,367 | ⚠ POSSIBLE PORT SCAN DETECTED
2026-05-29 23:27:14,232 | ⚠ HOST DOMINANCE DETECTED
2026-05-29 23:27:14,232 | ⚠ POSSIBLE PORT SCAN DETECTED
2026-05-29 23:27:14,371 | ⚠ HOST DOMINANCE DETECTED
2026-05-29 23:27:14,372 | ⚠ POSSIBLE PORT SCAN DETECTED
2026-05-29 23:27:15,375 | ⚠ HOST DOMINANCE DETECTED
2026-05-29 23:27:15,376 | ⚠ POSSIBLE PORT SCAN DETECTED
2026-05-29 23:27:16,378 | ⚠ HOST DOMINANCE DETECTED
2026-05-29 23:27:16,378 | ⚠ POSSIBLE PORT SCAN DETECTED
2026-05-29 23:27:17,381 | ⚠ HOST DOMINANCE DETECTED
2026-05-29 23:27:17,381 | ⚠ POSSIBLE PORT SCAN DETECTED
2026-05-29 23:27:18,386 | ⚠ HOST DOMINANCE DETECTED
2026-05-29 23:27:18,387 | ⚠ POSSIBLE PORT SCAN DETECTED
2026-05-29 23:27:18,835 | ⚠ HOST DOMINANCE DETECTED
2026-05-29 23:27:18,835 | ⚠ POSSIBLE PORT SCAN DETECTED
2026-05-29 23:27:19,243 | ⚠ HOST DOMINANCE DETECTED
2026-05-29 23:27:19,244 | ⚠ POSSIBLE PORT SCAN DETECTED
2026-05-29 23:27:19,391 | ⚠ HOST DOMINANCE DETECTED
2026-05-29 23:27:19,392 | ⚠ POSSIBLE PORT SCAN DETECTED
2026-05-29 23:27:20,395 | ⚠ HOST DOMINANCE DETECTED
2026-05-29 23:27:20,396 | ⚠ POSSIBLE PORT SCAN DETECTED
2026-05-29 23:27:21,398 | ⚠ HOST DOMINANCE DETECTED
2026-05-29 23:27:21,398 | ⚠ POSSIBLE PORT SCAN DETECTED
2026-05-29 23:27:22,400 | ⚠ HOST DOMINANCE DETECTED
2026-05-29 23:27:22,401 | ⚠ POSSIBLE PORT SCAN DETECTED
2026-05-29 23:27:23,148 | ⚠ HOST DOMINANCE DETECTED
2026-05-29 23:27:23,149 | ⚠ POSSIBLE PORT SCAN DETECTED
2026-05-29 23:27:23,518 | ⚠ HOST DOMINANCE DETECTED
2026-05-29 23:27:23,518 | ⚠ POSSIBLE PORT SCAN DETECTED
2026-05-29 23:27:24,250 | ⚠ HOST DOMINANCE DETECTED
2026-05-29 23:27:24,250 | ⚠ POSSIBLE PORT SCAN DETECTED
2026-05-29 23:27:24,554 | ⚠ HOST DOMINANCE DETECTED
2026-05-29 23:27:24,554 | ⚠ POSSIBLE PORT SCAN DETECTED
2026-05-29 23:27:25,555 | ⚠ HOST DOMINANCE DETECTED
2026-05-29 23:27:25,555 | ⚠ POSSIBLE PORT SCAN DETECTED
2026-05-29 23:27:26,558 | ⚠ HOST DOMINANCE DETECTED
2026-05-29 23:27:26,558 | ⚠ POSSIBLE PORT SCAN DETECTED
2026-05-29 23:27:27,560 | ⚠ HOST DOMINANCE DETECTED
2026-05-29 23:27:27,560 | ⚠ POSSIBLE PORT SCAN DETECTED
2026-05-29 23:27:28,563 | ⚠ HOST DOMINANCE DETECTED
2026-05-29 23:27:28,563 | ⚠ POSSIBLE PORT SCAN DETECTED
2026-05-29 23:27:29,258 | ⚠ HOST DOMINANCE DETECTED
2026-05-29 23:27:29,259 | ⚠ POSSIBLE PORT SCAN DETECTED
2026-05-29 23:27:29,567 | ⚠ HOST DOMINANCE DETECTED
2026-05-29 23:27:29,568 | ⚠ POSSIBLE PORT SCAN DETECTED
2026-05-29 23:27:30,571 | ⚠ HOST DOMINANCE DETECTED
2026-05-29 23:27:30,572 | ⚠ POSSIBLE PORT SCAN DETECTED
2026-05-29 23:27:31,575 | ⚠ HOST DOMINANCE DETECTED
2026-05-29 23:27:31,575 | ⚠ POSSIBLE PORT SCAN DETECTED
2026-05-29 23:27:32,581 | ⚠ HOST DOMINANCE DETECTED
2026-05-29 23:27:32,581 | ⚠ POSSIBLE PORT SCAN DETECTED
2026-05-29 23:27:33,584 | ⚠ HOST DOMINANCE DETECTED
2026-05-29 23:27:33,584 | ⚠ POSSIBLE PORT SCAN DETECTED
2026-05-29 23:27:34,271 | ⚠ HOST DOMINANCE DETECTED
2026-05-29 23:27:34,271 | ⚠ POSSIBLE PORT SCAN DETECTED
2026-05-29 23:27:34,589 | ⚠ HOST DOMINANCE DETECTED
2026-05-29 23:27:34,589 | ⚠ POSSIBLE PORT SCAN DETECTED
2026-05-29 23:27:35,593 | ⚠ HOST DOMINANCE DETECTED
2026-05-29 23:27:35,593 | ⚠ POSSIBLE PORT SCAN DETECTED
2026-05-29 23:27:36,596 | ⚠ HOST DOMINANCE DETECTED
2026-05-29 23:27:36,596 | ⚠ POSSIBLE PORT SCAN DETECTED
2026-05-29 23:27:37,600 | ⚠ HOST DOMINANCE DETECTED
2026-05-29 23:27:37,601 | ⚠ POSSIBLE PORT SCAN DETECTED
2026-05-29 23:27:38,606 | ⚠ HOST DOMINANCE DETECTED
2026-05-29 23:27:38,606 | ⚠ POSSIBLE PORT SCAN DETECTED
2026-05-29 23:27:39,278 | ⚠ HOST DOMINANCE DETECTED
2026-05-29 23:27:39,278 | ⚠ POSSIBLE PORT SCAN DETECTED
2026-05-29 23:27:39,611 | ⚠ HOST DOMINANCE DETECTED
2026-05-29 23:27:39,611 | ⚠ POSSIBLE PORT SCAN DETECTED
2026-05-29 23:27:40,614 | ⚠ HOST DOMINANCE DETECTED
2026-05-29 23:27:40,615 | ⚠ POSSIBLE PORT SCAN DETECTED
2026-05-29 23:27:41,619 | ⚠ HOST DOMINANCE DETECTED
2026-05-29 23:27:41,619 | ⚠ POSSIBLE PORT SCAN DETECTED
2026-05-29 23:27:42,624 | ⚠ HOST DOMINANCE DETECTED
2026-05-29 23:27:42,624 | ⚠ POSSIBLE PORT SCAN DETECTED
2026-05-29 23:27:43,628 | ⚠ HOST DOMINANCE DETECTED
2026-05-29 23:27:43,629 | ⚠ POSSIBLE PORT SCAN DETECTED
2026-05-29 23:27:44,286 | ⚠ HOST DOMINANCE DETECTED
2026-05-29 23:27:44,287 | ⚠ POSSIBLE PORT SCAN DETECTED
2026-05-29 23:27:44,632 | ⚠ HOST DOMINANCE DETECTED
2026-05-29 23:27:44,632 | ⚠ POSSIBLE PORT SCAN DETECTED
2026-05-29 23:27:45,636 | ⚠ HOST DOMINANCE DETECTED
2026-05-29 23:27:45,637 | ⚠ POSSIBLE PORT SCAN DETECTED
2026-05-29 23:27:46,643 | ⚠ HOST DOMINANCE DETECTED
2026-05-29 23:27:46,644 | ⚠ POSSIBLE PORT SCAN DETECTED
2026-05-29 23:27:47,649 | ⚠ HOST DOMINANCE DETECTED
2026-05-29 23:27:47,650 | ⚠ POSSIBLE PORT SCAN DETECTED
2026-05-29 23:27:48,654 | ⚠ HOST DOMINANCE DETECTED
2026-05-29 23:27:48,654 | ⚠ POSSIBLE PORT SCAN DETECTED
2026-05-29 23:27:49,298 | ⚠ HOST DOMINANCE DETECTED
2026-05-29 23:27:49,298 | ⚠ POSSIBLE PORT SCAN DETECTED
2026-05-29 23:27:49,663 | ⚠ HOST DOMINANCE DETECTED
2026-05-29 23:27:49,663 | ⚠ POSSIBLE PORT SCAN DETECTED
2026-05-29 23:27:50,668 | ⚠ HOST DOMINANCE DETECTED
2026-05-29 23:27:50,668 | ⚠ POSSIBLE PORT SCAN DETECTED
2026-05-29 23:27:51,672 | ⚠ HOST DOMINANCE DETECTED
2026-05-29 23:27:51,672 | ⚠ POSSIBLE PORT SCAN DETECTED
2026-05-29 23:27:52,677 | ⚠ HOST DOMINANCE DETECTED
2026-05-29 23:27:52,677 | ⚠ POSSIBLE PORT SCAN DETECTED
2026-05-29 23:27:53,680 | ⚠ HOST DOMINANCE DETECTED
2026-05-29 23:27:53,680 | ⚠ POSSIBLE PORT SCAN DETECTED
2026-05-29 23:27:54,306 | ⚠ HOST DOMINANCE DETECTED
2026-05-29 23:27:54,307 | ⚠ POSSIBLE PORT SCAN DETECTED
2026-05-29 23:27:54,635 | ⚠ HOST DOMINANCE DETECTED
2026-05-29 23:27:54,636 | ⚠ POSSIBLE PORT SCAN DETECTED
2026-05-29 23:27:54,683 | ⚠ HOST DOMINANCE DETECTED
2026-05-29 23:27:54,684 | ⚠ POSSIBLE PORT SCAN DETECTED
2026-05-29 23:27:55,688 | ⚠ HOST DOMINANCE DETECTED
2026-05-29 23:27:55,688 | ⚠ POSSIBLE PORT SCAN DETECTED
2026-05-29 23:27:56,691 | ⚠ HOST DOMINANCE DETECTED
2026-05-29 23:27:56,692 | ⚠ POSSIBLE PORT SCAN DETECTED
2026-05-29 23:27:57,696 | ⚠ HOST DOMINANCE DETECTED
2026-05-29 23:27:57,696 | ⚠ POSSIBLE PORT SCAN DETECTED
2026-05-29 23:27:58,699 | ⚠ HOST DOMINANCE DETECTED
2026-05-29 23:27:58,700 | ⚠ POSSIBLE PORT SCAN DETECTED
2026-05-29 23:27:59,314 | ⚠ HOST DOMINANCE DETECTED
2026-05-29 23:27:59,314 | ⚠ POSSIBLE PORT SCAN DETECTED
2026-05-29 23:27:59,704 | ⚠ HOST DOMINANCE DETECTED
2026-05-29 23:27:59,704 | ⚠ POSSIBLE PORT SCAN DETECTED
2026-05-29 23:28:00,708 | ⚠ HOST DOMINANCE DETECTED
2026-05-29 23:28:00,709 | ⚠ POSSIBLE PORT SCAN DETECTED
2026-05-29 23:28:01,716 | ⚠ HOST DOMINANCE DETECTED
2026-05-29 23:28:01,721 | ⚠ POSSIBLE PORT SCAN DETECTED
2026-05-29 23:28:02,728 | ⚠ HOST DOMINANCE DETECTED
2026-05-29 23:28:02,728 | ⚠ POSSIBLE PORT SCAN DETECTED
2026-05-29 23:28:03,731 | ⚠ HOST DOMINANCE DETECTED
2026-05-29 23:28:03,732 | ⚠ POSSIBLE PORT SCAN DETECTED
2026-05-29 23:28:04,323 | ⚠ HOST DOMINANCE DETECTED
2026-05-29 23:28:04,323 | ⚠ POSSIBLE PORT SCAN DETECTED
2026-05-29 23:28:04,735 | ⚠ HOST DOMINANCE DETECTED
2026-05-29 23:28:04,736 | ⚠ POSSIBLE PORT SCAN DETECTED
2026-05-29 23:28:05,740 | ⚠ HOST DOMINANCE DETECTED
2026-05-29 23:28:05,740 | ⚠ POSSIBLE PORT SCAN DETECTED
2026-05-29 23:28:06,745 | ⚠ HOST DOMINANCE DETECTED
2026-05-29 23:28:06,746 | ⚠ POSSIBLE PORT SCAN DETECTED
2026-05-29 23:28:07,748 | ⚠ HOST DOMINANCE DETECTED
2026-05-29 23:28:07,749 | ⚠ POSSIBLE PORT SCAN DETECTED
2026-05-29 23:28:08,753 | ⚠ HOST DOMINANCE DETECTED
2026-05-29 23:28:08,753 | ⚠ POSSIBLE PORT SCAN DETECTED
2026-05-29 23:28:09,334 | ⚠ HOST DOMINANCE DETECTED
2026-05-29 23:28:09,334 | ⚠ POSSIBLE PORT SCAN DETECTED
2026-05-29 23:28:09,756 | ⚠ HOST DOMINANCE DETECTED
2026-05-29 23:28:09,757 | ⚠ POSSIBLE PORT SCAN DETECTED
2026-05-29 23:28:10,760 | ⚠ HOST DOMINANCE DETECTED
2026-05-29 23:28:10,760 | ⚠ POSSIBLE PORT SCAN DETECTED
2026-05-29 23:28:11,763 | ⚠ HOST DOMINANCE DETECTED
2026-05-29 23:28:11,764 | ⚠ POSSIBLE PORT SCAN DETECTED
2026-05-29 23:28:12,767 | ⚠ HOST DOMINANCE DETECTED
2026-05-29 23:28:12,767 | ⚠ POSSIBLE PORT SCAN DETECTED
2026-05-29 23:28:13,770 | ⚠ HOST DOMINANCE DETECTED
2026-05-29 23:28:13,771 | ⚠ POSSIBLE PORT SCAN DETECTED
2026-05-29 23:28:14,346 | ⚠ HOST DOMINANCE DETECTED
2026-05-29 23:28:14,347 | ⚠ POSSIBLE PORT SCAN DETECTED
2026-05-29 23:28:14,779 | ⚠ HOST DOMINANCE DETECTED
2026-05-29 23:28:14,780 | ⚠ POSSIBLE PORT SCAN DETECTED
2026-05-29 23:28:15,783 | ⚠ HOST DOMINANCE DETECTED
2026-05-29 23:28:15,783 | ⚠ POSSIBLE PORT SCAN DETECTED
2026-05-29 23:28:16,787 | ⚠ HOST DOMINANCE DETECTED
2026-05-29 23:28:16,788 | ⚠ POSSIBLE PORT SCAN DETECTED
2026-05-29 23:28:17,791 | ⚠ HOST DOMINANCE DETECTED
2026-05-29 23:28:17,792 | ⚠ POSSIBLE PORT SCAN DETECTED
2026-05-29 23:28:18,796 | ⚠ HOST DOMINANCE DETECTED
2026-05-29 23:28:18,796 | ⚠ POSSIBLE PORT SCAN DETECTED
2026-05-29 23:28:19,358 | ⚠ HOST DOMINANCE DETECTED
2026-05-29 23:28:19,359 | ⚠ POSSIBLE PORT SCAN DETECTED
2026-05-29 23:28:19,801 | ⚠ HOST DOMINANCE DETECTED
2026-05-29 23:28:19,801 | ⚠ POSSIBLE PORT SCAN DETECTED
2026-05-29 23:28:20,804 | ⚠ HOST DOMINANCE DETECTED
2026-05-29 23:28:20,804 | ⚠ POSSIBLE PORT SCAN DETECTED
2026-05-29 23:28:21,808 | ⚠ HOST DOMINANCE DETECTED
2026-05-29 23:28:21,808 | ⚠ POSSIBLE PORT SCAN DETECTED
2026-05-29 23:28:22,811 | ⚠ HOST DOMINANCE DETECTED
2026-05-29 23:28:22,812 | ⚠ POSSIBLE PORT SCAN DETECTED
2026-05-29 23:28:23,814 | ⚠ HOST DOMINANCE DETECTED
2026-05-29 23:28:23,815 | ⚠ POSSIBLE PORT SCAN DETECTED
2026-05-29 23:28:24,368 | ⚠ HOST DOMINANCE DETECTED
2026-05-29 23:28:24,369 | ⚠ POSSIBLE PORT SCAN DETECTED
2026-05-29 23:28:24,818 | ⚠ HOST DOMINANCE DETECTED
2026-05-29 23:28:24,819 | ⚠ POSSIBLE PORT SCAN DETECTED
2026-05-29 23:28:25,337 | ⚠ HOST DOMINANCE DETECTED
2026-05-29 23:28:25,338 | ⚠ POSSIBLE PORT SCAN DETECTED
2026-05-29 23:28:25,822 | ⚠ HOST DOMINANCE DETECTED
2026-05-29 23:28:25,822 | ⚠ POSSIBLE PORT SCAN DETECTED
2026-05-29 23:28:26,825 | ⚠ HOST DOMINANCE DETECTED
2026-05-29 23:28:26,825 | ⚠ POSSIBLE PORT SCAN DETECTED
2026-05-29 23:28:27,829 | ⚠ HOST DOMINANCE DETECTED
2026-05-29 23:28:27,829 | ⚠ POSSIBLE PORT SCAN DETECTED
2026-05-29 23:28:28,833 | ⚠ HOST DOMINANCE DETECTED
2026-05-29 23:28:28,833 | ⚠ POSSIBLE PORT SCAN DETECTED
2026-05-29 23:28:29,377 | ⚠ HOST DOMINANCE DETECTED
2026-05-29 23:28:29,377 | ⚠ POSSIBLE PORT SCAN DETECTED
2026-05-29 23:28:29,837 | ⚠ HOST DOMINANCE DETECTED
2026-05-29 23:28:29,837 | ⚠ POSSIBLE PORT SCAN DETECTED
2026-05-29 23:28:30,843 | ⚠ HOST DOMINANCE DETECTED
2026-05-29 23:28:30,843 | ⚠ POSSIBLE PORT SCAN DETECTED
2026-05-29 23:28:31,846 | ⚠ HOST DOMINANCE DETECTED
2026-05-29 23:28:31,846 | ⚠ POSSIBLE PORT SCAN DETECTED
2026-05-29 23:28:32,849 | ⚠ HOST DOMINANCE DETECTED
2026-05-29 23:28:32,849 | ⚠ POSSIBLE PORT SCAN DETECTED
2026-05-29 23:28:33,892 | ⚠ HOST DOMINANCE DETECTED
2026-05-29 23:28:33,903 | ⚠ POSSIBLE PORT SCAN DETECTED
2026-05-29 23:28:34,384 | ⚠ HOST DOMINANCE DETECTED
2026-05-29 23:28:34,385 | ⚠ POSSIBLE PORT SCAN DETECTED
2026-05-29 23:28:34,926 | ⚠ HOST DOMINANCE DETECTED
2026-05-29 23:28:34,926 | ⚠ POSSIBLE PORT SCAN DETECTED
2026-05-29 23:28:35,131 | ⚠ HOST DOMINANCE DETECTED
2026-05-29 23:28:35,131 | ⚠ POSSIBLE PORT SCAN DETECTED
2026-05-29 23:28:35,929 | ⚠ HOST DOMINANCE DETECTED
2026-05-29 23:28:35,930 | ⚠ POSSIBLE PORT SCAN DETECTED
2026-05-29 23:28:36,934 | ⚠ HOST DOMINANCE DETECTED
2026-05-29 23:28:36,934 | ⚠ POSSIBLE PORT SCAN DETECTED
2026-05-29 23:28:37,941 | ⚠ HOST DOMINANCE DETECTED
2026-05-29 23:28:37,941 | ⚠ POSSIBLE PORT SCAN DETECTED
2026-05-29 23:28:38,945 | ⚠ HOST DOMINANCE DETECTED
2026-05-29 23:28:38,946 | ⚠ POSSIBLE PORT SCAN DETECTED
2026-05-29 23:28:39,393 | ⚠ HOST DOMINANCE DETECTED
2026-05-29 23:28:39,393 | ⚠ POSSIBLE PORT SCAN DETECTED
2026-05-29 23:28:39,952 | ⚠ HOST DOMINANCE DETECTED
2026-05-29 23:28:39,952 | ⚠ POSSIBLE PORT SCAN DETECTED
2026-05-29 23:28:40,231 | ⚠ HOST DOMINANCE DETECTED
2026-05-29 23:28:40,232 | ⚠ POSSIBLE PORT SCAN DETECTED
2026-05-29 23:28:40,955 | ⚠ HOST DOMINANCE DETECTED
2026-05-29 23:28:40,956 | ⚠ POSSIBLE PORT SCAN DETECTED
2026-05-29 23:28:41,958 | ⚠ HOST DOMINANCE DETECTED
2026-05-29 23:28:41,959 | ⚠ POSSIBLE PORT SCAN DETECTED
2026-05-29 23:28:42,962 | ⚠ HOST DOMINANCE DETECTED
2026-05-29 23:28:42,962 | ⚠ POSSIBLE PORT SCAN DETECTED
2026-05-29 23:28:43,966 | ⚠ HOST DOMINANCE DETECTED
2026-05-29 23:28:43,966 | ⚠ POSSIBLE PORT SCAN DETECTED
2026-05-29 23:28:44,401 | ⚠ HOST DOMINANCE DETECTED
2026-05-29 23:28:44,401 | ⚠ POSSIBLE PORT SCAN DETECTED
2026-05-29 23:28:44,969 | ⚠ HOST DOMINANCE DETECTED
2026-05-29 23:28:44,970 | ⚠ POSSIBLE PORT SCAN DETECTED
2026-05-29 23:28:45,973 | ⚠ HOST DOMINANCE DETECTED
2026-05-29 23:28:45,973 | ⚠ POSSIBLE PORT SCAN DETECTED
2026-05-29 23:28:46,595 | ⚠ HOST DOMINANCE DETECTED
2026-05-29 23:28:46,595 | ⚠ POSSIBLE PORT SCAN DETECTED
2026-05-29 23:28:46,979 | ⚠ HOST DOMINANCE DETECTED
2026-05-29 23:28:46,979 | ⚠ POSSIBLE PORT SCAN DETECTED
2026-05-29 23:28:47,984 | ⚠ HOST DOMINANCE DETECTED
2026-05-29 23:28:47,985 | ⚠ POSSIBLE PORT SCAN DETECTED
2026-05-29 23:28:48,988 | ⚠ HOST DOMINANCE DETECTED
2026-05-29 23:28:48,989 | ⚠ POSSIBLE PORT SCAN DETECTED
2026-05-29 23:28:49,410 | ⚠ HOST DOMINANCE DETECTED
2026-05-29 23:28:49,411 | ⚠ POSSIBLE PORT SCAN DETECTED
2026-05-29 23:28:49,993 | ⚠ HOST DOMINANCE DETECTED
2026-05-29 23:28:49,993 | ⚠ POSSIBLE PORT SCAN DETECTED
2026-05-29 23:28:50,996 | ⚠ HOST DOMINANCE DETECTED
2026-05-29 23:28:50,997 | ⚠ POSSIBLE PORT SCAN DETECTED
2026-05-29 23:28:52,002 | ⚠ HOST DOMINANCE DETECTED
2026-05-29 23:28:52,002 | ⚠ POSSIBLE PORT SCAN DETECTED
2026-05-29 23:28:53,006 | ⚠ HOST DOMINANCE DETECTED
2026-05-29 23:28:53,006 | ⚠ POSSIBLE PORT SCAN DETECTED
2026-05-29 23:28:54,009 | ⚠ HOST DOMINANCE DETECTED
2026-05-29 23:28:54,009 | ⚠ POSSIBLE PORT SCAN DETECTED
2026-05-29 23:28:54,421 | ⚠ HOST DOMINANCE DETECTED
2026-05-29 23:28:54,422 | ⚠ POSSIBLE PORT SCAN DETECTED
2026-05-29 23:28:55,012 | ⚠ HOST DOMINANCE DETECTED
2026-05-29 23:28:55,013 | ⚠ POSSIBLE PORT SCAN DETECTED
2026-05-29 23:28:56,018 | ⚠ HOST DOMINANCE DETECTED
2026-05-29 23:28:56,018 | ⚠ POSSIBLE PORT SCAN DETECTED
2026-05-29 23:28:56,026 | ⚠ HOST DOMINANCE DETECTED
2026-05-29 23:28:56,026 | ⚠ POSSIBLE PORT SCAN DETECTED
2026-05-29 23:28:57,028 | ⚠ HOST DOMINANCE DETECTED
2026-05-29 23:28:57,028 | ⚠ POSSIBLE PORT SCAN DETECTED
2026-05-29 23:28:57,372 | ⚠ HOST DOMINANCE DETECTED
2026-05-29 23:28:57,373 | ⚠ POSSIBLE PORT SCAN DETECTED
2026-05-29 23:28:58,047 | ⚠ HOST DOMINANCE DETECTED
2026-05-29 23:28:58,047 | ⚠ POSSIBLE PORT SCAN DETECTED
2026-05-29 23:28:59,053 | ⚠ HOST DOMINANCE DETECTED
2026-05-29 23:28:59,054 | ⚠ POSSIBLE PORT SCAN DETECTED
2026-05-29 23:28:59,425 | ⚠ HOST DOMINANCE DETECTED
2026-05-29 23:28:59,426 | ⚠ POSSIBLE PORT SCAN DETECTED
2026-05-29 23:29:00,057 | ⚠ HOST DOMINANCE DETECTED
2026-05-29 23:29:00,057 | ⚠ POSSIBLE PORT SCAN DETECTED
2026-05-29 23:29:01,060 | ⚠ HOST DOMINANCE DETECTED
2026-05-29 23:29:01,060 | ⚠ POSSIBLE PORT SCAN DETECTED
2026-05-29 23:29:02,063 | ⚠ HOST DOMINANCE DETECTED
2026-05-29 23:29:02,064 | ⚠ POSSIBLE PORT SCAN DETECTED
2026-05-29 23:29:03,068 | ⚠ HOST DOMINANCE DETECTED
2026-05-29 23:29:03,069 | ⚠ POSSIBLE PORT SCAN DETECTED
2026-05-29 23:29:04,072 | ⚠ HOST DOMINANCE DETECTED
2026-05-29 23:29:04,072 | ⚠ POSSIBLE PORT SCAN DETECTED
2026-05-29 23:29:04,432 | ⚠ HOST DOMINANCE DETECTED
2026-05-29 23:29:04,432 | ⚠ POSSIBLE PORT SCAN DETECTED
2026-05-29 23:29:05,075 | ⚠ HOST DOMINANCE DETECTED
2026-05-29 23:29:05,075 | ⚠ POSSIBLE PORT SCAN DETECTED
2026-05-29 23:29:06,078 | ⚠ HOST DOMINANCE DETECTED
2026-05-29 23:29:06,079 | ⚠ POSSIBLE PORT SCAN DETECTED
2026-05-29 23:29:07,083 | ⚠ HOST DOMINANCE DETECTED
2026-05-29 23:29:07,084 | ⚠ POSSIBLE PORT SCAN DETECTED
2026-05-29 23:29:08,094 | ⚠ HOST DOMINANCE DETECTED
2026-05-29 23:29:08,094 | ⚠ POSSIBLE PORT SCAN DETECTED
2026-05-29 23:29:09,097 | ⚠ HOST DOMINANCE DETECTED
2026-05-29 23:29:09,097 | ⚠ POSSIBLE PORT SCAN DETECTED
2026-05-29 23:29:09,436 | ⚠ HOST DOMINANCE DETECTED
2026-05-29 23:29:09,436 | ⚠ POSSIBLE PORT SCAN DETECTED
2026-05-29 23:29:10,101 | ⚠ HOST DOMINANCE DETECTED
2026-05-29 23:29:10,102 | ⚠ POSSIBLE PORT SCAN DETECTED
2026-05-29 23:29:11,111 | ⚠ HOST DOMINANCE DETECTED
2026-05-29 23:29:11,113 | ⚠ POSSIBLE PORT SCAN DETECTED
2026-05-29 23:29:12,120 | ⚠ HOST DOMINANCE DETECTED
2026-05-29 23:29:12,120 | ⚠ POSSIBLE PORT SCAN DETECTED
2026-05-29 23:29:13,124 | ⚠ HOST DOMINANCE DETECTED
2026-05-29 23:29:13,124 | ⚠ POSSIBLE PORT SCAN DETECTED
2026-05-29 23:29:14,128 | ⚠ HOST DOMINANCE DETECTED
2026-05-29 23:29:14,129 | ⚠ POSSIBLE PORT SCAN DETECTED
2026-05-29 23:29:14,447 | ⚠ HOST DOMINANCE DETECTED
2026-05-29 23:29:14,448 | ⚠ POSSIBLE PORT SCAN DETECTED
2026-05-29 23:29:15,132 | ⚠ HOST DOMINANCE DETECTED
2026-05-29 23:29:15,133 | ⚠ POSSIBLE PORT SCAN DETECTED
2026-05-29 23:29:16,136 | ⚠ HOST DOMINANCE DETECTED
2026-05-29 23:29:16,136 | ⚠ POSSIBLE PORT SCAN DETECTED
2026-05-29 23:29:17,140 | ⚠ HOST DOMINANCE DETECTED
2026-05-29 23:29:17,141 | ⚠ POSSIBLE PORT SCAN DETECTED
2026-05-29 23:29:18,145 | ⚠ HOST DOMINANCE DETECTED
2026-05-29 23:29:18,146 | ⚠ POSSIBLE PORT SCAN DETECTED
2026-05-29 23:29:19,157 | ⚠ HOST DOMINANCE DETECTED
2026-05-29 23:29:19,160 | ⚠ POSSIBLE PORT SCAN DETECTED
2026-05-29 23:29:19,456 | ⚠ HOST DOMINANCE DETECTED
2026-05-29 23:29:19,457 | ⚠ POSSIBLE PORT SCAN DETECTED
2026-05-29 23:29:20,168 | ⚠ HOST DOMINANCE DETECTED
2026-05-29 23:29:20,168 | ⚠ POSSIBLE PORT SCAN DETECTED
2026-05-29 23:29:21,172 | ⚠ HOST DOMINANCE DETECTED
2026-05-29 23:29:21,174 | ⚠ POSSIBLE PORT SCAN DETECTED
2026-05-29 23:29:22,179 | ⚠ HOST DOMINANCE DETECTED
2026-05-29 23:29:22,181 | ⚠ POSSIBLE PORT SCAN DETECTED
2026-05-29 23:29:23,186 | ⚠ HOST DOMINANCE DETECTED
2026-05-29 23:29:23,186 | ⚠ POSSIBLE PORT SCAN DETECTED
2026-05-29 23:29:24,190 | ⚠ HOST DOMINANCE DETECTED
2026-05-29 23:29:24,190 | ⚠ POSSIBLE PORT SCAN DETECTED
2026-05-29 23:29:24,468 | ⚠ HOST DOMINANCE DETECTED
2026-05-29 23:29:24,468 | ⚠ POSSIBLE PORT SCAN DETECTED
2026-05-29 23:29:25,192 | ⚠ HOST DOMINANCE DETECTED
2026-05-29 23:29:25,193 | ⚠ POSSIBLE PORT SCAN DETECTED
2026-05-29 23:29:26,195 | ⚠ HOST DOMINANCE DETECTED
2026-05-29 23:29:26,195 | ⚠ POSSIBLE PORT SCAN DETECTED
2026-05-29 23:29:26,772 | ⚠ HOST DOMINANCE DETECTED
2026-05-29 23:29:26,772 | ⚠ POSSIBLE PORT SCAN DETECTED
2026-05-29 23:29:27,199 | ⚠ HOST DOMINANCE DETECTED
2026-05-29 23:29:27,203 | ⚠ POSSIBLE PORT SCAN DETECTED
2026-05-29 23:29:28,205 | ⚠ HOST DOMINANCE DETECTED
2026-05-29 23:29:28,206 | ⚠ POSSIBLE PORT SCAN DETECTED
2026-05-29 23:29:29,208 | ⚠ HOST DOMINANCE DETECTED
2026-05-29 23:29:29,209 | ⚠ POSSIBLE PORT SCAN DETECTED
2026-05-29 23:29:29,474 | ⚠ HOST DOMINANCE DETECTED
2026-05-29 23:29:29,474 | ⚠ POSSIBLE PORT SCAN DETECTED
2026-05-29 23:29:30,212 | ⚠ HOST DOMINANCE DETECTED
2026-05-29 23:29:30,212 | ⚠ POSSIBLE PORT SCAN DETECTED
2026-05-29 23:29:31,214 | ⚠ HOST DOMINANCE DETECTED
2026-05-29 23:29:31,214 | ⚠ POSSIBLE PORT SCAN DETECTED
2026-05-29 23:29:32,216 | ⚠ HOST DOMINANCE DETECTED
2026-05-29 23:29:32,217 | ⚠ POSSIBLE PORT SCAN DETECTED
2026-05-29 23:29:33,220 | ⚠ HOST DOMINANCE DETECTED
2026-05-29 23:29:33,221 | ⚠ POSSIBLE PORT SCAN DETECTED
2026-05-29 23:29:34,224 | ⚠ HOST DOMINANCE DETECTED
2026-05-29 23:29:34,224 | ⚠ POSSIBLE PORT SCAN DETECTED
2026-05-29 23:29:34,483 | ⚠ HOST DOMINANCE DETECTED
2026-05-29 23:29:34,483 | ⚠ POSSIBLE PORT SCAN DETECTED
2026-05-29 23:29:35,226 | ⚠ HOST DOMINANCE DETECTED
2026-05-29 23:29:35,227 | ⚠ POSSIBLE PORT SCAN DETECTED
2026-05-29 23:29:36,229 | ⚠ HOST DOMINANCE DETECTED
2026-05-29 23:29:36,229 | ⚠ POSSIBLE PORT SCAN DETECTED
2026-05-29 23:29:37,231 | ⚠ HOST DOMINANCE DETECTED
2026-05-29 23:29:37,231 | ⚠ POSSIBLE PORT SCAN DETECTED
2026-05-29 23:29:38,234 | ⚠ HOST DOMINANCE DETECTED
2026-05-29 23:29:38,234 | ⚠ POSSIBLE PORT SCAN DETECTED
2026-05-29 23:29:39,237 | ⚠ HOST DOMINANCE DETECTED
2026-05-29 23:29:39,237 | ⚠ POSSIBLE PORT SCAN DETECTED
2026-05-29 23:29:39,492 | ⚠ HOST DOMINANCE DETECTED
2026-05-29 23:29:39,492 | ⚠ POSSIBLE PORT SCAN DETECTED
2026-05-29 23:29:40,239 | ⚠ HOST DOMINANCE DETECTED
2026-05-29 23:29:40,239 | ⚠ POSSIBLE PORT SCAN DETECTED
2026-05-29 23:29:41,242 | ⚠ HOST DOMINANCE DETECTED
2026-05-29 23:29:41,243 | ⚠ POSSIBLE PORT SCAN DETECTED
2026-05-29 23:29:42,248 | ⚠ HOST DOMINANCE DETECTED
2026-05-29 23:29:42,248 | ⚠ POSSIBLE PORT SCAN DETECTED
2026-05-29 23:29:43,251 | ⚠ HOST DOMINANCE DETECTED
2026-05-29 23:29:43,251 | ⚠ POSSIBLE PORT SCAN DETECTED
2026-05-29 23:29:44,254 | ⚠ HOST DOMINANCE DETECTED
2026-05-29 23:29:44,255 | ⚠ POSSIBLE PORT SCAN DETECTED
2026-05-29 23:29:44,502 | ⚠ HOST DOMINANCE DETECTED
2026-05-29 23:29:44,502 | ⚠ POSSIBLE PORT SCAN DETECTED
2026-05-29 23:29:45,258 | ⚠ HOST DOMINANCE DETECTED
2026-05-29 23:29:45,258 | ⚠ POSSIBLE PORT SCAN DETECTED
2026-05-29 23:29:46,261 | ⚠ HOST DOMINANCE DETECTED
2026-05-29 23:29:46,261 | ⚠ POSSIBLE PORT SCAN DETECTED
2026-05-29 23:29:47,263 | ⚠ HOST DOMINANCE DETECTED
2026-05-29 23:29:47,264 | ⚠ POSSIBLE PORT SCAN DETECTED
2026-05-29 23:29:48,268 | ⚠ HOST DOMINANCE DETECTED
2026-05-29 23:29:48,268 | ⚠ POSSIBLE PORT SCAN DETECTED
2026-05-29 23:29:49,271 | ⚠ HOST DOMINANCE DETECTED
2026-05-29 23:29:49,271 | ⚠ POSSIBLE PORT SCAN DETECTED
2026-05-29 23:29:49,516 | ⚠ HOST DOMINANCE DETECTED
2026-05-29 23:29:49,517 | ⚠ POSSIBLE PORT SCAN DETECTED
2026-05-29 23:29:50,273 | ⚠ HOST DOMINANCE DETECTED
2026-05-29 23:29:50,274 | ⚠ POSSIBLE PORT SCAN DETECTED
2026-05-29 23:29:51,280 | ⚠ HOST DOMINANCE DETECTED
2026-05-29 23:29:51,281 | ⚠ POSSIBLE PORT SCAN DETECTED
2026-05-29 23:29:52,284 | ⚠ HOST DOMINANCE DETECTED
2026-05-29 23:29:52,284 | ⚠ POSSIBLE PORT SCAN DETECTED
2026-05-29 23:29:53,289 | ⚠ HOST DOMINANCE DETECTED
2026-05-29 23:29:53,289 | ⚠ POSSIBLE PORT SCAN DETECTED
2026-05-29 23:29:54,292 | ⚠ HOST DOMINANCE DETECTED
2026-05-29 23:29:54,292 | ⚠ POSSIBLE PORT SCAN DETECTED
2026-05-29 23:29:54,532 | ⚠ HOST DOMINANCE DETECTED
2026-05-29 23:29:54,533 | ⚠ POSSIBLE PORT SCAN DETECTED
2026-05-29 23:29:55,296 | ⚠ HOST DOMINANCE DETECTED
2026-05-29 23:29:55,297 | ⚠ POSSIBLE PORT SCAN DETECTED
2026-05-29 23:29:56,302 | ⚠ HOST DOMINANCE DETECTED
2026-05-29 23:29:56,303 | ⚠ POSSIBLE PORT SCAN DETECTED
2026-05-29 23:29:57,307 | ⚠ HOST DOMINANCE DETECTED
2026-05-29 23:29:57,308 | ⚠ POSSIBLE PORT SCAN DETECTED
2026-05-29 23:29:57,449 | ⚠ HOST DOMINANCE DETECTED
2026-05-29 23:29:57,449 | ⚠ POSSIBLE PORT SCAN DETECTED
2026-05-29 23:29:58,312 | ⚠ HOST DOMINANCE DETECTED
2026-05-29 23:29:58,312 | ⚠ POSSIBLE PORT SCAN DETECTED
2026-05-29 23:29:59,321 | ⚠ HOST DOMINANCE DETECTED
2026-05-29 23:29:59,322 | ⚠ POSSIBLE PORT SCAN DETECTED
2026-05-29 23:29:59,537 | ⚠ BANDWIDTH SPIKE DETECTED
2026-05-29 23:29:59,538 | ⚠ HOST DOMINANCE DETECTED
2026-05-29 23:29:59,538 | ⚠ POSSIBLE PORT SCAN DETECTED
2026-05-29 23:30:00,325 | ⚠ HOST DOMINANCE DETECTED
2026-05-29 23:30:00,327 | ⚠ POSSIBLE PORT SCAN DETECTED
2026-05-29 23:30:01,330 | ⚠ HOST DOMINANCE DETECTED
2026-05-29 23:30:01,330 | ⚠ POSSIBLE PORT SCAN DETECTED
2026-05-29 23:30:02,334 | ⚠ HOST DOMINANCE DETECTED
2026-05-29 23:30:02,334 | ⚠ POSSIBLE PORT SCAN DETECTED
2026-05-29 23:30:03,336 | ⚠ HOST DOMINANCE DETECTED
2026-05-29 23:30:03,337 | ⚠ POSSIBLE PORT SCAN DETECTED
2026-05-29 23:30:04,340 | ⚠ HOST DOMINANCE DETECTED
2026-05-29 23:30:04,340 | ⚠ POSSIBLE PORT SCAN DETECTED
2026-05-29 23:30:04,545 | ⚠ BANDWIDTH SPIKE DETECTED
2026-05-29 23:30:04,545 | ⚠ HOST DOMINANCE DETECTED
2026-05-29 23:30:04,546 | ⚠ POSSIBLE PORT SCAN DETECTED
2026-05-29 23:30:05,344 | ⚠ HOST DOMINANCE DETECTED
2026-05-29 23:30:05,345 | ⚠ POSSIBLE PORT SCAN DETECTED
2026-05-29 23:30:06,348 | ⚠ HOST DOMINANCE DETECTED
2026-05-29 23:30:06,349 | ⚠ POSSIBLE PORT SCAN DETECTED
2026-05-29 23:30:07,369 | ⚠ HOST DOMINANCE DETECTED
2026-05-29 23:30:07,374 | ⚠ POSSIBLE PORT SCAN DETECTED
2026-05-29 23:30:08,381 | ⚠ HOST DOMINANCE DETECTED
2026-05-29 23:30:08,381 | ⚠ POSSIBLE PORT SCAN DETECTED
2026-05-29 23:30:09,386 | ⚠ HOST DOMINANCE DETECTED
2026-05-29 23:30:09,386 | ⚠ POSSIBLE PORT SCAN DETECTED
2026-05-29 23:30:09,554 | ⚠ HOST DOMINANCE DETECTED
2026-05-29 23:30:09,555 | ⚠ POSSIBLE PORT SCAN DETECTED
2026-05-29 23:30:10,390 | ⚠ HOST DOMINANCE DETECTED
2026-05-29 23:30:10,390 | ⚠ POSSIBLE PORT SCAN DETECTED
2026-05-29 23:30:11,393 | ⚠ HOST DOMINANCE DETECTED
2026-05-29 23:30:11,393 | ⚠ POSSIBLE PORT SCAN DETECTED
2026-05-29 23:30:12,396 | ⚠ HOST DOMINANCE DETECTED
2026-05-29 23:30:12,396 | ⚠ POSSIBLE PORT SCAN DETECTED
2026-05-29 23:30:13,398 | ⚠ HOST DOMINANCE DETECTED
2026-05-29 23:30:13,398 | ⚠ POSSIBLE PORT SCAN DETECTED
2026-05-29 23:30:14,401 | ⚠ HOST DOMINANCE DETECTED
2026-05-29 23:30:14,402 | ⚠ POSSIBLE PORT SCAN DETECTED
2026-05-29 23:30:14,565 | ⚠ HOST DOMINANCE DETECTED
2026-05-29 23:30:14,565 | ⚠ POSSIBLE PORT SCAN DETECTED
2026-05-29 23:30:15,405 | ⚠ HOST DOMINANCE DETECTED
2026-05-29 23:30:15,406 | ⚠ POSSIBLE PORT SCAN DETECTED
2026-05-29 23:30:16,409 | ⚠ HOST DOMINANCE DETECTED
2026-05-29 23:30:16,409 | ⚠ POSSIBLE PORT SCAN DETECTED
2026-05-29 23:30:17,412 | ⚠ HOST DOMINANCE DETECTED
2026-05-29 23:30:17,412 | ⚠ POSSIBLE PORT SCAN DETECTED
2026-05-29 23:30:18,415 | ⚠ HOST DOMINANCE DETECTED
2026-05-29 23:30:18,415 | ⚠ POSSIBLE PORT SCAN DETECTED
2026-05-29 23:30:19,418 | ⚠ HOST DOMINANCE DETECTED
2026-05-29 23:30:19,418 | ⚠ POSSIBLE PORT SCAN DETECTED
2026-05-29 23:30:19,573 | ⚠ HOST DOMINANCE DETECTED
2026-05-29 23:30:19,574 | ⚠ POSSIBLE PORT SCAN DETECTED
2026-05-29 23:30:20,421 | ⚠ HOST DOMINANCE DETECTED
2026-05-29 23:30:20,422 | ⚠ POSSIBLE PORT SCAN DETECTED
2026-05-29 23:30:21,426 | ⚠ HOST DOMINANCE DETECTED
2026-05-29 23:30:21,426 | ⚠ POSSIBLE PORT SCAN DETECTED
2026-05-29 23:30:22,430 | ⚠ HOST DOMINANCE DETECTED
2026-05-29 23:30:22,431 | ⚠ POSSIBLE PORT SCAN DETECTED
2026-05-29 23:30:23,435 | ⚠ HOST DOMINANCE DETECTED
2026-05-29 23:30:23,436 | ⚠ POSSIBLE PORT SCAN DETECTED
2026-05-29 23:30:24,075 | ⚠ HOST DOMINANCE DETECTED
2026-05-29 23:30:24,086 | ⚠ POSSIBLE PORT SCAN DETECTED
2026-05-29 23:30:24,438 | ⚠ HOST DOMINANCE DETECTED
2026-05-29 23:30:24,439 | ⚠ POSSIBLE PORT SCAN DETECTED
2026-05-29 23:30:24,588 | ⚠ HOST DOMINANCE DETECTED
2026-05-29 23:30:24,589 | ⚠ POSSIBLE PORT SCAN DETECTED
2026-05-29 23:30:25,442 | ⚠ HOST DOMINANCE DETECTED
2026-05-29 23:30:25,442 | ⚠ POSSIBLE PORT SCAN DETECTED
2026-05-29 23:30:26,445 | ⚠ HOST DOMINANCE DETECTED
2026-05-29 23:30:26,446 | ⚠ POSSIBLE PORT SCAN DETECTED
2026-05-29 23:30:27,452 | ⚠ HOST DOMINANCE DETECTED
2026-05-29 23:30:27,454 | ⚠ POSSIBLE PORT SCAN DETECTED
2026-05-29 23:30:28,245 | ⚠ HOST DOMINANCE DETECTED
2026-05-29 23:30:28,246 | ⚠ POSSIBLE PORT SCAN DETECTED
2026-05-29 23:30:28,457 | ⚠ HOST DOMINANCE DETECTED
2026-05-29 23:30:28,457 | ⚠ POSSIBLE PORT SCAN DETECTED
2026-05-29 23:30:29,460 | ⚠ HOST DOMINANCE DETECTED
2026-05-29 23:30:29,460 | ⚠ POSSIBLE PORT SCAN DETECTED
2026-05-29 23:30:29,597 | ⚠ BANDWIDTH SPIKE DETECTED
2026-05-29 23:30:29,599 | ⚠ HOST DOMINANCE DETECTED
2026-05-29 23:30:29,600 | ⚠ POSSIBLE PORT SCAN DETECTED
2026-05-29 23:30:30,462 | ⚠ HOST DOMINANCE DETECTED
2026-05-29 23:30:30,462 | ⚠ POSSIBLE PORT SCAN DETECTED
2026-05-29 23:30:31,464 | ⚠ HOST DOMINANCE DETECTED
2026-05-29 23:30:31,464 | ⚠ POSSIBLE PORT SCAN DETECTED
2026-05-29 23:30:32,467 | ⚠ HOST DOMINANCE DETECTED
2026-05-29 23:30:32,468 | ⚠ POSSIBLE PORT SCAN DETECTED
2026-05-29 23:30:32,721 | ⚠ HOST DOMINANCE DETECTED
2026-05-29 23:30:32,721 | ⚠ POSSIBLE PORT SCAN DETECTED
2026-05-29 23:30:33,473 | ⚠ HOST DOMINANCE DETECTED
2026-05-29 23:30:33,475 | ⚠ POSSIBLE PORT SCAN DETECTED
2026-05-29 23:30:34,481 | ⚠ HOST DOMINANCE DETECTED
2026-05-29 23:30:34,482 | ⚠ POSSIBLE PORT SCAN DETECTED
2026-05-29 23:30:34,614 | ⚠ HOST DOMINANCE DETECTED
2026-05-29 23:30:34,614 | ⚠ POSSIBLE PORT SCAN DETECTED
2026-05-29 23:30:35,485 | ⚠ HOST DOMINANCE DETECTED
2026-05-29 23:30:35,486 | ⚠ POSSIBLE PORT SCAN DETECTED
2026-05-29 23:30:36,488 | ⚠ HOST DOMINANCE DETECTED
2026-05-29 23:30:36,488 | ⚠ POSSIBLE PORT SCAN DETECTED
2026-05-29 23:30:37,490 | ⚠ HOST DOMINANCE DETECTED
2026-05-29 23:30:37,490 | ⚠ POSSIBLE PORT SCAN DETECTED
2026-05-29 23:30:38,495 | ⚠ HOST DOMINANCE DETECTED
2026-05-29 23:30:38,495 | ⚠ POSSIBLE PORT SCAN DETECTED
2026-05-29 23:30:39,499 | ⚠ HOST DOMINANCE DETECTED
2026-05-29 23:30:39,499 | ⚠ POSSIBLE PORT SCAN DETECTED
2026-05-29 23:30:39,623 | ⚠ HOST DOMINANCE DETECTED
2026-05-29 23:30:39,623 | ⚠ POSSIBLE PORT SCAN DETECTED
2026-05-29 23:30:40,503 | ⚠ HOST DOMINANCE DETECTED
2026-05-29 23:30:40,503 | ⚠ POSSIBLE PORT SCAN DETECTED
2026-05-29 23:30:41,505 | ⚠ HOST DOMINANCE DETECTED
2026-05-29 23:30:41,505 | ⚠ POSSIBLE PORT SCAN DETECTED
2026-05-29 23:30:42,508 | ⚠ HOST DOMINANCE DETECTED
2026-05-29 23:30:42,509 | ⚠ POSSIBLE PORT SCAN DETECTED
2026-05-29 23:30:43,513 | ⚠ HOST DOMINANCE DETECTED
2026-05-29 23:30:43,513 | ⚠ POSSIBLE PORT SCAN DETECTED
2026-05-29 23:30:44,515 | ⚠ HOST DOMINANCE DETECTED
2026-05-29 23:30:44,516 | ⚠ POSSIBLE PORT SCAN DETECTED
2026-05-29 23:30:44,628 | ⚠ HOST DOMINANCE DETECTED
2026-05-29 23:30:44,628 | ⚠ POSSIBLE PORT SCAN DETECTED
2026-05-29 23:30:45,519 | ⚠ HOST DOMINANCE DETECTED
2026-05-29 23:30:45,519 | ⚠ POSSIBLE PORT SCAN DETECTED
2026-05-29 23:30:46,522 | ⚠ HOST DOMINANCE DETECTED
2026-05-29 23:30:46,522 | ⚠ POSSIBLE PORT SCAN DETECTED
2026-05-29 23:30:47,524 | ⚠ HOST DOMINANCE DETECTED
2026-05-29 23:30:47,524 | ⚠ POSSIBLE PORT SCAN DETECTED
2026-05-29 23:30:48,528 | ⚠ HOST DOMINANCE DETECTED
2026-05-29 23:30:48,528 | ⚠ POSSIBLE PORT SCAN DETECTED
2026-05-29 23:30:49,532 | ⚠ HOST DOMINANCE DETECTED
2026-05-29 23:30:49,532 | ⚠ POSSIBLE PORT SCAN DETECTED
2026-05-29 23:30:49,637 | ⚠ HOST DOMINANCE DETECTED
2026-05-29 23:30:49,637 | ⚠ POSSIBLE PORT SCAN DETECTED
2026-05-29 23:30:50,536 | ⚠ HOST DOMINANCE DETECTED
2026-05-29 23:30:50,536 | ⚠ POSSIBLE PORT SCAN DETECTED
2026-05-29 23:30:51,540 | ⚠ HOST DOMINANCE DETECTED
2026-05-29 23:30:51,541 | ⚠ POSSIBLE PORT SCAN DETECTED
2026-05-29 23:30:52,543 | ⚠ HOST DOMINANCE DETECTED
2026-05-29 23:30:52,543 | ⚠ POSSIBLE PORT SCAN DETECTED
2026-05-29 23:30:53,547 | ⚠ HOST DOMINANCE DETECTED
2026-05-29 23:30:53,547 | ⚠ POSSIBLE PORT SCAN DETECTED
2026-05-29 23:30:54,551 | ⚠ HOST DOMINANCE DETECTED
2026-05-29 23:30:54,552 | ⚠ POSSIBLE PORT SCAN DETECTED
2026-05-29 23:30:54,648 | ⚠ HOST DOMINANCE DETECTED
2026-05-29 23:30:54,649 | ⚠ POSSIBLE PORT SCAN DETECTED
2026-05-29 23:30:55,557 | ⚠ HOST DOMINANCE DETECTED
2026-05-29 23:30:55,557 | ⚠ POSSIBLE PORT SCAN DETECTED
2026-05-29 23:30:56,034 | ⚠ HOST DOMINANCE DETECTED
2026-05-29 23:30:56,036 | ⚠ POSSIBLE PORT SCAN DETECTED
2026-05-29 23:30:56,561 | ⚠ HOST DOMINANCE DETECTED
2026-05-29 23:30:56,561 | ⚠ POSSIBLE PORT SCAN DETECTED
2026-05-29 23:30:57,564 | ⚠ HOST DOMINANCE DETECTED
2026-05-29 23:30:57,565 | ⚠ POSSIBLE PORT SCAN DETECTED
2026-05-29 23:30:58,567 | ⚠ HOST DOMINANCE DETECTED
2026-05-29 23:30:58,567 | ⚠ POSSIBLE PORT SCAN DETECTED
2026-05-29 23:30:59,112 | ⚠ HOST DOMINANCE DETECTED
2026-05-29 23:30:59,113 | ⚠ POSSIBLE PORT SCAN DETECTED
2026-05-29 23:30:59,568 | ⚠ HOST DOMINANCE DETECTED
2026-05-29 23:30:59,568 | ⚠ POSSIBLE PORT SCAN DETECTED
2026-05-29 23:30:59,652 | ⚠ HOST DOMINANCE DETECTED
2026-05-29 23:30:59,652 | ⚠ POSSIBLE PORT SCAN DETECTED
2026-05-29 23:31:00,571 | ⚠ HOST DOMINANCE DETECTED
2026-05-29 23:31:00,571 | ⚠ POSSIBLE PORT SCAN DETECTED
2026-05-29 23:31:01,079 | ⚠ HOST DOMINANCE DETECTED
2026-05-29 23:31:01,079 | ⚠ POSSIBLE PORT SCAN DETECTED
2026-05-29 23:31:01,574 | ⚠ HOST DOMINANCE DETECTED
2026-05-29 23:31:01,575 | ⚠ POSSIBLE PORT SCAN DETECTED
2026-05-29 23:31:02,576 | ⚠ HOST DOMINANCE DETECTED
2026-05-29 23:31:02,576 | ⚠ POSSIBLE PORT SCAN DETECTED
2026-05-29 23:31:03,578 | ⚠ HOST DOMINANCE DETECTED
2026-05-29 23:31:03,578 | ⚠ POSSIBLE PORT SCAN DETECTED
2026-05-29 23:31:04,582 | ⚠ HOST DOMINANCE DETECTED
2026-05-29 23:31:04,582 | ⚠ POSSIBLE PORT SCAN DETECTED
2026-05-29 23:31:04,660 | ⚠ HOST DOMINANCE DETECTED
2026-05-29 23:31:04,661 | ⚠ POSSIBLE PORT SCAN DETECTED
2026-05-29 23:31:05,585 | ⚠ HOST DOMINANCE DETECTED
2026-05-29 23:31:05,585 | ⚠ POSSIBLE PORT SCAN DETECTED
2026-05-29 23:31:06,179 | ⚠ HOST DOMINANCE DETECTED
2026-05-29 23:31:06,180 | ⚠ POSSIBLE PORT SCAN DETECTED
2026-05-29 23:31:06,588 | ⚠ HOST DOMINANCE DETECTED
2026-05-29 23:31:06,588 | ⚠ POSSIBLE PORT SCAN DETECTED
2026-05-29 23:31:07,589 | ⚠ HOST DOMINANCE DETECTED
2026-05-29 23:31:07,590 | ⚠ POSSIBLE PORT SCAN DETECTED
2026-05-29 23:31:08,593 | ⚠ HOST DOMINANCE DETECTED
2026-05-29 23:31:08,593 | ⚠ POSSIBLE PORT SCAN DETECTED
2026-05-29 23:31:09,595 | ⚠ HOST DOMINANCE DETECTED
2026-05-29 23:31:09,596 | ⚠ POSSIBLE PORT SCAN DETECTED
2026-05-29 23:31:09,677 | ⚠ HOST DOMINANCE DETECTED
2026-05-29 23:31:09,678 | ⚠ POSSIBLE PORT SCAN DETECTED
2026-05-29 23:31:10,598 | ⚠ HOST DOMINANCE DETECTED
2026-05-29 23:31:10,598 | ⚠ POSSIBLE PORT SCAN DETECTED
2026-05-29 23:31:11,217 | ⚠ HOST DOMINANCE DETECTED
2026-05-29 23:31:11,217 | ⚠ POSSIBLE PORT SCAN DETECTED
2026-05-29 23:31:11,600 | ⚠ HOST DOMINANCE DETECTED
2026-05-29 23:31:11,601 | ⚠ POSSIBLE PORT SCAN DETECTED
2026-05-29 23:31:12,603 | ⚠ HOST DOMINANCE DETECTED
2026-05-29 23:31:12,604 | ⚠ POSSIBLE PORT SCAN DETECTED
2026-05-29 23:31:13,608 | ⚠ HOST DOMINANCE DETECTED
2026-05-29 23:31:13,608 | ⚠ POSSIBLE PORT SCAN DETECTED
2026-05-29 23:31:14,614 | ⚠ HOST DOMINANCE DETECTED
2026-05-29 23:31:14,614 | ⚠ POSSIBLE PORT SCAN DETECTED
2026-05-29 23:31:14,681 | ⚠ HOST DOMINANCE DETECTED
2026-05-29 23:31:14,682 | ⚠ POSSIBLE PORT SCAN DETECTED
2026-05-29 23:31:15,618 | ⚠ HOST DOMINANCE DETECTED
2026-05-29 23:31:15,618 | ⚠ POSSIBLE PORT SCAN DETECTED
2026-05-29 23:31:16,623 | ⚠ HOST DOMINANCE DETECTED
2026-05-29 23:31:16,623 | ⚠ POSSIBLE PORT SCAN DETECTED
2026-05-29 23:31:17,628 | ⚠ HOST DOMINANCE DETECTED
2026-05-29 23:31:17,629 | ⚠ POSSIBLE PORT SCAN DETECTED
2026-05-29 23:31:18,635 | ⚠ HOST DOMINANCE DETECTED
2026-05-29 23:31:18,635 | ⚠ POSSIBLE PORT SCAN DETECTED
2026-05-29 23:31:19,638 | ⚠ HOST DOMINANCE DETECTED
2026-05-29 23:31:19,638 | ⚠ POSSIBLE PORT SCAN DETECTED
2026-05-29 23:31:19,705 | ⚠ HOST DOMINANCE DETECTED
2026-05-29 23:31:19,705 | ⚠ POSSIBLE PORT SCAN DETECTED
2026-05-29 23:31:20,642 | ⚠ HOST DOMINANCE DETECTED
2026-05-29 23:31:20,642 | ⚠ POSSIBLE PORT SCAN DETECTED
2026-05-29 23:31:21,644 | ⚠ HOST DOMINANCE DETECTED
2026-05-29 23:31:21,644 | ⚠ POSSIBLE PORT SCAN DETECTED
2026-05-29 23:31:22,647 | ⚠ HOST DOMINANCE DETECTED
2026-05-29 23:31:22,648 | ⚠ POSSIBLE PORT SCAN DETECTED
2026-05-29 23:31:23,652 | ⚠ HOST DOMINANCE DETECTED
2026-05-29 23:31:23,652 | ⚠ POSSIBLE PORT SCAN DETECTED
2026-05-29 23:31:24,653 | ⚠ HOST DOMINANCE DETECTED
2026-05-29 23:31:24,653 | ⚠ POSSIBLE PORT SCAN DETECTED
2026-05-29 23:31:24,718 | ⚠ HOST DOMINANCE DETECTED
2026-05-29 23:31:24,719 | ⚠ POSSIBLE PORT SCAN DETECTED
2026-05-29 23:31:25,655 | ⚠ HOST DOMINANCE DETECTED
2026-05-29 23:31:25,656 | ⚠ POSSIBLE PORT SCAN DETECTED
2026-05-29 23:31:26,658 | ⚠ HOST DOMINANCE DETECTED
2026-05-29 23:31:26,658 | ⚠ POSSIBLE PORT SCAN DETECTED
2026-05-29 23:31:27,661 | ⚠ HOST DOMINANCE DETECTED
2026-05-29 23:31:27,662 | ⚠ POSSIBLE PORT SCAN DETECTED
2026-05-29 23:31:28,665 | ⚠ HOST DOMINANCE DETECTED
2026-05-29 23:31:28,666 | ⚠ POSSIBLE PORT SCAN DETECTED
2026-05-29 23:31:29,668 | ⚠ HOST DOMINANCE DETECTED
2026-05-29 23:31:29,670 | ⚠ POSSIBLE PORT SCAN DETECTED
2026-05-29 23:31:29,733 | ⚠ HOST DOMINANCE DETECTED
2026-05-29 23:31:29,733 | ⚠ POSSIBLE PORT SCAN DETECTED
2026-05-29 23:31:30,094 | ⚠ HOST DOMINANCE DETECTED
2026-05-29 23:31:30,094 | ⚠ POSSIBLE PORT SCAN DETECTED
2026-05-29 23:31:30,673 | ⚠ HOST DOMINANCE DETECTED
2026-05-29 23:31:30,673 | ⚠ POSSIBLE PORT SCAN DETECTED
2026-05-29 23:31:31,675 | ⚠ HOST DOMINANCE DETECTED
2026-05-29 23:31:31,676 | ⚠ POSSIBLE PORT SCAN DETECTED
2026-05-29 23:31:32,679 | ⚠ HOST DOMINANCE DETECTED
2026-05-29 23:31:32,680 | ⚠ POSSIBLE PORT SCAN DETECTED
2026-05-29 23:31:33,688 | ⚠ HOST DOMINANCE DETECTED
2026-05-29 23:31:33,696 | ⚠ POSSIBLE PORT SCAN DETECTED
2026-05-29 23:31:34,708 | ⚠ HOST DOMINANCE DETECTED
2026-05-29 23:31:34,708 | ⚠ POSSIBLE PORT SCAN DETECTED
2026-05-29 23:31:34,741 | ⚠ HOST DOMINANCE DETECTED
2026-05-29 23:31:34,743 | ⚠ POSSIBLE PORT SCAN DETECTED
2026-05-29 23:31:35,711 | ⚠ HOST DOMINANCE DETECTED
2026-05-29 23:31:35,711 | ⚠ POSSIBLE PORT SCAN DETECTED
2026-05-29 23:31:36,714 | ⚠ HOST DOMINANCE DETECTED
2026-05-29 23:31:36,717 | ⚠ POSSIBLE PORT SCAN DETECTED
2026-05-29 23:31:37,719 | ⚠ HOST DOMINANCE DETECTED
2026-05-29 23:31:37,720 | ⚠ POSSIBLE PORT SCAN DETECTED
2026-05-29 23:31:38,724 | ⚠ HOST DOMINANCE DETECTED
2026-05-29 23:31:38,725 | ⚠ POSSIBLE PORT SCAN DETECTED
2026-05-29 23:31:39,730 | ⚠ HOST DOMINANCE DETECTED
2026-05-29 23:31:39,730 | ⚠ POSSIBLE PORT SCAN DETECTED
2026-05-29 23:31:39,760 | ⚠ HOST DOMINANCE DETECTED
2026-05-29 23:31:39,761 | ⚠ POSSIBLE PORT SCAN DETECTED
2026-05-29 23:31:40,733 | ⚠ HOST DOMINANCE DETECTED
2026-05-29 23:31:40,734 | ⚠ POSSIBLE PORT SCAN DETECTED
2026-05-29 23:31:41,738 | ⚠ HOST DOMINANCE DETECTED
2026-05-29 23:31:41,739 | ⚠ POSSIBLE PORT SCAN DETECTED
2026-05-29 23:31:42,743 | ⚠ HOST DOMINANCE DETECTED
2026-05-29 23:31:42,744 | ⚠ POSSIBLE PORT SCAN DETECTED
2026-05-29 23:31:43,747 | ⚠ HOST DOMINANCE DETECTED
2026-05-29 23:31:43,748 | ⚠ POSSIBLE PORT SCAN DETECTED
2026-05-29 23:31:44,752 | ⚠ HOST DOMINANCE DETECTED
2026-05-29 23:31:44,752 | ⚠ POSSIBLE PORT SCAN DETECTED
2026-05-29 23:31:44,774 | ⚠ HOST DOMINANCE DETECTED
2026-05-29 23:31:44,774 | ⚠ POSSIBLE PORT SCAN DETECTED
2026-05-29 23:31:45,755 | ⚠ HOST DOMINANCE DETECTED
2026-05-29 23:31:45,755 | ⚠ POSSIBLE PORT SCAN DETECTED
2026-05-29 23:31:46,759 | ⚠ HOST DOMINANCE DETECTED
2026-05-29 23:31:46,759 | ⚠ POSSIBLE PORT SCAN DETECTED
2026-05-29 23:31:47,763 | ⚠ HOST DOMINANCE DETECTED
2026-05-29 23:31:47,764 | ⚠ POSSIBLE PORT SCAN DETECTED
2026-05-29 23:31:48,767 | ⚠ HOST DOMINANCE DETECTED
2026-05-29 23:31:48,767 | ⚠ POSSIBLE PORT SCAN DETECTED
2026-05-29 23:31:49,770 | ⚠ HOST DOMINANCE DETECTED
2026-05-29 23:31:49,771 | ⚠ POSSIBLE PORT SCAN DETECTED
2026-05-29 23:31:49,783 | ⚠ HOST DOMINANCE DETECTED
2026-05-29 23:31:49,785 | ⚠ POSSIBLE PORT SCAN DETECTED
2026-05-29 23:31:50,776 | ⚠ HOST DOMINANCE DETECTED
2026-05-29 23:31:50,776 | ⚠ POSSIBLE PORT SCAN DETECTED
2026-05-29 23:31:51,781 | ⚠ HOST DOMINANCE DETECTED
2026-05-29 23:31:51,781 | ⚠ POSSIBLE PORT SCAN DETECTED
2026-05-29 23:31:52,789 | ⚠ HOST DOMINANCE DETECTED
2026-05-29 23:31:52,789 | ⚠ POSSIBLE PORT SCAN DETECTED
2026-05-29 23:31:53,792 | ⚠ HOST DOMINANCE DETECTED
2026-05-29 23:31:53,792 | ⚠ POSSIBLE PORT SCAN DETECTED
2026-05-29 23:31:54,799 | ⚠ HOST DOMINANCE DETECTED
2026-05-29 23:31:54,801 | ⚠ POSSIBLE PORT SCAN DETECTED
2026-05-29 23:31:54,801 | ⚠ HOST DOMINANCE DETECTED
2026-05-29 23:31:54,803 | ⚠ POSSIBLE PORT SCAN DETECTED
2026-05-29 23:31:55,813 | ⚠ HOST DOMINANCE DETECTED
2026-05-29 23:31:55,814 | ⚠ POSSIBLE PORT SCAN DETECTED
2026-05-29 23:31:56,082 | ⚠ HOST DOMINANCE DETECTED
2026-05-29 23:31:56,086 | ⚠ POSSIBLE PORT SCAN DETECTED
2026-05-29 23:31:56,469 | ⚠ HOST DOMINANCE DETECTED
2026-05-29 23:31:56,470 | ⚠ POSSIBLE PORT SCAN DETECTED
2026-05-29 23:31:56,819 | ⚠ HOST DOMINANCE DETECTED
2026-05-29 23:31:56,819 | ⚠ POSSIBLE PORT SCAN DETECTED
2026-05-29 23:31:57,825 | ⚠ HOST DOMINANCE DETECTED
2026-05-29 23:31:57,826 | ⚠ POSSIBLE PORT SCAN DETECTED
2026-05-29 23:31:58,830 | ⚠ HOST DOMINANCE DETECTED
2026-05-29 23:31:58,830 | ⚠ POSSIBLE PORT SCAN DETECTED
2026-05-29 23:31:59,819 | ⚠ HOST DOMINANCE DETECTED
2026-05-29 23:31:59,819 | ⚠ POSSIBLE PORT SCAN DETECTED
2026-05-29 23:31:59,834 | ⚠ HOST DOMINANCE DETECTED
2026-05-29 23:31:59,834 | ⚠ POSSIBLE PORT SCAN DETECTED
2026-05-29 23:32:00,778 | ⚠ HOST DOMINANCE DETECTED
2026-05-29 23:32:00,779 | ⚠ POSSIBLE PORT SCAN DETECTED
2026-05-29 23:32:00,837 | ⚠ HOST DOMINANCE DETECTED
2026-05-29 23:32:00,838 | ⚠ POSSIBLE PORT SCAN DETECTED
2026-05-29 23:32:01,473 | ⚠ HOST DOMINANCE DETECTED
2026-05-29 23:32:01,473 | ⚠ POSSIBLE PORT SCAN DETECTED
2026-05-29 23:32:01,843 | ⚠ HOST DOMINANCE DETECTED
2026-05-29 23:32:01,843 | ⚠ POSSIBLE PORT SCAN DETECTED
2026-05-29 23:32:02,846 | ⚠ HOST DOMINANCE DETECTED
2026-05-29 23:32:02,848 | ⚠ POSSIBLE PORT SCAN DETECTED
2026-05-29 23:32:03,851 | ⚠ HOST DOMINANCE DETECTED
2026-05-29 23:32:03,851 | ⚠ POSSIBLE PORT SCAN DETECTED
2026-05-29 23:32:04,828 | ⚠ HOST DOMINANCE DETECTED
2026-05-29 23:32:04,828 | ⚠ POSSIBLE PORT SCAN DETECTED
2026-05-29 23:32:04,854 | ⚠ HOST DOMINANCE DETECTED
2026-05-29 23:32:04,855 | ⚠ POSSIBLE PORT SCAN DETECTED
2026-05-29 23:32:05,860 | ⚠ HOST DOMINANCE DETECTED
2026-05-29 23:32:05,861 | ⚠ POSSIBLE PORT SCAN DETECTED
2026-05-29 23:32:06,482 | ⚠ HOST DOMINANCE DETECTED
2026-05-29 23:32:06,483 | ⚠ POSSIBLE PORT SCAN DETECTED
2026-05-29 23:32:06,865 | ⚠ HOST DOMINANCE DETECTED
2026-05-29 23:32:06,866 | ⚠ POSSIBLE PORT SCAN DETECTED
2026-05-29 23:32:07,869 | ⚠ HOST DOMINANCE DETECTED
2026-05-29 23:32:07,870 | ⚠ POSSIBLE PORT SCAN DETECTED
2026-05-29 23:32:08,873 | ⚠ HOST DOMINANCE DETECTED
2026-05-29 23:32:08,873 | ⚠ POSSIBLE PORT SCAN DETECTED
2026-05-29 23:32:09,837 | ⚠ HOST DOMINANCE DETECTED
2026-05-29 23:32:09,837 | ⚠ POSSIBLE PORT SCAN DETECTED
2026-05-29 23:32:09,877 | ⚠ HOST DOMINANCE DETECTED
2026-05-29 23:32:09,877 | ⚠ POSSIBLE PORT SCAN DETECTED
2026-05-29 23:32:10,879 | ⚠ HOST DOMINANCE DETECTED
2026-05-29 23:32:10,879 | ⚠ POSSIBLE PORT SCAN DETECTED
2026-05-29 23:32:11,473 | ⚠ HOST DOMINANCE DETECTED
2026-05-29 23:32:11,473 | ⚠ POSSIBLE PORT SCAN DETECTED
2026-05-29 23:32:11,882 | ⚠ HOST DOMINANCE DETECTED
2026-05-29 23:32:11,882 | ⚠ POSSIBLE PORT SCAN DETECTED
2026-05-29 23:32:12,885 | ⚠ HOST DOMINANCE DETECTED
2026-05-29 23:32:12,886 | ⚠ POSSIBLE PORT SCAN DETECTED
2026-05-29 23:32:13,889 | ⚠ HOST DOMINANCE DETECTED
2026-05-29 23:32:13,890 | ⚠ POSSIBLE PORT SCAN DETECTED
2026-05-29 23:32:14,843 | ⚠ HOST DOMINANCE DETECTED
2026-05-29 23:32:14,843 | ⚠ POSSIBLE PORT SCAN DETECTED
2026-05-29 23:32:14,896 | ⚠ HOST DOMINANCE DETECTED
2026-05-29 23:32:14,897 | ⚠ POSSIBLE PORT SCAN DETECTED
2026-05-29 23:32:15,900 | ⚠ HOST DOMINANCE DETECTED
2026-05-29 23:32:15,900 | ⚠ POSSIBLE PORT SCAN DETECTED
2026-05-29 23:32:16,484 | ⚠ HOST DOMINANCE DETECTED
2026-05-29 23:32:16,487 | ⚠ POSSIBLE PORT SCAN DETECTED
2026-05-29 23:32:16,904 | ⚠ HOST DOMINANCE DETECTED
2026-05-29 23:32:16,905 | ⚠ POSSIBLE PORT SCAN DETECTED
2026-05-29 23:32:17,909 | ⚠ HOST DOMINANCE DETECTED
2026-05-29 23:32:17,909 | ⚠ POSSIBLE PORT SCAN DETECTED
2026-05-29 23:32:18,911 | ⚠ HOST DOMINANCE DETECTED
2026-05-29 23:32:18,911 | ⚠ POSSIBLE PORT SCAN DETECTED
2026-05-29 23:32:19,853 | ⚠ HOST DOMINANCE DETECTED
2026-05-29 23:32:19,854 | ⚠ POSSIBLE PORT SCAN DETECTED
2026-05-29 23:32:19,914 | ⚠ HOST DOMINANCE DETECTED
2026-05-29 23:32:19,914 | ⚠ POSSIBLE PORT SCAN DETECTED
2026-05-29 23:32:20,918 | ⚠ HOST DOMINANCE DETECTED
2026-05-29 23:32:20,919 | ⚠ POSSIBLE PORT SCAN DETECTED
2026-05-29 23:32:21,481 | ⚠ HOST DOMINANCE DETECTED
2026-05-29 23:32:21,481 | ⚠ POSSIBLE PORT SCAN DETECTED
2026-05-29 23:32:21,923 | ⚠ HOST DOMINANCE DETECTED
2026-05-29 23:32:21,924 | ⚠ POSSIBLE PORT SCAN DETECTED
2026-05-29 23:32:22,928 | ⚠ HOST DOMINANCE DETECTED
2026-05-29 23:32:22,928 | ⚠ POSSIBLE PORT SCAN DETECTED
2026-05-29 23:32:23,936 | ⚠ HOST DOMINANCE DETECTED
2026-05-29 23:32:23,936 | ⚠ POSSIBLE PORT SCAN DETECTED
2026-05-29 23:32:24,864 | ⚠ HOST DOMINANCE DETECTED
2026-05-29 23:32:24,864 | ⚠ POSSIBLE PORT SCAN DETECTED
2026-05-29 23:32:24,939 | ⚠ HOST DOMINANCE DETECTED
2026-05-29 23:32:24,940 | ⚠ POSSIBLE PORT SCAN DETECTED
2026-05-29 23:32:25,943 | ⚠ HOST DOMINANCE DETECTED
2026-05-29 23:32:25,944 | ⚠ POSSIBLE PORT SCAN DETECTED
2026-05-29 23:32:26,779 | ⚠ HOST DOMINANCE DETECTED
2026-05-29 23:32:26,779 | ⚠ POSSIBLE PORT SCAN DETECTED
2026-05-29 23:32:26,947 | ⚠ HOST DOMINANCE DETECTED
2026-05-29 23:32:26,947 | ⚠ POSSIBLE PORT SCAN DETECTED
2026-05-29 23:32:27,951 | ⚠ HOST DOMINANCE DETECTED
2026-05-29 23:32:27,952 | ⚠ POSSIBLE PORT SCAN DETECTED
2026-05-29 23:32:28,957 | ⚠ HOST DOMINANCE DETECTED
2026-05-29 23:32:28,958 | ⚠ POSSIBLE PORT SCAN DETECTED
2026-05-29 23:32:29,869 | ⚠ HOST DOMINANCE DETECTED
2026-05-29 23:32:29,869 | ⚠ POSSIBLE PORT SCAN DETECTED
2026-05-29 23:32:29,964 | ⚠ HOST DOMINANCE DETECTED
2026-05-29 23:32:29,965 | ⚠ POSSIBLE PORT SCAN DETECTED
2026-05-29 23:32:30,981 | ⚠ HOST DOMINANCE DETECTED
2026-05-29 23:32:30,981 | ⚠ POSSIBLE PORT SCAN DETECTED
2026-05-29 23:32:31,640 | ⚠ HOST DOMINANCE DETECTED
2026-05-29 23:32:31,640 | ⚠ POSSIBLE PORT SCAN DETECTED
2026-05-29 23:32:31,985 | ⚠ HOST DOMINANCE DETECTED
2026-05-29 23:32:31,985 | ⚠ POSSIBLE PORT SCAN DETECTED
2026-05-29 23:32:32,782 | ⚠ HOST DOMINANCE DETECTED
2026-05-29 23:32:32,782 | ⚠ POSSIBLE PORT SCAN DETECTED
2026-05-29 23:32:32,987 | ⚠ HOST DOMINANCE DETECTED
2026-05-29 23:32:32,987 | ⚠ POSSIBLE PORT SCAN DETECTED
2026-05-29 23:32:33,991 | ⚠ HOST DOMINANCE DETECTED
2026-05-29 23:32:33,991 | ⚠ POSSIBLE PORT SCAN DETECTED
2026-05-29 23:32:34,880 | ⚠ HOST DOMINANCE DETECTED
2026-05-29 23:32:34,883 | ⚠ POSSIBLE PORT SCAN DETECTED
2026-05-29 23:32:34,993 | ⚠ HOST DOMINANCE DETECTED
2026-05-29 23:32:34,993 | ⚠ POSSIBLE PORT SCAN DETECTED
2026-05-29 23:32:35,998 | ⚠ HOST DOMINANCE DETECTED
2026-05-29 23:32:35,998 | ⚠ POSSIBLE PORT SCAN DETECTED
2026-05-29 23:32:37,005 | ⚠ HOST DOMINANCE DETECTED
2026-05-29 23:32:37,006 | ⚠ POSSIBLE PORT SCAN DETECTED
2026-05-29 23:32:37,798 | ⚠ HOST DOMINANCE DETECTED
2026-05-29 23:32:37,799 | ⚠ POSSIBLE PORT SCAN DETECTED
2026-05-29 23:32:38,010 | ⚠ HOST DOMINANCE DETECTED
2026-05-29 23:32:38,010 | ⚠ POSSIBLE PORT SCAN DETECTED
2026-05-29 23:32:39,014 | ⚠ HOST DOMINANCE DETECTED
2026-05-29 23:32:39,014 | ⚠ POSSIBLE PORT SCAN DETECTED
2026-05-29 23:32:39,909 | ⚠ HOST DOMINANCE DETECTED
2026-05-29 23:32:39,909 | ⚠ POSSIBLE PORT SCAN DETECTED
2026-05-29 23:32:40,016 | ⚠ HOST DOMINANCE DETECTED
2026-05-29 23:32:40,017 | ⚠ POSSIBLE PORT SCAN DETECTED
2026-05-29 23:32:41,021 | ⚠ HOST DOMINANCE DETECTED
2026-05-29 23:32:41,021 | ⚠ POSSIBLE PORT SCAN DETECTED
2026-05-29 23:32:42,024 | ⚠ HOST DOMINANCE DETECTED
2026-05-29 23:32:42,025 | ⚠ POSSIBLE PORT SCAN DETECTED
2026-05-29 23:32:42,875 | ⚠ HOST DOMINANCE DETECTED
2026-05-29 23:32:42,875 | ⚠ POSSIBLE PORT SCAN DETECTED
2026-05-29 23:32:43,029 | ⚠ HOST DOMINANCE DETECTED
2026-05-29 23:32:43,029 | ⚠ POSSIBLE PORT SCAN DETECTED
2026-05-29 23:32:44,033 | ⚠ HOST DOMINANCE DETECTED
2026-05-29 23:32:44,042 | ⚠ POSSIBLE PORT SCAN DETECTED
2026-05-29 23:32:44,916 | ⚠ HOST DOMINANCE DETECTED
2026-05-29 23:32:44,916 | ⚠ POSSIBLE PORT SCAN DETECTED
2026-05-29 23:32:45,047 | ⚠ HOST DOMINANCE DETECTED
2026-05-29 23:32:45,047 | ⚠ POSSIBLE PORT SCAN DETECTED
2026-05-29 23:32:46,051 | ⚠ HOST DOMINANCE DETECTED
2026-05-29 23:32:46,051 | ⚠ POSSIBLE PORT SCAN DETECTED
2026-05-29 23:32:47,055 | ⚠ HOST DOMINANCE DETECTED
2026-05-29 23:32:47,056 | ⚠ POSSIBLE PORT SCAN DETECTED
2026-05-29 23:32:48,059 | ⚠ HOST DOMINANCE DETECTED
2026-05-29 23:32:48,059 | ⚠ POSSIBLE PORT SCAN DETECTED
2026-05-29 23:32:48,327 | ⚠ HOST DOMINANCE DETECTED
2026-05-29 23:32:48,328 | ⚠ POSSIBLE PORT SCAN DETECTED
2026-05-29 23:32:49,064 | ⚠ HOST DOMINANCE DETECTED
2026-05-29 23:32:49,064 | ⚠ POSSIBLE PORT SCAN DETECTED
2026-05-29 23:32:49,926 | ⚠ HOST DOMINANCE DETECTED
2026-05-29 23:32:49,926 | ⚠ POSSIBLE PORT SCAN DETECTED
2026-05-29 23:32:50,068 | ⚠ HOST DOMINANCE DETECTED
2026-05-29 23:32:50,068 | ⚠ POSSIBLE PORT SCAN DETECTED
2026-05-29 23:32:51,071 | ⚠ HOST DOMINANCE DETECTED
2026-05-29 23:32:51,072 | ⚠ POSSIBLE PORT SCAN DETECTED
2026-05-29 23:32:52,075 | ⚠ HOST DOMINANCE DETECTED
2026-05-29 23:32:52,075 | ⚠ POSSIBLE PORT SCAN DETECTED
2026-05-29 23:32:53,078 | ⚠ HOST DOMINANCE DETECTED
2026-05-29 23:32:53,079 | ⚠ POSSIBLE PORT SCAN DETECTED
2026-05-29 23:32:54,082 | ⚠ HOST DOMINANCE DETECTED
2026-05-29 23:32:54,082 | ⚠ POSSIBLE PORT SCAN DETECTED
2026-05-29 23:32:54,935 | ⚠ HOST DOMINANCE DETECTED
2026-05-29 23:32:54,937 | ⚠ POSSIBLE PORT SCAN DETECTED
2026-05-29 23:32:55,086 | ⚠ HOST DOMINANCE DETECTED
2026-05-29 23:32:55,087 | ⚠ POSSIBLE PORT SCAN DETECTED
2026-05-29 23:32:56,090 | ⚠ HOST DOMINANCE DETECTED
2026-05-29 23:32:56,091 | ⚠ POSSIBLE PORT SCAN DETECTED
2026-05-29 23:32:57,095 | ⚠ HOST DOMINANCE DETECTED
2026-05-29 23:32:57,095 | ⚠ POSSIBLE PORT SCAN DETECTED
2026-05-29 23:32:58,102 | ⚠ HOST DOMINANCE DETECTED
2026-05-29 23:32:58,103 | ⚠ POSSIBLE PORT SCAN DETECTED
2026-05-29 23:32:59,107 | ⚠ HOST DOMINANCE DETECTED
2026-05-29 23:32:59,110 | ⚠ POSSIBLE PORT SCAN DETECTED
2026-05-29 23:32:59,947 | ⚠ HOST DOMINANCE DETECTED
2026-05-29 23:32:59,948 | ⚠ POSSIBLE PORT SCAN DETECTED
2026-05-29 23:33:00,115 | ⚠ HOST DOMINANCE DETECTED
2026-05-29 23:33:00,115 | ⚠ POSSIBLE PORT SCAN DETECTED
2026-05-29 23:33:01,120 | ⚠ HOST DOMINANCE DETECTED
2026-05-29 23:33:01,120 | ⚠ POSSIBLE PORT SCAN DETECTED
2026-05-29 23:33:02,126 | ⚠ HOST DOMINANCE DETECTED
2026-05-29 23:33:02,127 | ⚠ POSSIBLE PORT SCAN DETECTED
2026-05-29 23:33:02,292 | ⚠ HOST DOMINANCE DETECTED
2026-05-29 23:33:02,292 | ⚠ POSSIBLE PORT SCAN DETECTED
2026-05-29 23:33:03,133 | ⚠ HOST DOMINANCE DETECTED
2026-05-29 23:33:03,133 | ⚠ POSSIBLE PORT SCAN DETECTED
2026-05-29 23:33:04,136 | ⚠ HOST DOMINANCE DETECTED
2026-05-29 23:33:04,137 | ⚠ POSSIBLE PORT SCAN DETECTED
2026-05-29 23:33:04,960 | ⚠ HOST DOMINANCE DETECTED
2026-05-29 23:33:04,961 | ⚠ POSSIBLE PORT SCAN DETECTED
2026-05-29 23:33:05,141 | ⚠ HOST DOMINANCE DETECTED
2026-05-29 23:33:05,142 | ⚠ POSSIBLE PORT SCAN DETECTED
2026-05-29 23:33:06,148 | ⚠ HOST DOMINANCE DETECTED
2026-05-29 23:33:06,148 | ⚠ POSSIBLE PORT SCAN DETECTED
2026-05-29 23:33:07,154 | ⚠ HOST DOMINANCE DETECTED
2026-05-29 23:33:07,155 | ⚠ POSSIBLE PORT SCAN DETECTED
2026-05-29 23:33:08,162 | ⚠ HOST DOMINANCE DETECTED
2026-05-29 23:33:08,163 | ⚠ POSSIBLE PORT SCAN DETECTED
2026-05-29 23:33:09,169 | ⚠ HOST DOMINANCE DETECTED
2026-05-29 23:33:09,170 | ⚠ POSSIBLE PORT SCAN DETECTED
2026-05-29 23:33:09,975 | ⚠ HOST DOMINANCE DETECTED
2026-05-29 23:33:09,975 | ⚠ POSSIBLE PORT SCAN DETECTED
2026-05-29 23:33:10,175 | ⚠ HOST DOMINANCE DETECTED
2026-05-29 23:33:10,175 | ⚠ POSSIBLE PORT SCAN DETECTED
2026-05-29 23:33:11,180 | ⚠ HOST DOMINANCE DETECTED
2026-05-29 23:33:11,181 | ⚠ POSSIBLE PORT SCAN DETECTED
2026-05-29 23:33:12,185 | ⚠ HOST DOMINANCE DETECTED
2026-05-29 23:33:12,185 | ⚠ POSSIBLE PORT SCAN DETECTED
2026-05-29 23:33:13,188 | ⚠ HOST DOMINANCE DETECTED
2026-05-29 23:33:13,189 | ⚠ POSSIBLE PORT SCAN DETECTED
2026-05-29 23:33:14,192 | ⚠ HOST DOMINANCE DETECTED
2026-05-29 23:33:14,193 | ⚠ POSSIBLE PORT SCAN DETECTED
2026-05-29 23:33:14,986 | ⚠ HOST DOMINANCE DETECTED
2026-05-29 23:33:14,987 | ⚠ POSSIBLE PORT SCAN DETECTED
2026-05-29 23:33:15,201 | ⚠ HOST DOMINANCE DETECTED
2026-05-29 23:33:15,202 | ⚠ POSSIBLE PORT SCAN DETECTED
2026-05-29 23:33:16,206 | ⚠ HOST DOMINANCE DETECTED
2026-05-29 23:33:16,206 | ⚠ POSSIBLE PORT SCAN DETECTED
2026-05-29 23:33:17,161 | ⚠ HOST DOMINANCE DETECTED
2026-05-29 23:33:17,162 | ⚠ POSSIBLE PORT SCAN DETECTED
2026-05-29 23:33:17,210 | ⚠ HOST DOMINANCE DETECTED
2026-05-29 23:33:17,210 | ⚠ POSSIBLE PORT SCAN DETECTED
2026-05-29 23:33:18,213 | ⚠ HOST DOMINANCE DETECTED
2026-05-29 23:33:18,214 | ⚠ POSSIBLE PORT SCAN DETECTED
2026-05-29 23:33:18,862 | ⚠ HOST DOMINANCE DETECTED
2026-05-29 23:33:18,862 | ⚠ POSSIBLE PORT SCAN DETECTED
2026-05-29 23:33:19,219 | ⚠ HOST DOMINANCE DETECTED
2026-05-29 23:33:19,219 | ⚠ POSSIBLE PORT SCAN DETECTED
2026-05-29 23:33:19,998 | ⚠ HOST DOMINANCE DETECTED
2026-05-29 23:33:19,999 | ⚠ POSSIBLE PORT SCAN DETECTED
2026-05-29 23:33:20,223 | ⚠ HOST DOMINANCE DETECTED
2026-05-29 23:33:20,223 | ⚠ POSSIBLE PORT SCAN DETECTED
2026-05-29 23:33:21,227 | ⚠ HOST DOMINANCE DETECTED
2026-05-29 23:33:21,227 | ⚠ POSSIBLE PORT SCAN DETECTED
2026-05-29 23:33:22,234 | ⚠ HOST DOMINANCE DETECTED
2026-05-29 23:33:22,234 | ⚠ POSSIBLE PORT SCAN DETECTED
2026-05-29 23:33:23,239 | ⚠ HOST DOMINANCE DETECTED
2026-05-29 23:33:23,239 | ⚠ POSSIBLE PORT SCAN DETECTED
2026-05-29 23:33:23,861 | ⚠ HOST DOMINANCE DETECTED
2026-05-29 23:33:23,861 | ⚠ POSSIBLE PORT SCAN DETECTED
2026-05-29 23:33:24,242 | ⚠ HOST DOMINANCE DETECTED
2026-05-29 23:33:24,243 | ⚠ POSSIBLE PORT SCAN DETECTED
2026-05-29 23:33:25,004 | ⚠ HOST DOMINANCE DETECTED
2026-05-29 23:33:25,004 | ⚠ POSSIBLE PORT SCAN DETECTED
2026-05-29 23:33:25,246 | ⚠ HOST DOMINANCE DETECTED
2026-05-29 23:33:25,247 | ⚠ POSSIBLE PORT SCAN DETECTED
2026-05-29 23:33:26,250 | ⚠ HOST DOMINANCE DETECTED
2026-05-29 23:33:26,251 | ⚠ POSSIBLE PORT SCAN DETECTED
2026-05-29 23:33:27,254 | ⚠ HOST DOMINANCE DETECTED
2026-05-29 23:33:27,254 | ⚠ POSSIBLE PORT SCAN DETECTED
2026-05-29 23:33:28,258 | ⚠ HOST DOMINANCE DETECTED
2026-05-29 23:33:28,258 | ⚠ POSSIBLE PORT SCAN DETECTED
2026-05-29 23:33:29,263 | ⚠ HOST DOMINANCE DETECTED
2026-05-29 23:33:29,264 | ⚠ POSSIBLE PORT SCAN DETECTED
2026-05-29 23:33:30,012 | ⚠ HOST DOMINANCE DETECTED
2026-05-29 23:33:30,012 | ⚠ POSSIBLE PORT SCAN DETECTED
2026-05-29 23:33:30,269 | ⚠ HOST DOMINANCE DETECTED
2026-05-29 23:33:30,269 | ⚠ POSSIBLE PORT SCAN DETECTED
2026-05-29 23:33:31,273 | ⚠ HOST DOMINANCE DETECTED
2026-05-29 23:33:31,273 | ⚠ POSSIBLE PORT SCAN DETECTED
2026-05-29 23:33:32,276 | ⚠ HOST DOMINANCE DETECTED
2026-05-29 23:33:32,277 | ⚠ POSSIBLE PORT SCAN DETECTED
2026-05-29 23:33:32,987 | ⚠ HOST DOMINANCE DETECTED
2026-05-29 23:33:32,987 | ⚠ POSSIBLE PORT SCAN DETECTED
2026-05-29 23:33:33,280 | ⚠ HOST DOMINANCE DETECTED
2026-05-29 23:33:33,280 | ⚠ POSSIBLE PORT SCAN DETECTED
2026-05-29 23:33:34,283 | ⚠ HOST DOMINANCE DETECTED
2026-05-29 23:33:34,283 | ⚠ POSSIBLE PORT SCAN DETECTED
2026-05-29 23:33:35,021 | ⚠ HOST DOMINANCE DETECTED
2026-05-29 23:33:35,022 | ⚠ POSSIBLE PORT SCAN DETECTED
2026-05-29 23:33:35,287 | ⚠ HOST DOMINANCE DETECTED
2026-05-29 23:33:35,287 | ⚠ POSSIBLE PORT SCAN DETECTED
2026-05-29 23:33:36,291 | ⚠ HOST DOMINANCE DETECTED
2026-05-29 23:33:36,292 | ⚠ POSSIBLE PORT SCAN DETECTED
2026-05-29 23:33:37,295 | ⚠ HOST DOMINANCE DETECTED
2026-05-29 23:33:37,296 | ⚠ POSSIBLE PORT SCAN DETECTED
2026-05-29 23:33:38,301 | ⚠ HOST DOMINANCE DETECTED
2026-05-29 23:33:38,302 | ⚠ POSSIBLE PORT SCAN DETECTED
2026-05-29 23:33:39,306 | ⚠ HOST DOMINANCE DETECTED
2026-05-29 23:33:39,306 | ⚠ POSSIBLE PORT SCAN DETECTED
2026-05-29 23:33:40,032 | ⚠ HOST DOMINANCE DETECTED
2026-05-29 23:33:40,032 | ⚠ POSSIBLE PORT SCAN DETECTED
2026-05-29 23:33:40,310 | ⚠ HOST DOMINANCE DETECTED
2026-05-29 23:33:40,311 | ⚠ POSSIBLE PORT SCAN DETECTED
2026-05-29 23:33:41,315 | ⚠ HOST DOMINANCE DETECTED
2026-05-29 23:33:41,316 | ⚠ POSSIBLE PORT SCAN DETECTED
2026-05-29 23:33:42,320 | ⚠ HOST DOMINANCE DETECTED
2026-05-29 23:33:42,320 | ⚠ POSSIBLE PORT SCAN DETECTED
2026-05-29 23:33:42,527 | ⚠ HOST DOMINANCE DETECTED
2026-05-29 23:33:42,528 | ⚠ POSSIBLE PORT SCAN DETECTED
2026-05-29 23:33:43,324 | ⚠ HOST DOMINANCE DETECTED
2026-05-29 23:33:43,324 | ⚠ POSSIBLE PORT SCAN DETECTED
2026-05-29 23:33:44,329 | ⚠ HOST DOMINANCE DETECTED
2026-05-29 23:33:44,330 | ⚠ POSSIBLE PORT SCAN DETECTED
2026-05-29 23:33:45,042 | ⚠ HOST DOMINANCE DETECTED
2026-05-29 23:33:45,043 | ⚠ POSSIBLE PORT SCAN DETECTED
2026-05-29 23:33:45,335 | ⚠ HOST DOMINANCE DETECTED
2026-05-29 23:33:45,335 | ⚠ POSSIBLE PORT SCAN DETECTED
2026-05-29 23:33:46,340 | ⚠ HOST DOMINANCE DETECTED
2026-05-29 23:33:46,340 | ⚠ POSSIBLE PORT SCAN DETECTED
2026-05-29 23:33:47,344 | ⚠ HOST DOMINANCE DETECTED
2026-05-29 23:33:47,344 | ⚠ POSSIBLE PORT SCAN DETECTED
2026-05-29 23:33:47,521 | ⚠ HOST DOMINANCE DETECTED
2026-05-29 23:33:47,521 | ⚠ POSSIBLE PORT SCAN DETECTED
2026-05-29 23:33:48,350 | ⚠ HOST DOMINANCE DETECTED
2026-05-29 23:33:48,350 | ⚠ POSSIBLE PORT SCAN DETECTED
2026-05-29 23:33:49,354 | ⚠ HOST DOMINANCE DETECTED
2026-05-29 23:33:49,355 | ⚠ POSSIBLE PORT SCAN DETECTED
2026-05-29 23:33:49,845 | ⚠ HOST DOMINANCE DETECTED
2026-05-29 23:33:49,847 | ⚠ POSSIBLE PORT SCAN DETECTED
2026-05-29 23:33:50,051 | ⚠ HOST DOMINANCE DETECTED
2026-05-29 23:33:50,051 | ⚠ POSSIBLE PORT SCAN DETECTED
2026-05-29 23:33:50,365 | ⚠ HOST DOMINANCE DETECTED
2026-05-29 23:33:50,365 | ⚠ POSSIBLE PORT SCAN DETECTED
2026-05-29 23:33:51,369 | ⚠ HOST DOMINANCE DETECTED
2026-05-29 23:33:51,369 | ⚠ POSSIBLE PORT SCAN DETECTED
2026-05-29 23:33:52,132 | ⚠ HOST DOMINANCE DETECTED
2026-05-29 23:33:52,133 | ⚠ POSSIBLE PORT SCAN DETECTED
2026-05-29 23:33:52,372 | ⚠ HOST DOMINANCE DETECTED
2026-05-29 23:33:52,373 | ⚠ POSSIBLE PORT SCAN DETECTED
2026-05-29 23:33:53,375 | ⚠ HOST DOMINANCE DETECTED
2026-05-29 23:33:53,376 | ⚠ POSSIBLE PORT SCAN DETECTED
2026-05-29 23:33:54,380 | ⚠ HOST DOMINANCE DETECTED
2026-05-29 23:33:54,381 | ⚠ POSSIBLE PORT SCAN DETECTED
2026-05-29 23:33:55,060 | ⚠ HOST DOMINANCE DETECTED
2026-05-29 23:33:55,060 | ⚠ POSSIBLE PORT SCAN DETECTED
2026-05-29 23:33:55,384 | ⚠ HOST DOMINANCE DETECTED
2026-05-29 23:33:55,384 | ⚠ POSSIBLE PORT SCAN DETECTED
2026-05-29 23:33:55,761 | ⚠ HOST DOMINANCE DETECTED
2026-05-29 23:33:55,761 | ⚠ POSSIBLE PORT SCAN DETECTED
2026-05-29 23:33:56,390 | ⚠ HOST DOMINANCE DETECTED
2026-05-29 23:33:56,390 | ⚠ POSSIBLE PORT SCAN DETECTED
2026-05-29 23:33:57,395 | ⚠ HOST DOMINANCE DETECTED
2026-05-29 23:33:57,395 | ⚠ POSSIBLE PORT SCAN DETECTED
2026-05-29 23:33:58,400 | ⚠ HOST DOMINANCE DETECTED
2026-05-29 23:33:58,401 | ⚠ POSSIBLE PORT SCAN DETECTED
2026-05-29 23:33:59,407 | ⚠ HOST DOMINANCE DETECTED
2026-05-29 23:33:59,408 | ⚠ POSSIBLE PORT SCAN DETECTED
2026-05-29 23:34:00,072 | ⚠ HOST DOMINANCE DETECTED
2026-05-29 23:34:00,073 | ⚠ POSSIBLE PORT SCAN DETECTED
2026-05-29 23:34:00,413 | ⚠ HOST DOMINANCE DETECTED
2026-05-29 23:34:00,414 | ⚠ POSSIBLE PORT SCAN DETECTED
2026-05-29 23:34:00,855 | ⚠ HOST DOMINANCE DETECTED
2026-05-29 23:34:00,856 | ⚠ POSSIBLE PORT SCAN DETECTED
2026-05-29 23:34:01,421 | ⚠ HOST DOMINANCE DETECTED
2026-05-29 23:34:01,421 | ⚠ POSSIBLE PORT SCAN DETECTED
2026-05-29 23:34:02,426 | ⚠ HOST DOMINANCE DETECTED
2026-05-29 23:34:02,426 | ⚠ POSSIBLE PORT SCAN DETECTED
2026-05-29 23:34:03,432 | ⚠ HOST DOMINANCE DETECTED
2026-05-29 23:34:03,432 | ⚠ POSSIBLE PORT SCAN DETECTED
2026-05-29 23:34:03,706 | ⚠ HOST DOMINANCE DETECTED
2026-05-29 23:34:03,706 | ⚠ POSSIBLE PORT SCAN DETECTED
2026-05-29 23:34:04,437 | ⚠ HOST DOMINANCE DETECTED
2026-05-29 23:34:04,437 | ⚠ POSSIBLE PORT SCAN DETECTED
2026-05-29 23:34:05,079 | ⚠ HOST DOMINANCE DETECTED
2026-05-29 23:34:05,079 | ⚠ POSSIBLE PORT SCAN DETECTED
2026-05-29 23:34:05,440 | ⚠ HOST DOMINANCE DETECTED
2026-05-29 23:34:05,440 | ⚠ POSSIBLE PORT SCAN DETECTED
2026-05-29 23:34:05,870 | ⚠ HOST DOMINANCE DETECTED
2026-05-29 23:34:05,871 | ⚠ POSSIBLE PORT SCAN DETECTED
2026-05-29 23:34:06,446 | ⚠ HOST DOMINANCE DETECTED
2026-05-29 23:34:06,446 | ⚠ POSSIBLE PORT SCAN DETECTED
2026-05-29 23:34:07,454 | ⚠ HOST DOMINANCE DETECTED
2026-05-29 23:34:07,454 | ⚠ POSSIBLE PORT SCAN DETECTED
2026-05-29 23:34:08,461 | ⚠ HOST DOMINANCE DETECTED
2026-05-29 23:34:08,461 | ⚠ POSSIBLE PORT SCAN DETECTED
2026-05-29 23:34:09,468 | ⚠ HOST DOMINANCE DETECTED
2026-05-29 23:34:09,468 | ⚠ POSSIBLE PORT SCAN DETECTED
2026-05-29 23:34:10,088 | ⚠ HOST DOMINANCE DETECTED
2026-05-29 23:34:10,089 | ⚠ POSSIBLE PORT SCAN DETECTED
2026-05-29 23:34:10,473 | ⚠ HOST DOMINANCE DETECTED
2026-05-29 23:34:10,473 | ⚠ POSSIBLE PORT SCAN DETECTED
2026-05-29 23:34:10,969 | ⚠ HOST DOMINANCE DETECTED
2026-05-29 23:34:10,970 | ⚠ POSSIBLE PORT SCAN DETECTED
2026-05-29 23:34:11,476 | ⚠ HOST DOMINANCE DETECTED
2026-05-29 23:34:11,477 | ⚠ POSSIBLE PORT SCAN DETECTED
2026-05-29 23:34:12,480 | ⚠ HOST DOMINANCE DETECTED
2026-05-29 23:34:12,481 | ⚠ POSSIBLE PORT SCAN DETECTED
2026-05-29 23:34:13,487 | ⚠ HOST DOMINANCE DETECTED
2026-05-29 23:34:13,488 | ⚠ POSSIBLE PORT SCAN DETECTED
2026-05-29 23:34:14,494 | ⚠ HOST DOMINANCE DETECTED
2026-05-29 23:34:14,494 | ⚠ POSSIBLE PORT SCAN DETECTED
2026-05-29 23:34:15,102 | ⚠ HOST DOMINANCE DETECTED
2026-05-29 23:34:15,102 | ⚠ POSSIBLE PORT SCAN DETECTED
2026-05-29 23:34:15,497 | ⚠ HOST DOMINANCE DETECTED
2026-05-29 23:34:15,498 | ⚠ POSSIBLE PORT SCAN DETECTED
2026-05-29 23:34:16,507 | ⚠ HOST DOMINANCE DETECTED
2026-05-29 23:34:16,507 | ⚠ POSSIBLE PORT SCAN DETECTED
2026-05-29 23:34:17,514 | ⚠ HOST DOMINANCE DETECTED
2026-05-29 23:34:17,514 | ⚠ POSSIBLE PORT SCAN DETECTED
2026-05-29 23:34:18,520 | ⚠ HOST DOMINANCE DETECTED
2026-05-29 23:34:18,521 | ⚠ POSSIBLE PORT SCAN DETECTED
2026-05-29 23:34:19,527 | ⚠ HOST DOMINANCE DETECTED
2026-05-29 23:34:19,528 | ⚠ POSSIBLE PORT SCAN DETECTED
2026-05-29 23:34:20,115 | ⚠ HOST DOMINANCE DETECTED
2026-05-29 23:34:20,116 | ⚠ POSSIBLE PORT SCAN DETECTED
2026-05-29 23:34:20,534 | ⚠ HOST DOMINANCE DETECTED
2026-05-29 23:34:20,535 | ⚠ POSSIBLE PORT SCAN DETECTED
2026-05-29 23:34:21,541 | ⚠ HOST DOMINANCE DETECTED
2026-05-29 23:34:21,542 | ⚠ POSSIBLE PORT SCAN DETECTED
2026-05-29 23:34:22,548 | ⚠ HOST DOMINANCE DETECTED
2026-05-29 23:34:22,549 | ⚠ POSSIBLE PORT SCAN DETECTED
2026-05-29 23:34:23,555 | ⚠ HOST DOMINANCE DETECTED
2026-05-29 23:34:23,555 | ⚠ POSSIBLE PORT SCAN DETECTED
2026-05-29 23:34:24,561 | ⚠ HOST DOMINANCE DETECTED
2026-05-29 23:34:24,561 | ⚠ POSSIBLE PORT SCAN DETECTED
2026-05-29 23:34:25,125 | ⚠ HOST DOMINANCE DETECTED
2026-05-29 23:34:25,126 | ⚠ POSSIBLE PORT SCAN DETECTED
2026-05-29 23:34:25,565 | ⚠ HOST DOMINANCE DETECTED
2026-05-29 23:34:25,566 | ⚠ POSSIBLE PORT SCAN DETECTED
2026-05-29 23:34:26,570 | ⚠ HOST DOMINANCE DETECTED
2026-05-29 23:34:26,570 | ⚠ POSSIBLE PORT SCAN DETECTED
2026-05-29 23:34:27,575 | ⚠ HOST DOMINANCE DETECTED
2026-05-29 23:34:27,576 | ⚠ POSSIBLE PORT SCAN DETECTED
2026-05-29 23:34:28,585 | ⚠ HOST DOMINANCE DETECTED
2026-05-29 23:34:28,585 | ⚠ POSSIBLE PORT SCAN DETECTED
2026-05-29 23:34:29,590 | ⚠ HOST DOMINANCE DETECTED
2026-05-29 23:34:29,590 | ⚠ POSSIBLE PORT SCAN DETECTED
2026-05-29 23:34:30,132 | ⚠ HOST DOMINANCE DETECTED
2026-05-29 23:34:30,132 | ⚠ POSSIBLE PORT SCAN DETECTED
2026-05-29 23:34:30,594 | ⚠ HOST DOMINANCE DETECTED
2026-05-29 23:34:30,595 | ⚠ POSSIBLE PORT SCAN DETECTED
2026-05-29 23:34:31,598 | ⚠ HOST DOMINANCE DETECTED
2026-05-29 23:34:31,598 | ⚠ POSSIBLE PORT SCAN DETECTED
2026-05-29 23:34:32,602 | ⚠ HOST DOMINANCE DETECTED
2026-05-29 23:34:32,603 | ⚠ POSSIBLE PORT SCAN DETECTED
2026-05-29 23:34:32,644 | ⚠ HOST DOMINANCE DETECTED
2026-05-29 23:34:32,646 | ⚠ POSSIBLE PORT SCAN DETECTED
2026-05-29 23:34:33,609 | ⚠ HOST DOMINANCE DETECTED
2026-05-29 23:34:33,610 | ⚠ POSSIBLE PORT SCAN DETECTED
2026-05-29 23:34:34,390 | ⚠ HOST DOMINANCE DETECTED
2026-05-29 23:34:34,391 | ⚠ POSSIBLE PORT SCAN DETECTED
2026-05-29 23:34:34,616 | ⚠ HOST DOMINANCE DETECTED
2026-05-29 23:34:34,616 | ⚠ POSSIBLE PORT SCAN DETECTED
2026-05-29 23:34:35,136 | ⚠ HOST DOMINANCE DETECTED
2026-05-29 23:34:35,136 | ⚠ POSSIBLE PORT SCAN DETECTED
2026-05-29 23:34:35,619 | ⚠ HOST DOMINANCE DETECTED
2026-05-29 23:34:35,619 | ⚠ POSSIBLE PORT SCAN DETECTED
2026-05-29 23:34:36,623 | ⚠ HOST DOMINANCE DETECTED
2026-05-29 23:34:36,623 | ⚠ POSSIBLE PORT SCAN DETECTED
2026-05-29 23:34:37,625 | ⚠ HOST DOMINANCE DETECTED
2026-05-29 23:34:37,625 | ⚠ POSSIBLE PORT SCAN DETECTED
2026-05-29 23:34:37,724 | ⚠ HOST DOMINANCE DETECTED
2026-05-29 23:34:37,725 | ⚠ POSSIBLE PORT SCAN DETECTED
2026-05-29 23:34:38,629 | ⚠ HOST DOMINANCE DETECTED
2026-05-29 23:34:38,629 | ⚠ POSSIBLE PORT SCAN DETECTED
2026-05-29 23:34:39,633 | ⚠ HOST DOMINANCE DETECTED
2026-05-29 23:34:39,633 | ⚠ POSSIBLE PORT SCAN DETECTED
2026-05-29 23:34:40,143 | ⚠ HOST DOMINANCE DETECTED
2026-05-29 23:34:40,144 | ⚠ POSSIBLE PORT SCAN DETECTED
2026-05-29 23:34:40,636 | ⚠ HOST DOMINANCE DETECTED
2026-05-29 23:34:40,637 | ⚠ POSSIBLE PORT SCAN DETECTED
2026-05-29 23:34:41,644 | ⚠ HOST DOMINANCE DETECTED
2026-05-29 23:34:41,644 | ⚠ POSSIBLE PORT SCAN DETECTED
2026-05-29 23:34:42,646 | ⚠ HOST DOMINANCE DETECTED
2026-05-29 23:34:42,646 | ⚠ POSSIBLE PORT SCAN DETECTED
2026-05-29 23:34:43,649 | ⚠ HOST DOMINANCE DETECTED
2026-05-29 23:34:43,650 | ⚠ POSSIBLE PORT SCAN DETECTED
2026-05-29 23:34:44,656 | ⚠ HOST DOMINANCE DETECTED
2026-05-29 23:34:44,656 | ⚠ POSSIBLE PORT SCAN DETECTED
2026-05-29 23:34:45,153 | ⚠ HOST DOMINANCE DETECTED
2026-05-29 23:34:45,154 | ⚠ POSSIBLE PORT SCAN DETECTED
2026-05-29 23:34:45,662 | ⚠ HOST DOMINANCE DETECTED
2026-05-29 23:34:45,663 | ⚠ POSSIBLE PORT SCAN DETECTED
2026-05-29 23:34:46,667 | ⚠ HOST DOMINANCE DETECTED
2026-05-29 23:34:46,667 | ⚠ POSSIBLE PORT SCAN DETECTED
2026-05-29 23:34:47,670 | ⚠ HOST DOMINANCE DETECTED
2026-05-29 23:34:47,670 | ⚠ POSSIBLE PORT SCAN DETECTED
2026-05-29 23:34:48,674 | ⚠ HOST DOMINANCE DETECTED
2026-05-29 23:34:48,674 | ⚠ POSSIBLE PORT SCAN DETECTED
2026-05-29 23:34:49,679 | ⚠ HOST DOMINANCE DETECTED
2026-05-29 23:34:49,680 | ⚠ POSSIBLE PORT SCAN DETECTED
2026-05-29 23:34:50,161 | ⚠ HOST DOMINANCE DETECTED
2026-05-29 23:34:50,162 | ⚠ POSSIBLE PORT SCAN DETECTED
2026-05-29 23:34:50,686 | ⚠ HOST DOMINANCE DETECTED
2026-05-29 23:34:50,686 | ⚠ POSSIBLE PORT SCAN DETECTED
2026-05-29 23:34:51,693 | ⚠ HOST DOMINANCE DETECTED
2026-05-29 23:34:51,693 | ⚠ POSSIBLE PORT SCAN DETECTED
2026-05-29 23:34:52,696 | ⚠ HOST DOMINANCE DETECTED
2026-05-29 23:34:52,696 | ⚠ POSSIBLE PORT SCAN DETECTED
2026-05-29 23:34:53,700 | ⚠ HOST DOMINANCE DETECTED
2026-05-29 23:34:53,700 | ⚠ POSSIBLE PORT SCAN DETECTED
2026-05-29 23:34:54,706 | ⚠ HOST DOMINANCE DETECTED
2026-05-29 23:34:54,706 | ⚠ POSSIBLE PORT SCAN DETECTED
2026-05-29 23:34:55,177 | ⚠ HOST DOMINANCE DETECTED
2026-05-29 23:34:55,177 | ⚠ POSSIBLE PORT SCAN DETECTED
2026-05-29 23:34:55,710 | ⚠ HOST DOMINANCE DETECTED
2026-05-29 23:34:55,711 | ⚠ POSSIBLE PORT SCAN DETECTED
2026-05-29 23:34:56,717 | ⚠ HOST DOMINANCE DETECTED
2026-05-29 23:34:56,717 | ⚠ POSSIBLE PORT SCAN DETECTED
2026-05-29 23:34:57,720 | ⚠ HOST DOMINANCE DETECTED
2026-05-29 23:34:57,720 | ⚠ POSSIBLE PORT SCAN DETECTED
2026-05-29 23:34:58,723 | ⚠ HOST DOMINANCE DETECTED
2026-05-29 23:34:58,724 | ⚠ POSSIBLE PORT SCAN DETECTED
2026-05-29 23:34:59,727 | ⚠ HOST DOMINANCE DETECTED
2026-05-29 23:34:59,727 | ⚠ POSSIBLE PORT SCAN DETECTED
2026-05-29 23:34:59,830 | ⚠ HOST DOMINANCE DETECTED
2026-05-29 23:34:59,830 | ⚠ POSSIBLE PORT SCAN DETECTED
2026-05-29 23:35:00,187 | ⚠ HOST DOMINANCE DETECTED
2026-05-29 23:35:00,187 | ⚠ POSSIBLE PORT SCAN DETECTED
2026-05-29 23:35:00,735 | ⚠ HOST DOMINANCE DETECTED
2026-05-29 23:35:00,736 | ⚠ POSSIBLE PORT SCAN DETECTED
2026-05-29 23:35:01,740 | ⚠ HOST DOMINANCE DETECTED
2026-05-29 23:35:01,741 | ⚠ POSSIBLE PORT SCAN DETECTED
2026-05-29 23:35:02,746 | ⚠ HOST DOMINANCE DETECTED
2026-05-29 23:35:02,746 | ⚠ POSSIBLE PORT SCAN DETECTED
2026-05-29 23:35:03,752 | ⚠ HOST DOMINANCE DETECTED
2026-05-29 23:35:03,752 | ⚠ POSSIBLE PORT SCAN DETECTED
2026-05-29 23:35:04,758 | ⚠ HOST DOMINANCE DETECTED
2026-05-29 23:35:04,759 | ⚠ POSSIBLE PORT SCAN DETECTED
2026-05-29 23:35:05,083 | ⚠ HOST DOMINANCE DETECTED
2026-05-29 23:35:05,084 | ⚠ POSSIBLE PORT SCAN DETECTED
2026-05-29 23:35:05,194 | ⚠ HOST DOMINANCE DETECTED
2026-05-29 23:35:05,194 | ⚠ POSSIBLE PORT SCAN DETECTED
2026-05-29 23:35:05,765 | ⚠ HOST DOMINANCE DETECTED
2026-05-29 23:35:05,765 | ⚠ POSSIBLE PORT SCAN DETECTED
2026-05-29 23:35:06,767 | ⚠ HOST DOMINANCE DETECTED
2026-05-29 23:35:06,768 | ⚠ POSSIBLE PORT SCAN DETECTED
2026-05-29 23:35:07,771 | ⚠ HOST DOMINANCE DETECTED
2026-05-29 23:35:07,772 | ⚠ POSSIBLE PORT SCAN DETECTED
2026-05-29 23:35:08,776 | ⚠ HOST DOMINANCE DETECTED
2026-05-29 23:35:08,777 | ⚠ POSSIBLE PORT SCAN DETECTED
2026-05-29 23:35:09,783 | ⚠ HOST DOMINANCE DETECTED
2026-05-29 23:35:09,783 | ⚠ POSSIBLE PORT SCAN DETECTED
2026-05-29 23:35:09,803 | ⚠ HOST DOMINANCE DETECTED
2026-05-29 23:35:09,803 | ⚠ POSSIBLE PORT SCAN DETECTED
2026-05-29 23:35:10,204 | ⚠ HOST DOMINANCE DETECTED
2026-05-29 23:35:10,204 | ⚠ POSSIBLE PORT SCAN DETECTED
2026-05-29 23:35:10,795 | ⚠ HOST DOMINANCE DETECTED
2026-05-29 23:35:10,796 | ⚠ POSSIBLE PORT SCAN DETECTED
2026-05-29 23:35:11,813 | ⚠ HOST DOMINANCE DETECTED
2026-05-29 23:35:11,814 | ⚠ POSSIBLE PORT SCAN DETECTED
2026-05-29 23:35:12,824 | ⚠ HOST DOMINANCE DETECTED
2026-05-29 23:35:12,825 | ⚠ POSSIBLE PORT SCAN DETECTED
2026-05-29 23:35:13,831 | ⚠ HOST DOMINANCE DETECTED
2026-05-29 23:35:13,831 | ⚠ POSSIBLE PORT SCAN DETECTED
2026-05-29 23:35:14,837 | ⚠ HOST DOMINANCE DETECTED
2026-05-29 23:35:14,837 | ⚠ POSSIBLE PORT SCAN DETECTED
2026-05-29 23:35:14,899 | ⚠ HOST DOMINANCE DETECTED
2026-05-29 23:35:14,899 | ⚠ POSSIBLE PORT SCAN DETECTED
2026-05-29 23:35:15,216 | ⚠ HOST DOMINANCE DETECTED
2026-05-29 23:35:15,216 | ⚠ POSSIBLE PORT SCAN DETECTED
2026-05-29 23:35:15,844 | ⚠ HOST DOMINANCE DETECTED
2026-05-29 23:35:15,845 | ⚠ POSSIBLE PORT SCAN DETECTED
2026-05-29 23:35:16,851 | ⚠ HOST DOMINANCE DETECTED
2026-05-29 23:35:16,852 | ⚠ POSSIBLE PORT SCAN DETECTED
2026-05-29 23:35:17,855 | ⚠ HOST DOMINANCE DETECTED
2026-05-29 23:35:17,855 | ⚠ POSSIBLE PORT SCAN DETECTED
2026-05-29 23:35:18,862 | ⚠ HOST DOMINANCE DETECTED
2026-05-29 23:35:18,863 | ⚠ POSSIBLE PORT SCAN DETECTED
2026-05-29 23:35:19,870 | ⚠ HOST DOMINANCE DETECTED
2026-05-29 23:35:19,871 | ⚠ POSSIBLE PORT SCAN DETECTED
2026-05-29 23:35:20,228 | ⚠ HOST DOMINANCE DETECTED
2026-05-29 23:35:20,228 | ⚠ POSSIBLE PORT SCAN DETECTED
2026-05-29 23:35:20,409 | ⚠ HOST DOMINANCE DETECTED
2026-05-29 23:35:20,410 | ⚠ POSSIBLE PORT SCAN DETECTED
2026-05-29 23:35:20,887 | ⚠ HOST DOMINANCE DETECTED
2026-05-29 23:35:20,887 | ⚠ POSSIBLE PORT SCAN DETECTED
2026-05-29 23:35:21,892 | ⚠ HOST DOMINANCE DETECTED
2026-05-29 23:35:21,892 | ⚠ POSSIBLE PORT SCAN DETECTED
2026-05-29 23:35:22,897 | ⚠ HOST DOMINANCE DETECTED
2026-05-29 23:35:22,898 | ⚠ POSSIBLE PORT SCAN DETECTED
2026-05-29 23:35:23,906 | ⚠ HOST DOMINANCE DETECTED
2026-05-29 23:35:23,907 | ⚠ POSSIBLE PORT SCAN DETECTED
2026-05-29 23:35:24,914 | ⚠ HOST DOMINANCE DETECTED
2026-05-29 23:35:24,914 | ⚠ POSSIBLE PORT SCAN DETECTED
2026-05-29 23:35:25,239 | ⚠ HOST DOMINANCE DETECTED
2026-05-29 23:35:25,239 | ⚠ POSSIBLE PORT SCAN DETECTED
2026-05-29 23:35:25,922 | ⚠ HOST DOMINANCE DETECTED
2026-05-29 23:35:25,923 | ⚠ POSSIBLE PORT SCAN DETECTED
2026-05-29 23:35:26,928 | ⚠ HOST DOMINANCE DETECTED
2026-05-29 23:35:26,928 | ⚠ POSSIBLE PORT SCAN DETECTED
2026-05-29 23:35:27,935 | ⚠ HOST DOMINANCE DETECTED
2026-05-29 23:35:27,936 | ⚠ POSSIBLE PORT SCAN DETECTED
2026-05-29 23:35:28,955 | ⚠ HOST DOMINANCE DETECTED
2026-05-29 23:35:28,955 | ⚠ POSSIBLE PORT SCAN DETECTED
2026-05-29 23:35:29,960 | ⚠ HOST DOMINANCE DETECTED
2026-05-29 23:35:29,960 | ⚠ POSSIBLE PORT SCAN DETECTED
2026-05-29 23:35:30,252 | ⚠ HOST DOMINANCE DETECTED
2026-05-29 23:35:30,253 | ⚠ POSSIBLE PORT SCAN DETECTED
2026-05-29 23:35:30,966 | ⚠ HOST DOMINANCE DETECTED
2026-05-29 23:35:30,966 | ⚠ POSSIBLE PORT SCAN DETECTED
2026-05-29 23:35:31,971 | ⚠ HOST DOMINANCE DETECTED
2026-05-29 23:35:31,972 | ⚠ POSSIBLE PORT SCAN DETECTED
2026-05-29 23:35:32,979 | ⚠ HOST DOMINANCE DETECTED
2026-05-29 23:35:32,980 | ⚠ POSSIBLE PORT SCAN DETECTED
2026-05-29 23:35:33,985 | ⚠ HOST DOMINANCE DETECTED
2026-05-29 23:35:33,986 | ⚠ POSSIBLE PORT SCAN DETECTED
2026-05-29 23:35:34,990 | ⚠ HOST DOMINANCE DETECTED
2026-05-29 23:35:34,992 | ⚠ POSSIBLE PORT SCAN DETECTED
2026-05-29 23:35:35,263 | ⚠ HOST DOMINANCE DETECTED
2026-05-29 23:35:35,263 | ⚠ POSSIBLE PORT SCAN DETECTED
2026-05-29 23:35:35,704 | ⚠ HOST DOMINANCE DETECTED
2026-05-29 23:35:35,704 | ⚠ POSSIBLE PORT SCAN DETECTED
2026-05-29 23:35:36,005 | ⚠ HOST DOMINANCE DETECTED
2026-05-29 23:35:36,006 | ⚠ POSSIBLE PORT SCAN DETECTED
2026-05-29 23:35:37,037 | ⚠ HOST DOMINANCE DETECTED
2026-05-29 23:35:37,037 | ⚠ POSSIBLE PORT SCAN DETECTED
2026-05-29 23:35:38,042 | ⚠ HOST DOMINANCE DETECTED
2026-05-29 23:35:38,042 | ⚠ POSSIBLE PORT SCAN DETECTED
2026-05-29 23:35:39,045 | ⚠ HOST DOMINANCE DETECTED
2026-05-29 23:35:39,045 | ⚠ POSSIBLE PORT SCAN DETECTED
2026-05-29 23:35:40,050 | ⚠ HOST DOMINANCE DETECTED
2026-05-29 23:35:40,050 | ⚠ POSSIBLE PORT SCAN DETECTED
2026-05-29 23:35:40,268 | ⚠ HOST DOMINANCE DETECTED
2026-05-29 23:35:40,269 | ⚠ POSSIBLE PORT SCAN DETECTED
2026-05-29 23:35:41,056 | ⚠ HOST DOMINANCE DETECTED
2026-05-29 23:35:41,056 | ⚠ POSSIBLE PORT SCAN DETECTED
2026-05-29 23:35:42,062 | ⚠ HOST DOMINANCE DETECTED
2026-05-29 23:35:42,062 | ⚠ POSSIBLE PORT SCAN DETECTED
2026-05-29 23:35:43,067 | ⚠ HOST DOMINANCE DETECTED
2026-05-29 23:35:43,067 | ⚠ POSSIBLE PORT SCAN DETECTED
2026-05-29 23:35:44,073 | ⚠ HOST DOMINANCE DETECTED
2026-05-29 23:35:44,074 | ⚠ POSSIBLE PORT SCAN DETECTED
2026-05-29 23:35:45,081 | ⚠ HOST DOMINANCE DETECTED
2026-05-29 23:35:45,082 | ⚠ POSSIBLE PORT SCAN DETECTED
2026-05-29 23:35:45,279 | ⚠ HOST DOMINANCE DETECTED
2026-05-29 23:35:45,279 | ⚠ POSSIBLE PORT SCAN DETECTED
2026-05-29 23:35:46,087 | ⚠ HOST DOMINANCE DETECTED
2026-05-29 23:35:46,088 | ⚠ POSSIBLE PORT SCAN DETECTED
2026-05-29 23:35:47,095 | ⚠ HOST DOMINANCE DETECTED
2026-05-29 23:35:47,096 | ⚠ POSSIBLE PORT SCAN DETECTED
2026-05-29 23:35:47,165 | ⚠ HOST DOMINANCE DETECTED
2026-05-29 23:35:47,165 | ⚠ POSSIBLE PORT SCAN DETECTED
2026-05-29 23:35:48,106 | ⚠ HOST DOMINANCE DETECTED
2026-05-29 23:35:48,106 | ⚠ POSSIBLE PORT SCAN DETECTED
2026-05-29 23:35:49,110 | ⚠ HOST DOMINANCE DETECTED
2026-05-29 23:35:49,111 | ⚠ POSSIBLE PORT SCAN DETECTED
2026-05-29 23:35:50,116 | ⚠ HOST DOMINANCE DETECTED
2026-05-29 23:35:50,116 | ⚠ POSSIBLE PORT SCAN DETECTED
2026-05-29 23:35:50,291 | ⚠ HOST DOMINANCE DETECTED
2026-05-29 23:35:50,292 | ⚠ POSSIBLE PORT SCAN DETECTED
2026-05-29 23:35:51,122 | ⚠ HOST DOMINANCE DETECTED
2026-05-29 23:35:51,123 | ⚠ POSSIBLE PORT SCAN DETECTED
2026-05-29 23:35:52,128 | ⚠ HOST DOMINANCE DETECTED
2026-05-29 23:35:52,129 | ⚠ POSSIBLE PORT SCAN DETECTED
2026-05-29 23:35:53,133 | ⚠ HOST DOMINANCE DETECTED
2026-05-29 23:35:53,134 | ⚠ POSSIBLE PORT SCAN DETECTED
2026-05-29 23:35:54,138 | ⚠ HOST DOMINANCE DETECTED
2026-05-29 23:35:54,138 | ⚠ POSSIBLE PORT SCAN DETECTED
2026-05-29 23:35:55,143 | ⚠ HOST DOMINANCE DETECTED
2026-05-29 23:35:55,144 | ⚠ POSSIBLE PORT SCAN DETECTED
2026-05-29 23:35:55,302 | ⚠ HOST DOMINANCE DETECTED
2026-05-29 23:35:55,303 | ⚠ POSSIBLE PORT SCAN DETECTED
2026-05-29 23:35:56,149 | ⚠ HOST DOMINANCE DETECTED
2026-05-29 23:35:56,149 | ⚠ POSSIBLE PORT SCAN DETECTED
2026-05-29 23:35:57,153 | ⚠ HOST DOMINANCE DETECTED
2026-05-29 23:35:57,155 | ⚠ POSSIBLE PORT SCAN DETECTED
2026-05-29 23:35:58,160 | ⚠ HOST DOMINANCE DETECTED
2026-05-29 23:35:58,160 | ⚠ POSSIBLE PORT SCAN DETECTED
2026-05-29 23:35:59,165 | ⚠ HOST DOMINANCE DETECTED
2026-05-29 23:35:59,165 | ⚠ POSSIBLE PORT SCAN DETECTED
2026-05-29 23:36:00,171 | ⚠ HOST DOMINANCE DETECTED
2026-05-29 23:36:00,171 | ⚠ POSSIBLE PORT SCAN DETECTED
2026-05-29 23:36:00,311 | ⚠ HOST DOMINANCE DETECTED
2026-05-29 23:36:00,312 | ⚠ POSSIBLE PORT SCAN DETECTED
2026-05-29 23:36:01,177 | ⚠ HOST DOMINANCE DETECTED
2026-05-29 23:36:01,177 | ⚠ POSSIBLE PORT SCAN DETECTED
2026-05-29 23:36:02,182 | ⚠ HOST DOMINANCE DETECTED
2026-05-29 23:36:02,183 | ⚠ POSSIBLE PORT SCAN DETECTED
2026-05-29 23:36:03,187 | ⚠ HOST DOMINANCE DETECTED
2026-05-29 23:36:03,188 | ⚠ POSSIBLE PORT SCAN DETECTED
2026-05-29 23:36:04,193 | ⚠ HOST DOMINANCE DETECTED
2026-05-29 23:36:04,193 | ⚠ POSSIBLE PORT SCAN DETECTED
2026-05-29 23:36:05,200 | ⚠ HOST DOMINANCE DETECTED
2026-05-29 23:36:05,201 | ⚠ POSSIBLE PORT SCAN DETECTED
2026-05-29 23:36:05,318 | ⚠ HOST DOMINANCE DETECTED
2026-05-29 23:36:05,319 | ⚠ POSSIBLE PORT SCAN DETECTED
2026-05-29 23:36:06,205 | ⚠ HOST DOMINANCE DETECTED
2026-05-29 23:36:06,206 | ⚠ POSSIBLE PORT SCAN DETECTED
2026-05-29 23:36:06,567 | ⚠ HOST DOMINANCE DETECTED
2026-05-29 23:36:06,567 | ⚠ POSSIBLE PORT SCAN DETECTED
2026-05-29 23:36:07,207 | ⚠ HOST DOMINANCE DETECTED
2026-05-29 23:36:07,208 | ⚠ POSSIBLE PORT SCAN DETECTED
2026-05-29 23:36:08,211 | ⚠ HOST DOMINANCE DETECTED
2026-05-29 23:36:08,211 | ⚠ POSSIBLE PORT SCAN DETECTED
2026-05-29 23:36:09,215 | ⚠ HOST DOMINANCE DETECTED
2026-05-29 23:36:09,215 | ⚠ POSSIBLE PORT SCAN DETECTED
2026-05-29 23:36:10,220 | ⚠ HOST DOMINANCE DETECTED
2026-05-29 23:36:10,221 | ⚠ POSSIBLE PORT SCAN DETECTED
2026-05-29 23:36:10,329 | ⚠ HOST DOMINANCE DETECTED
2026-05-29 23:36:10,329 | ⚠ POSSIBLE PORT SCAN DETECTED
2026-05-29 23:36:11,228 | ⚠ HOST DOMINANCE DETECTED
2026-05-29 23:36:11,228 | ⚠ POSSIBLE PORT SCAN DETECTED
2026-05-29 23:36:12,233 | ⚠ HOST DOMINANCE DETECTED
2026-05-29 23:36:12,233 | ⚠ POSSIBLE PORT SCAN DETECTED
2026-05-29 23:36:13,238 | ⚠ HOST DOMINANCE DETECTED
2026-05-29 23:36:13,239 | ⚠ POSSIBLE PORT SCAN DETECTED
2026-05-29 23:36:14,243 | ⚠ HOST DOMINANCE DETECTED
2026-05-29 23:36:14,243 | ⚠ POSSIBLE PORT SCAN DETECTED
2026-05-29 23:36:14,324 | ⚠ HOST DOMINANCE DETECTED
2026-05-29 23:36:14,324 | ⚠ POSSIBLE PORT SCAN DETECTED
2026-05-29 23:36:15,248 | ⚠ HOST DOMINANCE DETECTED
2026-05-29 23:36:15,248 | ⚠ POSSIBLE PORT SCAN DETECTED
2026-05-29 23:36:15,338 | ⚠ HOST DOMINANCE DETECTED
2026-05-29 23:36:15,338 | ⚠ POSSIBLE PORT SCAN DETECTED
2026-05-29 23:36:16,256 | ⚠ HOST DOMINANCE DETECTED
2026-05-29 23:36:16,256 | ⚠ POSSIBLE PORT SCAN DETECTED
2026-05-29 23:36:17,264 | ⚠ HOST DOMINANCE DETECTED
2026-05-29 23:36:17,264 | ⚠ POSSIBLE PORT SCAN DETECTED
2026-05-29 23:36:18,270 | ⚠ HOST DOMINANCE DETECTED
2026-05-29 23:36:18,270 | ⚠ POSSIBLE PORT SCAN DETECTED
2026-05-29 23:36:19,277 | ⚠ HOST DOMINANCE DETECTED
2026-05-29 23:36:19,278 | ⚠ POSSIBLE PORT SCAN DETECTED
2026-05-29 23:36:20,284 | ⚠ HOST DOMINANCE DETECTED
2026-05-29 23:36:20,284 | ⚠ POSSIBLE PORT SCAN DETECTED
2026-05-29 23:36:20,345 | ⚠ HOST DOMINANCE DETECTED
2026-05-29 23:36:20,345 | ⚠ POSSIBLE PORT SCAN DETECTED
2026-05-29 23:36:21,290 | ⚠ HOST DOMINANCE DETECTED
2026-05-29 23:36:21,290 | ⚠ POSSIBLE PORT SCAN DETECTED
2026-05-29 23:36:22,297 | ⚠ HOST DOMINANCE DETECTED
2026-05-29 23:36:22,298 | ⚠ POSSIBLE PORT SCAN DETECTED
2026-05-29 23:36:23,304 | ⚠ HOST DOMINANCE DETECTED
2026-05-29 23:36:23,305 | ⚠ POSSIBLE PORT SCAN DETECTED
2026-05-29 23:36:24,312 | ⚠ HOST DOMINANCE DETECTED
2026-05-29 23:36:24,312 | ⚠ POSSIBLE PORT SCAN DETECTED
2026-05-29 23:36:25,317 | ⚠ HOST DOMINANCE DETECTED
2026-05-29 23:36:25,317 | ⚠ POSSIBLE PORT SCAN DETECTED
2026-05-29 23:36:25,352 | ⚠ HOST DOMINANCE DETECTED
2026-05-29 23:36:25,354 | ⚠ POSSIBLE PORT SCAN DETECTED
2026-05-29 23:36:26,323 | ⚠ HOST DOMINANCE DETECTED
2026-05-29 23:36:26,323 | ⚠ POSSIBLE PORT SCAN DETECTED
2026-05-29 23:36:27,329 | ⚠ HOST DOMINANCE DETECTED
2026-05-29 23:36:27,330 | ⚠ POSSIBLE PORT SCAN DETECTED
2026-05-29 23:36:28,339 | ⚠ HOST DOMINANCE DETECTED
2026-05-29 23:36:28,339 | ⚠ POSSIBLE PORT SCAN DETECTED
2026-05-29 23:36:29,346 | ⚠ HOST DOMINANCE DETECTED
2026-05-29 23:36:29,347 | ⚠ POSSIBLE PORT SCAN DETECTED
2026-05-29 23:36:30,350 | ⚠ HOST DOMINANCE DETECTED
2026-05-29 23:36:30,351 | ⚠ POSSIBLE PORT SCAN DETECTED
2026-05-29 23:36:30,362 | ⚠ HOST DOMINANCE DETECTED
2026-05-29 23:36:30,363 | ⚠ POSSIBLE PORT SCAN DETECTED
2026-05-29 23:36:31,355 | ⚠ HOST DOMINANCE DETECTED
2026-05-29 23:36:31,356 | ⚠ POSSIBLE PORT SCAN DETECTED
2026-05-29 23:36:32,361 | ⚠ HOST DOMINANCE DETECTED
2026-05-29 23:36:32,362 | ⚠ POSSIBLE PORT SCAN DETECTED
2026-05-29 23:36:33,366 | ⚠ HOST DOMINANCE DETECTED
2026-05-29 23:36:33,367 | ⚠ POSSIBLE PORT SCAN DETECTED
2026-05-29 23:36:34,374 | ⚠ HOST DOMINANCE DETECTED
2026-05-29 23:36:34,375 | ⚠ POSSIBLE PORT SCAN DETECTED
2026-05-29 23:36:35,371 | ⚠ HOST DOMINANCE DETECTED
2026-05-29 23:36:35,371 | ⚠ POSSIBLE PORT SCAN DETECTED
2026-05-29 23:36:35,381 | ⚠ HOST DOMINANCE DETECTED
2026-05-29 23:36:35,381 | ⚠ POSSIBLE PORT SCAN DETECTED
2026-05-29 23:36:36,391 | ⚠ HOST DOMINANCE DETECTED
2026-05-29 23:36:36,392 | ⚠ POSSIBLE PORT SCAN DETECTED
2026-05-29 23:36:37,116 | ⚠ HOST DOMINANCE DETECTED
2026-05-29 23:36:37,117 | ⚠ POSSIBLE PORT SCAN DETECTED
2026-05-29 23:36:37,397 | ⚠ HOST DOMINANCE DETECTED
2026-05-29 23:36:37,397 | ⚠ POSSIBLE PORT SCAN DETECTED
2026-05-29 23:36:38,400 | ⚠ HOST DOMINANCE DETECTED
2026-05-29 23:36:38,401 | ⚠ POSSIBLE PORT SCAN DETECTED
2026-05-29 23:36:39,408 | ⚠ HOST DOMINANCE DETECTED
2026-05-29 23:36:39,410 | ⚠ POSSIBLE PORT SCAN DETECTED
2026-05-29 23:36:40,381 | ⚠ HOST DOMINANCE DETECTED
2026-05-29 23:36:40,381 | ⚠ POSSIBLE PORT SCAN DETECTED
2026-05-29 23:36:40,415 | ⚠ HOST DOMINANCE DETECTED
2026-05-29 23:36:40,416 | ⚠ POSSIBLE PORT SCAN DETECTED
2026-05-29 23:36:41,419 | ⚠ HOST DOMINANCE DETECTED
2026-05-29 23:36:41,420 | ⚠ POSSIBLE PORT SCAN DETECTED
2026-05-29 23:36:42,424 | ⚠ HOST DOMINANCE DETECTED
2026-05-29 23:36:42,425 | ⚠ POSSIBLE PORT SCAN DETECTED
2026-05-29 23:36:43,118 | ⚠ HOST DOMINANCE DETECTED
2026-05-29 23:36:43,119 | ⚠ POSSIBLE PORT SCAN DETECTED
2026-05-29 23:36:43,430 | ⚠ HOST DOMINANCE DETECTED
2026-05-29 23:36:43,430 | ⚠ POSSIBLE PORT SCAN DETECTED
2026-05-29 23:36:44,433 | ⚠ HOST DOMINANCE DETECTED
2026-05-29 23:36:44,434 | ⚠ POSSIBLE PORT SCAN DETECTED
2026-05-29 23:36:45,392 | ⚠ HOST DOMINANCE DETECTED
2026-05-29 23:36:45,392 | ⚠ POSSIBLE PORT SCAN DETECTED
2026-05-29 23:36:45,439 | ⚠ HOST DOMINANCE DETECTED
2026-05-29 23:36:45,439 | ⚠ POSSIBLE PORT SCAN DETECTED
2026-05-29 23:36:46,446 | ⚠ HOST DOMINANCE DETECTED
2026-05-29 23:36:46,446 | ⚠ POSSIBLE PORT SCAN DETECTED
2026-05-29 23:36:47,452 | ⚠ HOST DOMINANCE DETECTED
2026-05-29 23:36:47,453 | ⚠ POSSIBLE PORT SCAN DETECTED
2026-05-29 23:36:48,469 | ⚠ HOST DOMINANCE DETECTED
2026-05-29 23:36:48,469 | ⚠ POSSIBLE PORT SCAN DETECTED
2026-05-29 23:36:49,476 | ⚠ HOST DOMINANCE DETECTED
2026-05-29 23:36:49,477 | ⚠ POSSIBLE PORT SCAN DETECTED
2026-05-29 23:36:50,401 | ⚠ HOST DOMINANCE DETECTED
2026-05-29 23:36:50,401 | ⚠ POSSIBLE PORT SCAN DETECTED
2026-05-29 23:36:50,482 | ⚠ HOST DOMINANCE DETECTED
2026-05-29 23:36:50,483 | ⚠ POSSIBLE PORT SCAN DETECTED
2026-05-29 23:36:51,491 | ⚠ HOST DOMINANCE DETECTED
2026-05-29 23:36:51,492 | ⚠ POSSIBLE PORT SCAN DETECTED
2026-05-29 23:36:52,502 | ⚠ HOST DOMINANCE DETECTED
2026-05-29 23:36:52,503 | ⚠ POSSIBLE PORT SCAN DETECTED
2026-05-29 23:36:52,563 | ⚠ HOST DOMINANCE DETECTED
2026-05-29 23:36:52,563 | ⚠ POSSIBLE PORT SCAN DETECTED
2026-05-29 23:36:53,510 | ⚠ HOST DOMINANCE DETECTED
2026-05-29 23:36:53,510 | ⚠ POSSIBLE PORT SCAN DETECTED
2026-05-29 23:36:54,515 | ⚠ HOST DOMINANCE DETECTED
2026-05-29 23:36:54,516 | ⚠ POSSIBLE PORT SCAN DETECTED
2026-05-29 23:36:55,412 | ⚠ HOST DOMINANCE DETECTED
2026-05-29 23:36:55,412 | ⚠ POSSIBLE PORT SCAN DETECTED
2026-05-29 23:36:55,521 | ⚠ HOST DOMINANCE DETECTED
2026-05-29 23:36:55,521 | ⚠ POSSIBLE PORT SCAN DETECTED
2026-05-29 23:36:56,529 | ⚠ HOST DOMINANCE DETECTED
2026-05-29 23:36:56,530 | ⚠ POSSIBLE PORT SCAN DETECTED
2026-05-29 23:36:57,540 | ⚠ HOST DOMINANCE DETECTED
2026-05-29 23:36:57,540 | ⚠ POSSIBLE PORT SCAN DETECTED
2026-05-29 23:36:57,643 | ⚠ HOST DOMINANCE DETECTED
2026-05-29 23:36:57,644 | ⚠ POSSIBLE PORT SCAN DETECTED
2026-05-29 23:36:58,545 | ⚠ HOST DOMINANCE DETECTED
2026-05-29 23:36:58,547 | ⚠ POSSIBLE PORT SCAN DETECTED
2026-05-29 23:36:59,555 | ⚠ HOST DOMINANCE DETECTED
2026-05-29 23:36:59,555 | ⚠ POSSIBLE PORT SCAN DETECTED
2026-05-29 23:37:00,424 | ⚠ HOST DOMINANCE DETECTED
2026-05-29 23:37:00,425 | ⚠ POSSIBLE PORT SCAN DETECTED
2026-05-29 23:37:00,561 | ⚠ HOST DOMINANCE DETECTED
2026-05-29 23:37:00,562 | ⚠ POSSIBLE PORT SCAN DETECTED
2026-05-29 23:37:01,577 | ⚠ HOST DOMINANCE DETECTED
2026-05-29 23:37:01,578 | ⚠ POSSIBLE PORT SCAN DETECTED
2026-05-29 23:37:02,582 | ⚠ HOST DOMINANCE DETECTED
2026-05-29 23:37:02,582 | ⚠ POSSIBLE PORT SCAN DETECTED
2026-05-29 23:37:02,710 | ⚠ HOST DOMINANCE DETECTED
2026-05-29 23:37:02,710 | ⚠ POSSIBLE PORT SCAN DETECTED
2026-05-29 23:37:03,591 | ⚠ HOST DOMINANCE DETECTED
2026-05-29 23:37:03,592 | ⚠ POSSIBLE PORT SCAN DETECTED
2026-05-29 23:37:04,596 | ⚠ HOST DOMINANCE DETECTED
2026-05-29 23:37:04,596 | ⚠ POSSIBLE PORT SCAN DETECTED
2026-05-29 23:37:05,438 | ⚠ HOST DOMINANCE DETECTED
2026-05-29 23:37:05,439 | ⚠ POSSIBLE PORT SCAN DETECTED
2026-05-29 23:37:05,601 | ⚠ HOST DOMINANCE DETECTED
2026-05-29 23:37:05,601 | ⚠ POSSIBLE PORT SCAN DETECTED
2026-05-29 23:37:06,606 | ⚠ HOST DOMINANCE DETECTED
2026-05-29 23:37:06,606 | ⚠ POSSIBLE PORT SCAN DETECTED
2026-05-29 23:37:07,611 | ⚠ HOST DOMINANCE DETECTED
2026-05-29 23:37:07,611 | ⚠ POSSIBLE PORT SCAN DETECTED
2026-05-29 23:37:07,625 | ⚠ HOST DOMINANCE DETECTED
2026-05-29 23:37:07,625 | ⚠ POSSIBLE PORT SCAN DETECTED
2026-05-29 23:37:08,308 | ⚠ HOST DOMINANCE DETECTED
2026-05-29 23:37:08,308 | ⚠ POSSIBLE PORT SCAN DETECTED
2026-05-29 23:37:08,616 | ⚠ HOST DOMINANCE DETECTED
2026-05-29 23:37:08,616 | ⚠ POSSIBLE PORT SCAN DETECTED
2026-05-29 23:37:09,620 | ⚠ HOST DOMINANCE DETECTED
2026-05-29 23:37:09,620 | ⚠ POSSIBLE PORT SCAN DETECTED
2026-05-29 23:37:10,448 | ⚠ HOST DOMINANCE DETECTED
2026-05-29 23:37:10,450 | ⚠ POSSIBLE PORT SCAN DETECTED
2026-05-29 23:37:10,624 | ⚠ HOST DOMINANCE DETECTED
2026-05-29 23:37:10,624 | ⚠ POSSIBLE PORT SCAN DETECTED
2026-05-29 23:37:11,628 | ⚠ HOST DOMINANCE DETECTED
2026-05-29 23:37:11,629 | ⚠ POSSIBLE PORT SCAN DETECTED
2026-05-29 23:37:12,634 | ⚠ HOST DOMINANCE DETECTED
2026-05-29 23:37:12,634 | ⚠ POSSIBLE PORT SCAN DETECTED
2026-05-29 23:37:13,641 | ⚠ HOST DOMINANCE DETECTED
2026-05-29 23:37:13,641 | ⚠ POSSIBLE PORT SCAN DETECTED
2026-05-29 23:37:14,646 | ⚠ HOST DOMINANCE DETECTED
2026-05-29 23:37:14,647 | ⚠ POSSIBLE PORT SCAN DETECTED
2026-05-29 23:37:15,484 | ⚠ HOST DOMINANCE DETECTED
2026-05-29 23:37:15,484 | ⚠ POSSIBLE PORT SCAN DETECTED
2026-05-29 23:37:15,657 | ⚠ HOST DOMINANCE DETECTED
2026-05-29 23:37:15,658 | ⚠ POSSIBLE PORT SCAN DETECTED
2026-05-29 23:37:16,661 | ⚠ HOST DOMINANCE DETECTED
2026-05-29 23:37:16,661 | ⚠ POSSIBLE PORT SCAN DETECTED
2026-05-29 23:37:17,666 | ⚠ HOST DOMINANCE DETECTED
2026-05-29 23:37:17,666 | ⚠ POSSIBLE PORT SCAN DETECTED
2026-05-29 23:37:18,671 | ⚠ HOST DOMINANCE DETECTED
2026-05-29 23:37:18,671 | ⚠ POSSIBLE PORT SCAN DETECTED
2026-05-29 23:37:19,676 | ⚠ HOST DOMINANCE DETECTED
2026-05-29 23:37:19,676 | ⚠ POSSIBLE PORT SCAN DETECTED
2026-05-29 23:37:20,532 | ⚠ HOST DOMINANCE DETECTED
2026-05-29 23:37:20,532 | ⚠ POSSIBLE PORT SCAN DETECTED
2026-05-29 23:37:20,681 | ⚠ HOST DOMINANCE DETECTED
2026-05-29 23:37:20,681 | ⚠ POSSIBLE PORT SCAN DETECTED
2026-05-29 23:37:21,684 | ⚠ HOST DOMINANCE DETECTED
2026-05-29 23:37:21,685 | ⚠ POSSIBLE PORT SCAN DETECTED
2026-05-29 23:37:22,690 | ⚠ HOST DOMINANCE DETECTED
2026-05-29 23:37:22,690 | ⚠ POSSIBLE PORT SCAN DETECTED
2026-05-29 23:37:23,694 | ⚠ HOST DOMINANCE DETECTED
2026-05-29 23:37:23,694 | ⚠ POSSIBLE PORT SCAN DETECTED
2026-05-29 23:37:24,699 | ⚠ HOST DOMINANCE DETECTED
2026-05-29 23:37:24,699 | ⚠ POSSIBLE PORT SCAN DETECTED
2026-05-29 23:37:25,542 | ⚠ HOST DOMINANCE DETECTED
2026-05-29 23:37:25,542 | ⚠ POSSIBLE PORT SCAN DETECTED
2026-05-29 23:37:25,705 | ⚠ HOST DOMINANCE DETECTED
2026-05-29 23:37:25,706 | ⚠ POSSIBLE PORT SCAN DETECTED
2026-05-29 23:37:26,710 | ⚠ HOST DOMINANCE DETECTED
2026-05-29 23:37:26,710 | ⚠ POSSIBLE PORT SCAN DETECTED
2026-05-29 23:37:27,715 | ⚠ HOST DOMINANCE DETECTED
2026-05-29 23:37:27,715 | ⚠ POSSIBLE PORT SCAN DETECTED
2026-05-29 23:37:28,721 | ⚠ HOST DOMINANCE DETECTED
2026-05-29 23:37:28,723 | ⚠ POSSIBLE PORT SCAN DETECTED
2026-05-29 23:37:29,732 | ⚠ HOST DOMINANCE DETECTED
2026-05-29 23:37:29,732 | ⚠ POSSIBLE PORT SCAN DETECTED
2026-05-29 23:37:30,547 | ⚠ HOST DOMINANCE DETECTED
2026-05-29 23:37:30,547 | ⚠ POSSIBLE PORT SCAN DETECTED
2026-05-29 23:37:30,736 | ⚠ HOST DOMINANCE DETECTED
2026-05-29 23:37:30,736 | ⚠ POSSIBLE PORT SCAN DETECTED
2026-05-29 23:37:31,742 | ⚠ HOST DOMINANCE DETECTED
2026-05-29 23:37:31,742 | ⚠ POSSIBLE PORT SCAN DETECTED
2026-05-29 23:37:32,747 | ⚠ HOST DOMINANCE DETECTED
2026-05-29 23:37:32,747 | ⚠ POSSIBLE PORT SCAN DETECTED
2026-05-29 23:37:33,751 | ⚠ HOST DOMINANCE DETECTED
2026-05-29 23:37:33,751 | ⚠ POSSIBLE PORT SCAN DETECTED
2026-05-29 23:37:34,757 | ⚠ HOST DOMINANCE DETECTED
2026-05-29 23:37:34,757 | ⚠ POSSIBLE PORT SCAN DETECTED
2026-05-29 23:37:35,555 | ⚠ HOST DOMINANCE DETECTED
2026-05-29 23:37:35,555 | ⚠ POSSIBLE PORT SCAN DETECTED
2026-05-29 23:37:35,762 | ⚠ HOST DOMINANCE DETECTED
2026-05-29 23:37:35,762 | ⚠ POSSIBLE PORT SCAN DETECTED
2026-05-29 23:37:35,954 | ⚠ HOST DOMINANCE DETECTED
2026-05-29 23:37:35,954 | ⚠ POSSIBLE PORT SCAN DETECTED
2026-05-29 23:37:36,764 | ⚠ HOST DOMINANCE DETECTED
2026-05-29 23:37:36,764 | ⚠ POSSIBLE PORT SCAN DETECTED
2026-05-29 23:37:37,767 | ⚠ HOST DOMINANCE DETECTED
2026-05-29 23:37:37,767 | ⚠ POSSIBLE PORT SCAN DETECTED
2026-05-29 23:37:38,155 | ⚠ HOST DOMINANCE DETECTED
2026-05-29 23:37:38,156 | ⚠ POSSIBLE PORT SCAN DETECTED
2026-05-29 23:37:38,772 | ⚠ HOST DOMINANCE DETECTED
2026-05-29 23:37:38,772 | ⚠ POSSIBLE PORT SCAN DETECTED
2026-05-29 23:37:39,776 | ⚠ HOST DOMINANCE DETECTED
2026-05-29 23:37:39,777 | ⚠ POSSIBLE PORT SCAN DETECTED
2026-05-29 23:37:40,565 | ⚠ HOST DOMINANCE DETECTED
2026-05-29 23:37:40,565 | ⚠ POSSIBLE PORT SCAN DETECTED
2026-05-29 23:37:40,784 | ⚠ HOST DOMINANCE DETECTED
2026-05-29 23:37:40,785 | ⚠ POSSIBLE PORT SCAN DETECTED
2026-05-29 23:37:41,791 | ⚠ HOST DOMINANCE DETECTED
2026-05-29 23:37:41,791 | ⚠ POSSIBLE PORT SCAN DETECTED
2026-05-29 23:37:42,794 | ⚠ HOST DOMINANCE DETECTED
2026-05-29 23:37:42,794 | ⚠ POSSIBLE PORT SCAN DETECTED
2026-05-29 23:37:43,800 | ⚠ HOST DOMINANCE DETECTED
2026-05-29 23:37:43,802 | ⚠ POSSIBLE PORT SCAN DETECTED
2026-05-29 23:37:44,807 | ⚠ HOST DOMINANCE DETECTED
2026-05-29 23:37:44,808 | ⚠ POSSIBLE PORT SCAN DETECTED
2026-05-29 23:37:45,574 | ⚠ HOST DOMINANCE DETECTED
2026-05-29 23:37:45,575 | ⚠ POSSIBLE PORT SCAN DETECTED
2026-05-29 23:37:45,813 | ⚠ HOST DOMINANCE DETECTED
2026-05-29 23:37:45,814 | ⚠ POSSIBLE PORT SCAN DETECTED
2026-05-29 23:37:46,818 | ⚠ HOST DOMINANCE DETECTED
2026-05-29 23:37:46,818 | ⚠ POSSIBLE PORT SCAN DETECTED
2026-05-29 23:37:47,821 | ⚠ HOST DOMINANCE DETECTED
2026-05-29 23:37:47,821 | ⚠ POSSIBLE PORT SCAN DETECTED
2026-05-29 23:37:48,825 | ⚠ HOST DOMINANCE DETECTED
2026-05-29 23:37:48,825 | ⚠ POSSIBLE PORT SCAN DETECTED
2026-05-29 23:37:49,829 | ⚠ HOST DOMINANCE DETECTED
2026-05-29 23:37:49,830 | ⚠ POSSIBLE PORT SCAN DETECTED
2026-05-29 23:37:50,583 | ⚠ HOST DOMINANCE DETECTED
2026-05-29 23:37:50,583 | ⚠ POSSIBLE PORT SCAN DETECTED
2026-05-29 23:37:50,836 | ⚠ HOST DOMINANCE DETECTED
2026-05-29 23:37:50,836 | ⚠ POSSIBLE PORT SCAN DETECTED
2026-05-29 23:37:51,844 | ⚠ HOST DOMINANCE DETECTED
2026-05-29 23:37:51,844 | ⚠ POSSIBLE PORT SCAN DETECTED
2026-05-29 23:37:52,848 | ⚠ HOST DOMINANCE DETECTED
2026-05-29 23:37:52,848 | ⚠ POSSIBLE PORT SCAN DETECTED
2026-05-29 23:37:53,857 | ⚠ HOST DOMINANCE DETECTED
2026-05-29 23:37:53,857 | ⚠ POSSIBLE PORT SCAN DETECTED
2026-05-29 23:37:54,862 | ⚠ HOST DOMINANCE DETECTED
2026-05-29 23:37:54,863 | ⚠ POSSIBLE PORT SCAN DETECTED
2026-05-29 23:37:55,593 | ⚠ HOST DOMINANCE DETECTED
2026-05-29 23:37:55,594 | ⚠ POSSIBLE PORT SCAN DETECTED
2026-05-29 23:37:55,868 | ⚠ HOST DOMINANCE DETECTED
2026-05-29 23:37:55,868 | ⚠ POSSIBLE PORT SCAN DETECTED
2026-05-29 23:37:56,873 | ⚠ HOST DOMINANCE DETECTED
2026-05-29 23:37:56,873 | ⚠ POSSIBLE PORT SCAN DETECTED
2026-05-29 23:37:57,877 | ⚠ HOST DOMINANCE DETECTED
2026-05-29 23:37:57,877 | ⚠ POSSIBLE PORT SCAN DETECTED
2026-05-29 23:37:58,884 | ⚠ HOST DOMINANCE DETECTED
2026-05-29 23:37:58,884 | ⚠ POSSIBLE PORT SCAN DETECTED
2026-05-29 23:37:59,890 | ⚠ HOST DOMINANCE DETECTED
2026-05-29 23:37:59,890 | ⚠ POSSIBLE PORT SCAN DETECTED
2026-05-29 23:38:00,597 | ⚠ HOST DOMINANCE DETECTED
2026-05-29 23:38:00,598 | ⚠ POSSIBLE PORT SCAN DETECTED
2026-05-29 23:38:00,893 | ⚠ HOST DOMINANCE DETECTED
2026-05-29 23:38:00,893 | ⚠ POSSIBLE PORT SCAN DETECTED
2026-05-29 23:38:01,897 | ⚠ HOST DOMINANCE DETECTED
2026-05-29 23:38:01,897 | ⚠ POSSIBLE PORT SCAN DETECTED
2026-05-29 23:38:02,902 | ⚠ HOST DOMINANCE DETECTED
2026-05-29 23:38:02,902 | ⚠ POSSIBLE PORT SCAN DETECTED
2026-05-29 23:38:02,944 | ⚠ HOST DOMINANCE DETECTED
2026-05-29 23:38:02,944 | ⚠ POSSIBLE PORT SCAN DETECTED
2026-05-29 23:38:03,908 | ⚠ HOST DOMINANCE DETECTED
2026-05-29 23:38:03,908 | ⚠ POSSIBLE PORT SCAN DETECTED
2026-05-29 23:38:04,912 | ⚠ HOST DOMINANCE DETECTED
2026-05-29 23:38:04,912 | ⚠ POSSIBLE PORT SCAN DETECTED
2026-05-29 23:38:05,606 | ⚠ HOST DOMINANCE DETECTED
2026-05-29 23:38:05,607 | ⚠ POSSIBLE PORT SCAN DETECTED
2026-05-29 23:38:05,917 | ⚠ HOST DOMINANCE DETECTED
2026-05-29 23:38:05,917 | ⚠ POSSIBLE PORT SCAN DETECTED
2026-05-29 23:38:06,922 | ⚠ HOST DOMINANCE DETECTED
2026-05-29 23:38:06,922 | ⚠ POSSIBLE PORT SCAN DETECTED
2026-05-29 23:38:07,925 | ⚠ HOST DOMINANCE DETECTED
2026-05-29 23:38:07,925 | ⚠ POSSIBLE PORT SCAN DETECTED
2026-05-29 23:38:08,663 | ⚠ HOST DOMINANCE DETECTED
2026-05-29 23:38:08,664 | ⚠ POSSIBLE PORT SCAN DETECTED
2026-05-29 23:38:08,927 | ⚠ HOST DOMINANCE DETECTED
2026-05-29 23:38:08,927 | ⚠ POSSIBLE PORT SCAN DETECTED
2026-05-29 23:38:09,931 | ⚠ HOST DOMINANCE DETECTED
2026-05-29 23:38:09,932 | ⚠ POSSIBLE PORT SCAN DETECTED
2026-05-29 23:38:10,625 | ⚠ HOST DOMINANCE DETECTED
2026-05-29 23:38:10,625 | ⚠ POSSIBLE PORT SCAN DETECTED
2026-05-29 23:38:10,937 | ⚠ HOST DOMINANCE DETECTED
2026-05-29 23:38:10,938 | ⚠ POSSIBLE PORT SCAN DETECTED
2026-05-29 23:38:11,945 | ⚠ HOST DOMINANCE DETECTED
2026-05-29 23:38:11,945 | ⚠ POSSIBLE PORT SCAN DETECTED
2026-05-29 23:38:12,950 | ⚠ HOST DOMINANCE DETECTED
2026-05-29 23:38:12,952 | ⚠ POSSIBLE PORT SCAN DETECTED
2026-05-29 23:38:13,959 | ⚠ HOST DOMINANCE DETECTED
2026-05-29 23:38:13,959 | ⚠ POSSIBLE PORT SCAN DETECTED
2026-05-29 23:38:14,963 | ⚠ HOST DOMINANCE DETECTED
2026-05-29 23:38:14,965 | ⚠ POSSIBLE PORT SCAN DETECTED
2026-05-29 23:38:15,632 | ⚠ HOST DOMINANCE DETECTED
2026-05-29 23:38:15,633 | ⚠ POSSIBLE PORT SCAN DETECTED
2026-05-29 23:38:15,968 | ⚠ HOST DOMINANCE DETECTED
2026-05-29 23:38:15,968 | ⚠ POSSIBLE PORT SCAN DETECTED
2026-05-29 23:38:16,973 | ⚠ HOST DOMINANCE DETECTED
2026-05-29 23:38:16,973 | ⚠ POSSIBLE PORT SCAN DETECTED
2026-05-29 23:38:17,979 | ⚠ HOST DOMINANCE DETECTED
2026-05-29 23:38:17,979 | ⚠ POSSIBLE PORT SCAN DETECTED
2026-05-29 23:38:18,984 | ⚠ HOST DOMINANCE DETECTED
2026-05-29 23:38:18,985 | ⚠ POSSIBLE PORT SCAN DETECTED
2026-05-29 23:38:19,991 | ⚠ HOST DOMINANCE DETECTED
2026-05-29 23:38:19,991 | ⚠ POSSIBLE PORT SCAN DETECTED
2026-05-29 23:38:20,641 | ⚠ HOST DOMINANCE DETECTED
2026-05-29 23:38:20,642 | ⚠ POSSIBLE PORT SCAN DETECTED
2026-05-29 23:38:20,998 | ⚠ HOST DOMINANCE DETECTED
2026-05-29 23:38:20,998 | ⚠ POSSIBLE PORT SCAN DETECTED
2026-05-29 23:38:22,004 | ⚠ HOST DOMINANCE DETECTED
2026-05-29 23:38:22,005 | ⚠ POSSIBLE PORT SCAN DETECTED
2026-05-29 23:38:23,011 | ⚠ HOST DOMINANCE DETECTED
2026-05-29 23:38:23,012 | ⚠ POSSIBLE PORT SCAN DETECTED
2026-05-29 23:38:24,018 | ⚠ HOST DOMINANCE DETECTED
2026-05-29 23:38:24,018 | ⚠ POSSIBLE PORT SCAN DETECTED
2026-05-29 23:38:25,022 | ⚠ HOST DOMINANCE DETECTED
2026-05-29 23:38:25,023 | ⚠ POSSIBLE PORT SCAN DETECTED
2026-05-29 23:38:25,648 | ⚠ HOST DOMINANCE DETECTED
2026-05-29 23:38:25,649 | ⚠ POSSIBLE PORT SCAN DETECTED
2026-05-29 23:38:26,026 | ⚠ HOST DOMINANCE DETECTED
2026-05-29 23:38:26,027 | ⚠ POSSIBLE PORT SCAN DETECTED
2026-05-29 23:38:27,033 | ⚠ HOST DOMINANCE DETECTED
2026-05-29 23:38:27,034 | ⚠ POSSIBLE PORT SCAN DETECTED
2026-05-29 23:38:27,850 | ⚠ HOST DOMINANCE DETECTED
2026-05-29 23:38:27,850 | ⚠ POSSIBLE PORT SCAN DETECTED
2026-05-29 23:38:28,040 | ⚠ HOST DOMINANCE DETECTED
2026-05-29 23:38:28,041 | ⚠ POSSIBLE PORT SCAN DETECTED
2026-05-29 23:38:29,047 | ⚠ HOST DOMINANCE DETECTED
2026-05-29 23:38:29,047 | ⚠ POSSIBLE PORT SCAN DETECTED
2026-05-29 23:38:30,055 | ⚠ HOST DOMINANCE DETECTED
2026-05-29 23:38:30,055 | ⚠ POSSIBLE PORT SCAN DETECTED
2026-05-29 23:38:30,657 | ⚠ HOST DOMINANCE DETECTED
2026-05-29 23:38:30,658 | ⚠ POSSIBLE PORT SCAN DETECTED
2026-05-29 23:38:31,062 | ⚠ HOST DOMINANCE DETECTED
2026-05-29 23:38:31,062 | ⚠ POSSIBLE PORT SCAN DETECTED
2026-05-29 23:38:32,068 | ⚠ HOST DOMINANCE DETECTED
2026-05-29 23:38:32,068 | ⚠ POSSIBLE PORT SCAN DETECTED
2026-05-29 23:38:32,940 | ⚠ HOST DOMINANCE DETECTED
2026-05-29 23:38:32,940 | ⚠ POSSIBLE PORT SCAN DETECTED
2026-05-29 23:38:33,073 | ⚠ HOST DOMINANCE DETECTED
2026-05-29 23:38:33,074 | ⚠ POSSIBLE PORT SCAN DETECTED
2026-05-29 23:38:34,080 | ⚠ HOST DOMINANCE DETECTED
2026-05-29 23:38:34,080 | ⚠ POSSIBLE PORT SCAN DETECTED
2026-05-29 23:38:35,084 | ⚠ HOST DOMINANCE DETECTED
2026-05-29 23:38:35,084 | ⚠ POSSIBLE PORT SCAN DETECTED
2026-05-29 23:38:35,675 | ⚠ HOST DOMINANCE DETECTED
2026-05-29 23:38:35,676 | ⚠ POSSIBLE PORT SCAN DETECTED
2026-05-29 23:38:36,091 | ⚠ HOST DOMINANCE DETECTED
2026-05-29 23:38:36,091 | ⚠ POSSIBLE PORT SCAN DETECTED
2026-05-29 23:38:37,100 | ⚠ HOST DOMINANCE DETECTED
2026-05-29 23:38:37,101 | ⚠ POSSIBLE PORT SCAN DETECTED
2026-05-29 23:38:37,917 | ⚠ HOST DOMINANCE DETECTED
2026-05-29 23:38:37,918 | ⚠ POSSIBLE PORT SCAN DETECTED
2026-05-29 23:38:38,103 | ⚠ HOST DOMINANCE DETECTED
2026-05-29 23:38:38,104 | ⚠ POSSIBLE PORT SCAN DETECTED
2026-05-29 23:38:39,108 | ⚠ HOST DOMINANCE DETECTED
2026-05-29 23:38:39,109 | ⚠ POSSIBLE PORT SCAN DETECTED
2026-05-29 23:38:39,168 | ⚠ HOST DOMINANCE DETECTED
2026-05-29 23:38:39,168 | ⚠ POSSIBLE PORT SCAN DETECTED
2026-05-29 23:38:40,115 | ⚠ HOST DOMINANCE DETECTED
2026-05-29 23:38:40,115 | ⚠ POSSIBLE PORT SCAN DETECTED
2026-05-29 23:38:40,697 | ⚠ HOST DOMINANCE DETECTED
2026-05-29 23:38:40,697 | ⚠ POSSIBLE PORT SCAN DETECTED
2026-05-29 23:38:41,118 | ⚠ HOST DOMINANCE DETECTED
2026-05-29 23:38:41,119 | ⚠ POSSIBLE PORT SCAN DETECTED
2026-05-29 23:38:42,122 | ⚠ HOST DOMINANCE DETECTED
2026-05-29 23:38:42,122 | ⚠ POSSIBLE PORT SCAN DETECTED
2026-05-29 23:38:42,927 | ⚠ HOST DOMINANCE DETECTED
2026-05-29 23:38:42,927 | ⚠ POSSIBLE PORT SCAN DETECTED
2026-05-29 23:38:43,126 | ⚠ HOST DOMINANCE DETECTED
2026-05-29 23:38:43,126 | ⚠ POSSIBLE PORT SCAN DETECTED
2026-05-29 23:38:44,129 | ⚠ HOST DOMINANCE DETECTED
2026-05-29 23:38:44,130 | ⚠ POSSIBLE PORT SCAN DETECTED
2026-05-29 23:38:45,135 | ⚠ HOST DOMINANCE DETECTED
2026-05-29 23:38:45,135 | ⚠ POSSIBLE PORT SCAN DETECTED
2026-05-29 23:38:45,706 | ⚠ HOST DOMINANCE DETECTED
2026-05-29 23:38:45,706 | ⚠ POSSIBLE PORT SCAN DETECTED
2026-05-29 23:38:46,140 | ⚠ HOST DOMINANCE DETECTED
2026-05-29 23:38:46,140 | ⚠ POSSIBLE PORT SCAN DETECTED
2026-05-29 23:38:47,144 | ⚠ HOST DOMINANCE DETECTED
2026-05-29 23:38:47,145 | ⚠ POSSIBLE PORT SCAN DETECTED
2026-05-29 23:38:47,463 | ⚠ HOST DOMINANCE DETECTED
2026-05-29 23:38:47,463 | ⚠ POSSIBLE PORT SCAN DETECTED
2026-05-29 23:38:48,149 | ⚠ HOST DOMINANCE DETECTED
2026-05-29 23:38:48,149 | ⚠ POSSIBLE PORT SCAN DETECTED
2026-05-29 23:38:49,153 | ⚠ HOST DOMINANCE DETECTED
2026-05-29 23:38:49,153 | ⚠ POSSIBLE PORT SCAN DETECTED
2026-05-29 23:38:49,994 | ⚠ HOST DOMINANCE DETECTED
2026-05-29 23:38:49,995 | ⚠ POSSIBLE PORT SCAN DETECTED
2026-05-29 23:38:50,158 | ⚠ HOST DOMINANCE DETECTED
2026-05-29 23:38:50,158 | ⚠ POSSIBLE PORT SCAN DETECTED
2026-05-29 23:38:50,716 | ⚠ HOST DOMINANCE DETECTED
2026-05-29 23:38:50,718 | ⚠ POSSIBLE PORT SCAN DETECTED
2026-05-29 23:38:51,162 | ⚠ HOST DOMINANCE DETECTED
2026-05-29 23:38:51,162 | ⚠ POSSIBLE PORT SCAN DETECTED
2026-05-29 23:38:52,167 | ⚠ HOST DOMINANCE DETECTED
2026-05-29 23:38:52,168 | ⚠ POSSIBLE PORT SCAN DETECTED
2026-05-29 23:38:53,175 | ⚠ HOST DOMINANCE DETECTED
2026-05-29 23:38:53,175 | ⚠ POSSIBLE PORT SCAN DETECTED
2026-05-29 23:38:54,179 | ⚠ HOST DOMINANCE DETECTED
2026-05-29 23:38:54,180 | ⚠ POSSIBLE PORT SCAN DETECTED
2026-05-29 23:38:55,006 | ⚠ HOST DOMINANCE DETECTED
2026-05-29 23:38:55,006 | ⚠ POSSIBLE PORT SCAN DETECTED
2026-05-29 23:38:55,183 | ⚠ HOST DOMINANCE DETECTED
2026-05-29 23:38:55,183 | ⚠ POSSIBLE PORT SCAN DETECTED
2026-05-29 23:38:55,724 | ⚠ HOST DOMINANCE DETECTED
2026-05-29 23:38:55,724 | ⚠ POSSIBLE PORT SCAN DETECTED
2026-05-29 23:38:56,188 | ⚠ HOST DOMINANCE DETECTED
2026-05-29 23:38:56,188 | ⚠ POSSIBLE PORT SCAN DETECTED
2026-05-29 23:38:57,193 | ⚠ HOST DOMINANCE DETECTED
2026-05-29 23:38:57,193 | ⚠ POSSIBLE PORT SCAN DETECTED
2026-05-29 23:38:58,201 | ⚠ HOST DOMINANCE DETECTED
2026-05-29 23:38:58,201 | ⚠ POSSIBLE PORT SCAN DETECTED
2026-05-29 23:38:58,596 | ⚠ HOST DOMINANCE DETECTED
2026-05-29 23:38:58,597 | ⚠ POSSIBLE PORT SCAN DETECTED
2026-05-29 23:38:59,206 | ⚠ HOST DOMINANCE DETECTED
2026-05-29 23:38:59,206 | ⚠ POSSIBLE PORT SCAN DETECTED
2026-05-29 23:39:00,209 | ⚠ HOST DOMINANCE DETECTED
2026-05-29 23:39:00,209 | ⚠ POSSIBLE PORT SCAN DETECTED
2026-05-29 23:39:00,729 | ⚠ HOST DOMINANCE DETECTED
2026-05-29 23:39:00,729 | ⚠ POSSIBLE PORT SCAN DETECTED
2026-05-29 23:39:01,213 | ⚠ HOST DOMINANCE DETECTED
2026-05-29 23:39:01,213 | ⚠ POSSIBLE PORT SCAN DETECTED
2026-05-29 23:39:02,217 | ⚠ HOST DOMINANCE DETECTED
2026-05-29 23:39:02,217 | ⚠ POSSIBLE PORT SCAN DETECTED
2026-05-29 23:39:03,220 | ⚠ HOST DOMINANCE DETECTED
2026-05-29 23:39:03,221 | ⚠ POSSIBLE PORT SCAN DETECTED
2026-05-29 23:39:03,614 | ⚠ HOST DOMINANCE DETECTED
2026-05-29 23:39:03,614 | ⚠ POSSIBLE PORT SCAN DETECTED
2026-05-29 23:39:04,229 | ⚠ HOST DOMINANCE DETECTED
2026-05-29 23:39:04,230 | ⚠ POSSIBLE PORT SCAN DETECTED
2026-05-29 23:39:05,234 | ⚠ HOST DOMINANCE DETECTED
2026-05-29 23:39:05,234 | ⚠ POSSIBLE PORT SCAN DETECTED
2026-05-29 23:39:05,735 | ⚠ HOST DOMINANCE DETECTED
2026-05-29 23:39:05,736 | ⚠ POSSIBLE PORT SCAN DETECTED
2026-05-29 23:39:06,239 | ⚠ HOST DOMINANCE DETECTED
2026-05-29 23:39:06,239 | ⚠ POSSIBLE PORT SCAN DETECTED
2026-05-29 23:39:07,243 | ⚠ HOST DOMINANCE DETECTED
2026-05-29 23:39:07,243 | ⚠ POSSIBLE PORT SCAN DETECTED
2026-05-29 23:39:08,246 | ⚠ HOST DOMINANCE DETECTED
2026-05-29 23:39:08,246 | ⚠ POSSIBLE PORT SCAN DETECTED
2026-05-29 23:39:08,651 | ⚠ HOST DOMINANCE DETECTED
2026-05-29 23:39:08,652 | ⚠ POSSIBLE PORT SCAN DETECTED
2026-05-29 23:39:09,254 | ⚠ HOST DOMINANCE DETECTED
2026-05-29 23:39:09,255 | ⚠ POSSIBLE PORT SCAN DETECTED
2026-05-29 23:39:09,795 | ⚠ HOST DOMINANCE DETECTED
2026-05-29 23:39:09,796 | ⚠ POSSIBLE PORT SCAN DETECTED
2026-05-29 23:39:10,263 | ⚠ HOST DOMINANCE DETECTED
2026-05-29 23:39:10,263 | ⚠ POSSIBLE PORT SCAN DETECTED
2026-05-29 23:39:10,744 | ⚠ HOST DOMINANCE DETECTED
2026-05-29 23:39:10,745 | ⚠ POSSIBLE PORT SCAN DETECTED
2026-05-29 23:39:11,265 | ⚠ HOST DOMINANCE DETECTED
2026-05-29 23:39:11,266 | ⚠ POSSIBLE PORT SCAN DETECTED
2026-05-29 23:39:12,268 | ⚠ HOST DOMINANCE DETECTED
2026-05-29 23:39:12,269 | ⚠ POSSIBLE PORT SCAN DETECTED
2026-05-29 23:39:13,272 | ⚠ HOST DOMINANCE DETECTED
2026-05-29 23:39:13,272 | ⚠ POSSIBLE PORT SCAN DETECTED
2026-05-29 23:39:13,767 | ⚠ HOST DOMINANCE DETECTED
2026-05-29 23:39:13,767 | ⚠ POSSIBLE PORT SCAN DETECTED
2026-05-29 23:39:14,355 | ⚠ HOST DOMINANCE DETECTED
2026-05-29 23:39:14,356 | ⚠ POSSIBLE PORT SCAN DETECTED
2026-05-29 23:39:15,376 | ⚠ HOST DOMINANCE DETECTED
2026-05-29 23:39:15,376 | ⚠ POSSIBLE PORT SCAN DETECTED
2026-05-29 23:39:15,753 | ⚠ HOST DOMINANCE DETECTED
2026-05-29 23:39:15,753 | ⚠ POSSIBLE PORT SCAN DETECTED
2026-05-29 23:39:16,380 | ⚠ HOST DOMINANCE DETECTED
2026-05-29 23:39:16,381 | ⚠ POSSIBLE PORT SCAN DETECTED
2026-05-29 23:39:17,388 | ⚠ HOST DOMINANCE DETECTED
2026-05-29 23:39:17,389 | ⚠ POSSIBLE PORT SCAN DETECTED
2026-05-29 23:39:18,393 | ⚠ HOST DOMINANCE DETECTED
2026-05-29 23:39:18,393 | ⚠ POSSIBLE PORT SCAN DETECTED
2026-05-29 23:39:19,398 | ⚠ HOST DOMINANCE DETECTED
2026-05-29 23:39:19,399 | ⚠ POSSIBLE PORT SCAN DETECTED
2026-05-29 23:39:20,403 | ⚠ HOST DOMINANCE DETECTED
2026-05-29 23:39:20,403 | ⚠ POSSIBLE PORT SCAN DETECTED
2026-05-29 23:39:20,764 | ⚠ HOST DOMINANCE DETECTED
2026-05-29 23:39:20,765 | ⚠ POSSIBLE PORT SCAN DETECTED
2026-05-29 23:39:21,407 | ⚠ HOST DOMINANCE DETECTED
2026-05-29 23:39:21,407 | ⚠ POSSIBLE PORT SCAN DETECTED
2026-05-29 23:39:22,411 | ⚠ HOST DOMINANCE DETECTED
2026-05-29 23:39:22,411 | ⚠ POSSIBLE PORT SCAN DETECTED
2026-05-29 23:39:23,414 | ⚠ HOST DOMINANCE DETECTED
2026-05-29 23:39:23,414 | ⚠ POSSIBLE PORT SCAN DETECTED
2026-05-29 23:39:24,418 | ⚠ HOST DOMINANCE DETECTED
2026-05-29 23:39:24,418 | ⚠ POSSIBLE PORT SCAN DETECTED
2026-05-29 23:39:25,422 | ⚠ HOST DOMINANCE DETECTED
2026-05-29 23:39:25,422 | ⚠ POSSIBLE PORT SCAN DETECTED
2026-05-29 23:39:25,778 | ⚠ HOST DOMINANCE DETECTED
2026-05-29 23:39:25,781 | ⚠ POSSIBLE PORT SCAN DETECTED
2026-05-29 23:39:26,424 | ⚠ HOST DOMINANCE DETECTED
2026-05-29 23:39:26,425 | ⚠ POSSIBLE PORT SCAN DETECTED
2026-05-29 23:39:27,428 | ⚠ HOST DOMINANCE DETECTED
2026-05-29 23:39:27,429 | ⚠ POSSIBLE PORT SCAN DETECTED
2026-05-29 23:39:28,434 | ⚠ HOST DOMINANCE DETECTED
2026-05-29 23:39:28,435 | ⚠ POSSIBLE PORT SCAN DETECTED
2026-05-29 23:39:29,439 | ⚠ HOST DOMINANCE DETECTED
2026-05-29 23:39:29,440 | ⚠ POSSIBLE PORT SCAN DETECTED
2026-05-29 23:39:30,445 | ⚠ HOST DOMINANCE DETECTED
2026-05-29 23:39:30,445 | ⚠ POSSIBLE PORT SCAN DETECTED
2026-05-29 23:39:30,793 | ⚠ HOST DOMINANCE DETECTED
2026-05-29 23:39:30,794 | ⚠ POSSIBLE PORT SCAN DETECTED
2026-05-29 23:39:31,448 | ⚠ HOST DOMINANCE DETECTED
2026-05-29 23:39:31,449 | ⚠ POSSIBLE PORT SCAN DETECTED
2026-05-29 23:39:32,454 | ⚠ HOST DOMINANCE DETECTED
2026-05-29 23:39:32,454 | ⚠ POSSIBLE PORT SCAN DETECTED
2026-05-29 23:39:33,461 | ⚠ HOST DOMINANCE DETECTED
2026-05-29 23:39:33,461 | ⚠ POSSIBLE PORT SCAN DETECTED
2026-05-29 23:39:34,466 | ⚠ HOST DOMINANCE DETECTED
2026-05-29 23:39:34,467 | ⚠ POSSIBLE PORT SCAN DETECTED
2026-05-29 23:39:35,471 | ⚠ HOST DOMINANCE DETECTED
2026-05-29 23:39:35,472 | ⚠ POSSIBLE PORT SCAN DETECTED
2026-05-29 23:39:35,823 | ⚠ HOST DOMINANCE DETECTED
2026-05-29 23:39:35,823 | ⚠ POSSIBLE PORT SCAN DETECTED
2026-05-29 23:39:36,477 | ⚠ HOST DOMINANCE DETECTED
2026-05-29 23:39:36,477 | ⚠ POSSIBLE PORT SCAN DETECTED
2026-05-29 23:39:37,486 | ⚠ HOST DOMINANCE DETECTED
2026-05-29 23:39:37,487 | ⚠ POSSIBLE PORT SCAN DETECTED
2026-05-29 23:39:38,490 | ⚠ HOST DOMINANCE DETECTED
2026-05-29 23:39:38,491 | ⚠ POSSIBLE PORT SCAN DETECTED
2026-05-29 23:39:39,494 | ⚠ HOST DOMINANCE DETECTED
2026-05-29 23:39:39,494 | ⚠ POSSIBLE PORT SCAN DETECTED
2026-05-29 23:39:40,458 | ⚠ HOST DOMINANCE DETECTED
2026-05-29 23:39:40,459 | ⚠ POSSIBLE PORT SCAN DETECTED
2026-05-29 23:39:40,497 | ⚠ HOST DOMINANCE DETECTED
2026-05-29 23:39:40,497 | ⚠ POSSIBLE PORT SCAN DETECTED
2026-05-29 23:39:40,831 | ⚠ HOST DOMINANCE DETECTED
2026-05-29 23:39:40,832 | ⚠ POSSIBLE PORT SCAN DETECTED
2026-05-29 23:39:41,501 | ⚠ HOST DOMINANCE DETECTED
2026-05-29 23:39:41,501 | ⚠ POSSIBLE PORT SCAN DETECTED
2026-05-29 23:39:42,505 | ⚠ HOST DOMINANCE DETECTED
2026-05-29 23:39:42,505 | ⚠ POSSIBLE PORT SCAN DETECTED
2026-05-29 23:39:43,508 | ⚠ HOST DOMINANCE DETECTED
2026-05-29 23:39:43,508 | ⚠ POSSIBLE PORT SCAN DETECTED
2026-05-29 23:39:44,063 | ⚠ HOST DOMINANCE DETECTED
2026-05-29 23:39:44,064 | ⚠ POSSIBLE PORT SCAN DETECTED
2026-05-29 23:39:44,512 | ⚠ HOST DOMINANCE DETECTED
2026-05-29 23:39:44,512 | ⚠ POSSIBLE PORT SCAN DETECTED
2026-05-29 23:39:45,515 | ⚠ HOST DOMINANCE DETECTED
2026-05-29 23:39:45,516 | ⚠ POSSIBLE PORT SCAN DETECTED
2026-05-29 23:39:45,837 | ⚠ HOST DOMINANCE DETECTED
2026-05-29 23:39:45,838 | ⚠ POSSIBLE PORT SCAN DETECTED
2026-05-29 23:39:46,519 | ⚠ HOST DOMINANCE DETECTED
2026-05-29 23:39:46,519 | ⚠ POSSIBLE PORT SCAN DETECTED
2026-05-29 23:39:47,522 | ⚠ HOST DOMINANCE DETECTED
2026-05-29 23:39:47,522 | ⚠ POSSIBLE PORT SCAN DETECTED
2026-05-29 23:39:48,527 | ⚠ HOST DOMINANCE DETECTED
2026-05-29 23:39:48,527 | ⚠ POSSIBLE PORT SCAN DETECTED
2026-05-29 23:39:49,132 | ⚠ HOST DOMINANCE DETECTED
2026-05-29 23:39:49,132 | ⚠ POSSIBLE PORT SCAN DETECTED
2026-05-29 23:39:49,532 | ⚠ HOST DOMINANCE DETECTED
2026-05-29 23:39:49,533 | ⚠ POSSIBLE PORT SCAN DETECTED
2026-05-29 23:39:50,538 | ⚠ HOST DOMINANCE DETECTED
2026-05-29 23:39:50,539 | ⚠ POSSIBLE PORT SCAN DETECTED
2026-05-29 23:39:50,846 | ⚠ HOST DOMINANCE DETECTED
2026-05-29 23:39:50,848 | ⚠ POSSIBLE PORT SCAN DETECTED
2026-05-29 23:39:51,543 | ⚠ HOST DOMINANCE DETECTED
2026-05-29 23:39:51,544 | ⚠ POSSIBLE PORT SCAN DETECTED
2026-05-29 23:39:52,547 | ⚠ HOST DOMINANCE DETECTED
2026-05-29 23:39:52,547 | ⚠ POSSIBLE PORT SCAN DETECTED
2026-05-29 23:39:53,550 | ⚠ HOST DOMINANCE DETECTED
2026-05-29 23:39:53,550 | ⚠ POSSIBLE PORT SCAN DETECTED
2026-05-29 23:39:54,248 | ⚠ HOST DOMINANCE DETECTED
2026-05-29 23:39:54,248 | ⚠ POSSIBLE PORT SCAN DETECTED
2026-05-29 23:39:54,553 | ⚠ HOST DOMINANCE DETECTED
2026-05-29 23:39:54,554 | ⚠ POSSIBLE PORT SCAN DETECTED
2026-05-29 23:39:55,559 | ⚠ HOST DOMINANCE DETECTED
2026-05-29 23:39:55,559 | ⚠ POSSIBLE PORT SCAN DETECTED
2026-05-29 23:39:55,863 | ⚠ HOST DOMINANCE DETECTED
2026-05-29 23:39:55,863 | ⚠ POSSIBLE PORT SCAN DETECTED
2026-05-29 23:39:56,562 | ⚠ HOST DOMINANCE DETECTED
2026-05-29 23:39:56,562 | ⚠ POSSIBLE PORT SCAN DETECTED
2026-05-29 23:39:57,565 | ⚠ HOST DOMINANCE DETECTED
2026-05-29 23:39:57,566 | ⚠ POSSIBLE PORT SCAN DETECTED
2026-05-29 23:39:58,568 | ⚠ HOST DOMINANCE DETECTED
2026-05-29 23:39:58,569 | ⚠ POSSIBLE PORT SCAN DETECTED
2026-05-29 23:39:59,572 | ⚠ HOST DOMINANCE DETECTED
2026-05-29 23:39:59,573 | ⚠ POSSIBLE PORT SCAN DETECTED
2026-05-29 23:40:00,578 | ⚠ HOST DOMINANCE DETECTED
2026-05-29 23:40:00,579 | ⚠ POSSIBLE PORT SCAN DETECTED
2026-05-29 23:40:00,871 | ⚠ HOST DOMINANCE DETECTED
2026-05-29 23:40:00,872 | ⚠ POSSIBLE PORT SCAN DETECTED
2026-05-29 23:40:01,583 | ⚠ HOST DOMINANCE DETECTED
2026-05-29 23:40:01,583 | ⚠ POSSIBLE PORT SCAN DETECTED
2026-05-29 23:40:02,587 | ⚠ HOST DOMINANCE DETECTED
2026-05-29 23:40:02,589 | ⚠ POSSIBLE PORT SCAN DETECTED
2026-05-29 23:40:03,597 | ⚠ HOST DOMINANCE DETECTED
2026-05-29 23:40:03,597 | ⚠ POSSIBLE PORT SCAN DETECTED
2026-05-29 23:40:04,601 | ⚠ HOST DOMINANCE DETECTED
2026-05-29 23:40:04,601 | ⚠ POSSIBLE PORT SCAN DETECTED
2026-05-29 23:40:05,605 | ⚠ HOST DOMINANCE DETECTED
2026-05-29 23:40:05,605 | ⚠ POSSIBLE PORT SCAN DETECTED
2026-05-29 23:40:05,881 | ⚠ HOST DOMINANCE DETECTED
2026-05-29 23:40:05,883 | ⚠ POSSIBLE PORT SCAN DETECTED
2026-05-29 23:40:06,609 | ⚠ HOST DOMINANCE DETECTED
2026-05-29 23:40:06,609 | ⚠ POSSIBLE PORT SCAN DETECTED
2026-05-29 23:40:07,613 | ⚠ HOST DOMINANCE DETECTED
2026-05-29 23:40:07,613 | ⚠ POSSIBLE PORT SCAN DETECTED
2026-05-29 23:40:08,617 | ⚠ HOST DOMINANCE DETECTED
2026-05-29 23:40:08,617 | ⚠ POSSIBLE PORT SCAN DETECTED
2026-05-29 23:40:09,621 | ⚠ HOST DOMINANCE DETECTED
2026-05-29 23:40:09,622 | ⚠ POSSIBLE PORT SCAN DETECTED
2026-05-29 23:40:10,626 | ⚠ HOST DOMINANCE DETECTED
2026-05-29 23:40:10,626 | ⚠ POSSIBLE PORT SCAN DETECTED
2026-05-29 23:40:10,912 | ⚠ HOST DOMINANCE DETECTED
2026-05-29 23:40:10,912 | ⚠ POSSIBLE PORT SCAN DETECTED
2026-05-29 23:40:10,979 | ⚠ HOST DOMINANCE DETECTED
2026-05-29 23:40:10,979 | ⚠ POSSIBLE PORT SCAN DETECTED
2026-05-29 23:40:11,629 | ⚠ HOST DOMINANCE DETECTED
2026-05-29 23:40:11,629 | ⚠ POSSIBLE PORT SCAN DETECTED
2026-05-29 23:40:12,631 | ⚠ HOST DOMINANCE DETECTED
2026-05-29 23:40:12,631 | ⚠ POSSIBLE PORT SCAN DETECTED
2026-05-29 23:40:13,635 | ⚠ HOST DOMINANCE DETECTED
2026-05-29 23:40:13,635 | ⚠ POSSIBLE PORT SCAN DETECTED
2026-05-29 23:40:14,638 | ⚠ HOST DOMINANCE DETECTED
2026-05-29 23:40:14,638 | ⚠ POSSIBLE PORT SCAN DETECTED
2026-05-29 23:40:15,641 | ⚠ HOST DOMINANCE DETECTED
2026-05-29 23:40:15,641 | ⚠ POSSIBLE PORT SCAN DETECTED
2026-05-29 23:40:15,963 | ⚠ HOST DOMINANCE DETECTED
2026-05-29 23:40:15,967 | ⚠ POSSIBLE PORT SCAN DETECTED
2026-05-29 23:40:16,645 | ⚠ HOST DOMINANCE DETECTED
2026-05-29 23:40:16,645 | ⚠ POSSIBLE PORT SCAN DETECTED
2026-05-29 23:40:17,648 | ⚠ HOST DOMINANCE DETECTED
2026-05-29 23:40:17,648 | ⚠ POSSIBLE PORT SCAN DETECTED
2026-05-29 23:40:18,652 | ⚠ HOST DOMINANCE DETECTED
2026-05-29 23:40:18,652 | ⚠ POSSIBLE PORT SCAN DETECTED
2026-05-29 23:40:19,655 | ⚠ HOST DOMINANCE DETECTED
2026-05-29 23:40:19,655 | ⚠ POSSIBLE PORT SCAN DETECTED
2026-05-29 23:40:20,658 | ⚠ HOST DOMINANCE DETECTED
2026-05-29 23:40:20,659 | ⚠ POSSIBLE PORT SCAN DETECTED
2026-05-29 23:40:20,992 | ⚠ HOST DOMINANCE DETECTED
2026-05-29 23:40:20,992 | ⚠ POSSIBLE PORT SCAN DETECTED
2026-05-29 23:40:21,662 | ⚠ HOST DOMINANCE DETECTED
2026-05-29 23:40:21,662 | ⚠ POSSIBLE PORT SCAN DETECTED
2026-05-29 23:40:22,665 | ⚠ HOST DOMINANCE DETECTED
2026-05-29 23:40:22,665 | ⚠ POSSIBLE PORT SCAN DETECTED
2026-05-29 23:40:23,667 | ⚠ HOST DOMINANCE DETECTED
2026-05-29 23:40:23,668 | ⚠ POSSIBLE PORT SCAN DETECTED
2026-05-29 23:40:24,669 | ⚠ HOST DOMINANCE DETECTED
2026-05-29 23:40:24,670 | ⚠ POSSIBLE PORT SCAN DETECTED
2026-05-29 23:40:25,673 | ⚠ HOST DOMINANCE DETECTED
2026-05-29 23:40:25,674 | ⚠ POSSIBLE PORT SCAN DETECTED
2026-05-29 23:40:26,001 | ⚠ HOST DOMINANCE DETECTED
2026-05-29 23:40:26,002 | ⚠ POSSIBLE PORT SCAN DETECTED
2026-05-29 23:40:26,677 | ⚠ HOST DOMINANCE DETECTED
2026-05-29 23:40:26,678 | ⚠ POSSIBLE PORT SCAN DETECTED
2026-05-29 23:40:27,680 | ⚠ HOST DOMINANCE DETECTED
2026-05-29 23:40:27,681 | ⚠ POSSIBLE PORT SCAN DETECTED
2026-05-29 23:40:28,686 | ⚠ HOST DOMINANCE DETECTED
2026-05-29 23:40:28,686 | ⚠ POSSIBLE PORT SCAN DETECTED
2026-05-29 23:40:29,690 | ⚠ HOST DOMINANCE DETECTED
2026-05-29 23:40:29,691 | ⚠ POSSIBLE PORT SCAN DETECTED
2026-05-29 23:40:30,695 | ⚠ HOST DOMINANCE DETECTED
2026-05-29 23:40:30,696 | ⚠ POSSIBLE PORT SCAN DETECTED
2026-05-29 23:40:31,011 | ⚠ HOST DOMINANCE DETECTED
2026-05-29 23:40:31,011 | ⚠ POSSIBLE PORT SCAN DETECTED
2026-05-29 23:40:31,698 | ⚠ HOST DOMINANCE DETECTED
2026-05-29 23:40:31,699 | ⚠ POSSIBLE PORT SCAN DETECTED
2026-05-29 23:40:32,702 | ⚠ HOST DOMINANCE DETECTED
2026-05-29 23:40:32,702 | ⚠ POSSIBLE PORT SCAN DETECTED
2026-05-29 23:40:33,707 | ⚠ HOST DOMINANCE DETECTED
2026-05-29 23:40:33,707 | ⚠ POSSIBLE PORT SCAN DETECTED
2026-05-29 23:40:34,710 | ⚠ HOST DOMINANCE DETECTED
2026-05-29 23:40:34,711 | ⚠ POSSIBLE PORT SCAN DETECTED
2026-05-29 23:40:35,713 | ⚠ HOST DOMINANCE DETECTED
2026-05-29 23:40:35,714 | ⚠ POSSIBLE PORT SCAN DETECTED
2026-05-29 23:40:36,018 | ⚠ HOST DOMINANCE DETECTED
2026-05-29 23:40:36,019 | ⚠ POSSIBLE PORT SCAN DETECTED
2026-05-29 23:40:36,718 | ⚠ HOST DOMINANCE DETECTED
2026-05-29 23:40:36,720 | ⚠ POSSIBLE PORT SCAN DETECTED
2026-05-29 23:40:37,725 | ⚠ HOST DOMINANCE DETECTED
2026-05-29 23:40:37,726 | ⚠ POSSIBLE PORT SCAN DETECTED
2026-05-29 23:40:38,731 | ⚠ HOST DOMINANCE DETECTED
2026-05-29 23:40:38,732 | ⚠ POSSIBLE PORT SCAN DETECTED
2026-05-29 23:40:39,738 | ⚠ HOST DOMINANCE DETECTED
2026-05-29 23:40:39,738 | ⚠ POSSIBLE PORT SCAN DETECTED
2026-05-29 23:40:40,742 | ⚠ HOST DOMINANCE DETECTED
2026-05-29 23:40:40,743 | ⚠ POSSIBLE PORT SCAN DETECTED
2026-05-29 23:40:41,025 | ⚠ HOST DOMINANCE DETECTED
2026-05-29 23:40:41,026 | ⚠ POSSIBLE PORT SCAN DETECTED
2026-05-29 23:40:41,631 | ⚠ HOST DOMINANCE DETECTED
2026-05-29 23:40:41,631 | ⚠ POSSIBLE PORT SCAN DETECTED
2026-05-29 23:40:41,746 | ⚠ HOST DOMINANCE DETECTED
2026-05-29 23:40:41,748 | ⚠ POSSIBLE PORT SCAN DETECTED
2026-05-29 23:40:42,751 | ⚠ HOST DOMINANCE DETECTED
2026-05-29 23:40:42,752 | ⚠ POSSIBLE PORT SCAN DETECTED
2026-05-29 23:40:43,758 | ⚠ HOST DOMINANCE DETECTED
2026-05-29 23:40:43,758 | ⚠ POSSIBLE PORT SCAN DETECTED
2026-05-29 23:40:44,762 | ⚠ HOST DOMINANCE DETECTED
2026-05-29 23:40:44,762 | ⚠ POSSIBLE PORT SCAN DETECTED
2026-05-29 23:40:45,768 | ⚠ HOST DOMINANCE DETECTED
2026-05-29 23:40:45,768 | ⚠ POSSIBLE PORT SCAN DETECTED
2026-05-29 23:40:46,046 | ⚠ HOST DOMINANCE DETECTED
2026-05-29 23:40:46,046 | ⚠ POSSIBLE PORT SCAN DETECTED
2026-05-29 23:40:46,774 | ⚠ HOST DOMINANCE DETECTED
2026-05-29 23:40:46,775 | ⚠ POSSIBLE PORT SCAN DETECTED
2026-05-29 23:40:47,779 | ⚠ HOST DOMINANCE DETECTED
2026-05-29 23:40:47,779 | ⚠ POSSIBLE PORT SCAN DETECTED
2026-05-29 23:40:48,783 | ⚠ HOST DOMINANCE DETECTED
2026-05-29 23:40:48,785 | ⚠ POSSIBLE PORT SCAN DETECTED
2026-05-29 23:40:49,792 | ⚠ HOST DOMINANCE DETECTED
2026-05-29 23:40:49,793 | ⚠ POSSIBLE PORT SCAN DETECTED
2026-05-29 23:40:50,812 | ⚠ HOST DOMINANCE DETECTED
2026-05-29 23:40:50,819 | ⚠ POSSIBLE PORT SCAN DETECTED
2026-05-29 23:40:51,052 | ⚠ HOST DOMINANCE DETECTED
2026-05-29 23:40:51,052 | ⚠ POSSIBLE PORT SCAN DETECTED
2026-05-29 23:40:51,825 | ⚠ HOST DOMINANCE DETECTED
2026-05-29 23:40:51,826 | ⚠ POSSIBLE PORT SCAN DETECTED
2026-05-29 23:40:52,828 | ⚠ HOST DOMINANCE DETECTED
2026-05-29 23:40:52,828 | ⚠ POSSIBLE PORT SCAN DETECTED
2026-05-29 23:40:53,831 | ⚠ HOST DOMINANCE DETECTED
2026-05-29 23:40:53,832 | ⚠ POSSIBLE PORT SCAN DETECTED
2026-05-29 23:40:54,838 | ⚠ HOST DOMINANCE DETECTED
2026-05-29 23:40:54,839 | ⚠ POSSIBLE PORT SCAN DETECTED
2026-05-29 23:40:55,842 | ⚠ HOST DOMINANCE DETECTED
2026-05-29 23:40:55,842 | ⚠ POSSIBLE PORT SCAN DETECTED
2026-05-29 23:40:56,057 | ⚠ HOST DOMINANCE DETECTED
2026-05-29 23:40:56,058 | ⚠ POSSIBLE PORT SCAN DETECTED
2026-05-29 23:40:56,844 | ⚠ HOST DOMINANCE DETECTED
2026-05-29 23:40:56,844 | ⚠ POSSIBLE PORT SCAN DETECTED
2026-05-29 23:40:57,848 | ⚠ HOST DOMINANCE DETECTED
2026-05-29 23:40:57,849 | ⚠ POSSIBLE PORT SCAN DETECTED
2026-05-29 23:40:58,854 | ⚠ HOST DOMINANCE DETECTED
2026-05-29 23:40:58,854 | ⚠ POSSIBLE PORT SCAN DETECTED
2026-05-29 23:40:59,857 | ⚠ HOST DOMINANCE DETECTED
2026-05-29 23:40:59,858 | ⚠ POSSIBLE PORT SCAN DETECTED
2026-05-29 23:41:00,862 | ⚠ HOST DOMINANCE DETECTED
2026-05-29 23:41:00,862 | ⚠ POSSIBLE PORT SCAN DETECTED
2026-05-29 23:41:01,065 | ⚠ HOST DOMINANCE DETECTED
2026-05-29 23:41:01,065 | ⚠ POSSIBLE PORT SCAN DETECTED
2026-05-29 23:41:01,866 | ⚠ HOST DOMINANCE DETECTED
2026-05-29 23:41:01,866 | ⚠ POSSIBLE PORT SCAN DETECTED
2026-05-29 23:41:02,868 | ⚠ HOST DOMINANCE DETECTED
2026-05-29 23:41:02,869 | ⚠ POSSIBLE PORT SCAN DETECTED
2026-05-29 23:41:03,871 | ⚠ HOST DOMINANCE DETECTED
2026-05-29 23:41:03,872 | ⚠ POSSIBLE PORT SCAN DETECTED
2026-05-29 23:41:04,876 | ⚠ HOST DOMINANCE DETECTED
2026-05-29 23:41:04,876 | ⚠ POSSIBLE PORT SCAN DETECTED
2026-05-29 23:41:05,879 | ⚠ HOST DOMINANCE DETECTED
2026-05-29 23:41:05,879 | ⚠ POSSIBLE PORT SCAN DETECTED
2026-05-29 23:41:06,076 | ⚠ HOST DOMINANCE DETECTED
2026-05-29 23:41:06,076 | ⚠ POSSIBLE PORT SCAN DETECTED
2026-05-29 23:41:06,883 | ⚠ HOST DOMINANCE DETECTED
2026-05-29 23:41:06,883 | ⚠ POSSIBLE PORT SCAN DETECTED
2026-05-29 23:41:07,886 | ⚠ HOST DOMINANCE DETECTED
2026-05-29 23:41:07,886 | ⚠ POSSIBLE PORT SCAN DETECTED
2026-05-29 23:41:08,889 | ⚠ HOST DOMINANCE DETECTED
2026-05-29 23:41:08,890 | ⚠ POSSIBLE PORT SCAN DETECTED
2026-05-29 23:41:09,892 | ⚠ HOST DOMINANCE DETECTED
2026-05-29 23:41:09,893 | ⚠ POSSIBLE PORT SCAN DETECTED
2026-05-29 23:41:10,896 | ⚠ HOST DOMINANCE DETECTED
2026-05-29 23:41:10,896 | ⚠ POSSIBLE PORT SCAN DETECTED
2026-05-29 23:41:11,088 | ⚠ HOST DOMINANCE DETECTED
2026-05-29 23:41:11,089 | ⚠ POSSIBLE PORT SCAN DETECTED
2026-05-29 23:41:11,900 | ⚠ HOST DOMINANCE DETECTED
2026-05-29 23:41:11,900 | ⚠ POSSIBLE PORT SCAN DETECTED
2026-05-29 23:41:12,145 | ⚠ HOST DOMINANCE DETECTED
2026-05-29 23:41:12,145 | ⚠ POSSIBLE PORT SCAN DETECTED
2026-05-29 23:41:12,902 | ⚠ HOST DOMINANCE DETECTED
2026-05-29 23:41:12,903 | ⚠ POSSIBLE PORT SCAN DETECTED
2026-05-29 23:41:13,907 | ⚠ HOST DOMINANCE DETECTED
2026-05-29 23:41:13,907 | ⚠ POSSIBLE PORT SCAN DETECTED
2026-05-29 23:41:14,910 | ⚠ HOST DOMINANCE DETECTED
2026-05-29 23:41:14,910 | ⚠ POSSIBLE PORT SCAN DETECTED
2026-05-29 23:41:15,914 | ⚠ HOST DOMINANCE DETECTED
2026-05-29 23:41:15,914 | ⚠ POSSIBLE PORT SCAN DETECTED
2026-05-29 23:41:16,096 | ⚠ HOST DOMINANCE DETECTED
2026-05-29 23:41:16,097 | ⚠ POSSIBLE PORT SCAN DETECTED
2026-05-29 23:41:16,917 | ⚠ HOST DOMINANCE DETECTED
2026-05-29 23:41:16,917 | ⚠ POSSIBLE PORT SCAN DETECTED
2026-05-29 23:41:17,920 | ⚠ HOST DOMINANCE DETECTED
2026-05-29 23:41:17,921 | ⚠ POSSIBLE PORT SCAN DETECTED
2026-05-29 23:41:18,926 | ⚠ HOST DOMINANCE DETECTED
2026-05-29 23:41:18,926 | ⚠ POSSIBLE PORT SCAN DETECTED
2026-05-29 23:41:19,935 | ⚠ HOST DOMINANCE DETECTED
2026-05-29 23:41:19,937 | ⚠ POSSIBLE PORT SCAN DETECTED
2026-05-29 23:41:20,956 | ⚠ HOST DOMINANCE DETECTED
2026-05-29 23:41:20,956 | ⚠ POSSIBLE PORT SCAN DETECTED
2026-05-29 23:41:21,132 | ⚠ HOST DOMINANCE DETECTED
2026-05-29 23:41:21,132 | ⚠ POSSIBLE PORT SCAN DETECTED
2026-05-29 23:41:21,991 | ⚠ HOST DOMINANCE DETECTED
2026-05-29 23:41:21,993 | ⚠ POSSIBLE PORT SCAN DETECTED
2026-05-29 23:41:22,997 | ⚠ HOST DOMINANCE DETECTED
2026-05-29 23:41:22,997 | ⚠ POSSIBLE PORT SCAN DETECTED
2026-05-29 23:41:23,731 | ⚠ HOST DOMINANCE DETECTED
2026-05-29 23:41:23,732 | ⚠ POSSIBLE PORT SCAN DETECTED
2026-05-29 23:41:24,000 | ⚠ HOST DOMINANCE DETECTED
2026-05-29 23:41:24,000 | ⚠ POSSIBLE PORT SCAN DETECTED
2026-05-29 23:41:25,002 | ⚠ HOST DOMINANCE DETECTED
2026-05-29 23:41:25,004 | ⚠ POSSIBLE PORT SCAN DETECTED
2026-05-29 23:41:26,010 | ⚠ HOST DOMINANCE DETECTED
2026-05-29 23:41:26,011 | ⚠ POSSIBLE PORT SCAN DETECTED
2026-05-29 23:41:26,143 | ⚠ HOST DOMINANCE DETECTED
2026-05-29 23:41:26,144 | ⚠ POSSIBLE PORT SCAN DETECTED
2026-05-29 23:41:27,014 | ⚠ HOST DOMINANCE DETECTED
2026-05-29 23:41:27,014 | ⚠ POSSIBLE PORT SCAN DETECTED
2026-05-29 23:41:28,017 | ⚠ HOST DOMINANCE DETECTED
2026-05-29 23:41:28,017 | ⚠ POSSIBLE PORT SCAN DETECTED
2026-05-29 23:41:28,690 | ⚠ HOST DOMINANCE DETECTED
2026-05-29 23:41:28,691 | ⚠ POSSIBLE PORT SCAN DETECTED
2026-05-29 23:41:29,019 | ⚠ HOST DOMINANCE DETECTED
2026-05-29 23:41:29,021 | ⚠ POSSIBLE PORT SCAN DETECTED
2026-05-29 23:41:30,025 | ⚠ HOST DOMINANCE DETECTED
2026-05-29 23:41:30,026 | ⚠ POSSIBLE PORT SCAN DETECTED
2026-05-29 23:41:31,031 | ⚠ HOST DOMINANCE DETECTED
2026-05-29 23:41:31,031 | ⚠ POSSIBLE PORT SCAN DETECTED
2026-05-29 23:41:31,162 | ⚠ BANDWIDTH SPIKE DETECTED
2026-05-29 23:41:31,162 | ⚠ HOST DOMINANCE DETECTED
2026-05-29 23:41:31,162 | ⚠ POSSIBLE PORT SCAN DETECTED
2026-05-29 23:41:32,034 | ⚠ HOST DOMINANCE DETECTED
2026-05-29 23:41:32,034 | ⚠ POSSIBLE PORT SCAN DETECTED
2026-05-29 23:41:33,038 | ⚠ HOST DOMINANCE DETECTED
2026-05-29 23:41:33,039 | ⚠ POSSIBLE PORT SCAN DETECTED
2026-05-29 23:41:33,683 | ⚠ HOST DOMINANCE DETECTED
2026-05-29 23:41:33,684 | ⚠ POSSIBLE PORT SCAN DETECTED
2026-05-29 23:41:34,047 | ⚠ HOST DOMINANCE DETECTED
2026-05-29 23:41:34,047 | ⚠ POSSIBLE PORT SCAN DETECTED
2026-05-29 23:41:35,050 | ⚠ HOST DOMINANCE DETECTED
2026-05-29 23:41:35,050 | ⚠ POSSIBLE PORT SCAN DETECTED
2026-05-29 23:41:36,054 | ⚠ HOST DOMINANCE DETECTED
2026-05-29 23:41:36,055 | ⚠ POSSIBLE PORT SCAN DETECTED
2026-05-29 23:41:36,173 | ⚠ HOST DOMINANCE DETECTED
2026-05-29 23:41:36,173 | ⚠ POSSIBLE PORT SCAN DETECTED
2026-05-29 23:41:37,058 | ⚠ HOST DOMINANCE DETECTED
2026-05-29 23:41:37,058 | ⚠ POSSIBLE PORT SCAN DETECTED
2026-05-29 23:41:38,060 | ⚠ HOST DOMINANCE DETECTED
2026-05-29 23:41:38,061 | ⚠ POSSIBLE PORT SCAN DETECTED
2026-05-29 23:41:39,064 | ⚠ HOST DOMINANCE DETECTED
2026-05-29 23:41:39,065 | ⚠ POSSIBLE PORT SCAN DETECTED
2026-05-29 23:41:40,068 | ⚠ HOST DOMINANCE DETECTED
2026-05-29 23:41:40,069 | ⚠ POSSIBLE PORT SCAN DETECTED
2026-05-29 23:41:41,072 | ⚠ HOST DOMINANCE DETECTED
2026-05-29 23:41:41,072 | ⚠ POSSIBLE PORT SCAN DETECTED
2026-05-29 23:41:41,180 | ⚠ HOST DOMINANCE DETECTED
2026-05-29 23:41:41,180 | ⚠ POSSIBLE PORT SCAN DETECTED
2026-05-29 23:41:42,077 | ⚠ HOST DOMINANCE DETECTED
2026-05-29 23:41:42,077 | ⚠ POSSIBLE PORT SCAN DETECTED
2026-05-29 23:41:42,705 | ⚠ HOST DOMINANCE DETECTED
2026-05-29 23:41:42,705 | ⚠ POSSIBLE PORT SCAN DETECTED
2026-05-29 23:41:42,766 | ⚠ HOST DOMINANCE DETECTED
2026-05-29 23:41:42,767 | ⚠ POSSIBLE PORT SCAN DETECTED
2026-05-29 23:41:43,081 | ⚠ HOST DOMINANCE DETECTED
2026-05-29 23:41:43,081 | ⚠ POSSIBLE PORT SCAN DETECTED
2026-05-29 23:41:44,083 | ⚠ HOST DOMINANCE DETECTED
2026-05-29 23:41:44,083 | ⚠ POSSIBLE PORT SCAN DETECTED
2026-05-29 23:41:45,086 | ⚠ HOST DOMINANCE DETECTED
2026-05-29 23:41:45,086 | ⚠ POSSIBLE PORT SCAN DETECTED
2026-05-29 23:41:46,089 | ⚠ HOST DOMINANCE DETECTED
2026-05-29 23:41:46,090 | ⚠ POSSIBLE PORT SCAN DETECTED
2026-05-29 23:41:46,186 | ⚠ HOST DOMINANCE DETECTED
2026-05-29 23:41:46,186 | ⚠ POSSIBLE PORT SCAN DETECTED
2026-05-29 23:41:47,093 | ⚠ HOST DOMINANCE DETECTED
2026-05-29 23:41:47,093 | ⚠ POSSIBLE PORT SCAN DETECTED
2026-05-29 23:41:47,748 | ⚠ HOST DOMINANCE DETECTED
2026-05-29 23:41:47,748 | ⚠ POSSIBLE PORT SCAN DETECTED
2026-05-29 23:41:48,096 | ⚠ HOST DOMINANCE DETECTED
2026-05-29 23:41:48,097 | ⚠ POSSIBLE PORT SCAN DETECTED
2026-05-29 23:41:49,099 | ⚠ HOST DOMINANCE DETECTED
2026-05-29 23:41:49,100 | ⚠ POSSIBLE PORT SCAN DETECTED
2026-05-29 23:41:50,103 | ⚠ HOST DOMINANCE DETECTED
2026-05-29 23:41:50,104 | ⚠ POSSIBLE PORT SCAN DETECTED
2026-05-29 23:41:51,112 | ⚠ HOST DOMINANCE DETECTED
2026-05-29 23:41:51,112 | ⚠ POSSIBLE PORT SCAN DETECTED
2026-05-29 23:41:51,196 | ⚠ HOST DOMINANCE DETECTED
2026-05-29 23:41:51,196 | ⚠ POSSIBLE PORT SCAN DETECTED
2026-05-29 23:41:52,115 | ⚠ HOST DOMINANCE DETECTED
2026-05-29 23:41:52,116 | ⚠ POSSIBLE PORT SCAN DETECTED
2026-05-29 23:41:52,757 | ⚠ HOST DOMINANCE DETECTED
2026-05-29 23:41:52,760 | ⚠ POSSIBLE PORT SCAN DETECTED
2026-05-29 23:41:53,120 | ⚠ HOST DOMINANCE DETECTED
2026-05-29 23:41:53,120 | ⚠ POSSIBLE PORT SCAN DETECTED
2026-05-29 23:41:54,122 | ⚠ HOST DOMINANCE DETECTED
2026-05-29 23:41:54,123 | ⚠ POSSIBLE PORT SCAN DETECTED
2026-05-29 23:41:54,314 | ⚠ HOST DOMINANCE DETECTED
2026-05-29 23:41:54,315 | ⚠ POSSIBLE PORT SCAN DETECTED
2026-05-29 23:41:55,145 | ⚠ HOST DOMINANCE DETECTED
2026-05-29 23:41:55,145 | ⚠ POSSIBLE PORT SCAN DETECTED
2026-05-29 23:41:56,148 | ⚠ HOST DOMINANCE DETECTED
2026-05-29 23:41:56,148 | ⚠ POSSIBLE PORT SCAN DETECTED
2026-05-29 23:41:56,207 | ⚠ HOST DOMINANCE DETECTED
2026-05-29 23:41:56,207 | ⚠ POSSIBLE PORT SCAN DETECTED
2026-05-29 23:41:56,619 | ⚠ HOST DOMINANCE DETECTED
2026-05-29 23:41:56,619 | ⚠ POSSIBLE PORT SCAN DETECTED
2026-05-29 23:41:57,152 | ⚠ HOST DOMINANCE DETECTED
2026-05-29 23:41:57,153 | ⚠ POSSIBLE PORT SCAN DETECTED
2026-05-29 23:41:58,158 | ⚠ HOST DOMINANCE DETECTED
2026-05-29 23:41:58,158 | ⚠ POSSIBLE PORT SCAN DETECTED
2026-05-29 23:41:59,165 | ⚠ HOST DOMINANCE DETECTED
2026-05-29 23:41:59,165 | ⚠ POSSIBLE PORT SCAN DETECTED
2026-05-29 23:41:59,576 | ⚠ HOST DOMINANCE DETECTED
2026-05-29 23:41:59,578 | ⚠ POSSIBLE PORT SCAN DETECTED
2026-05-29 23:42:00,170 | ⚠ HOST DOMINANCE DETECTED
2026-05-29 23:42:00,170 | ⚠ POSSIBLE PORT SCAN DETECTED
2026-05-29 23:42:00,873 | ⚠ HOST DOMINANCE DETECTED
2026-05-29 23:42:00,874 | ⚠ POSSIBLE PORT SCAN DETECTED
2026-05-29 23:42:01,174 | ⚠ HOST DOMINANCE DETECTED
2026-05-29 23:42:01,174 | ⚠ POSSIBLE PORT SCAN DETECTED
2026-05-29 23:42:01,220 | ⚠ HOST DOMINANCE DETECTED
2026-05-29 23:42:01,221 | ⚠ POSSIBLE PORT SCAN DETECTED
2026-05-29 23:42:02,178 | ⚠ HOST DOMINANCE DETECTED
2026-05-29 23:42:02,178 | ⚠ POSSIBLE PORT SCAN DETECTED
2026-05-29 23:42:03,183 | ⚠ HOST DOMINANCE DETECTED
2026-05-29 23:42:03,184 | ⚠ POSSIBLE PORT SCAN DETECTED
2026-05-29 23:42:04,189 | ⚠ HOST DOMINANCE DETECTED
2026-05-29 23:42:04,189 | ⚠ POSSIBLE PORT SCAN DETECTED
2026-05-29 23:42:05,194 | ⚠ HOST DOMINANCE DETECTED
2026-05-29 23:42:05,195 | ⚠ POSSIBLE PORT SCAN DETECTED
2026-05-29 23:42:05,771 | ⚠ HOST DOMINANCE DETECTED
2026-05-29 23:42:05,774 | ⚠ POSSIBLE PORT SCAN DETECTED
2026-05-29 23:42:06,201 | ⚠ HOST DOMINANCE DETECTED
2026-05-29 23:42:06,202 | ⚠ POSSIBLE PORT SCAN DETECTED
2026-05-29 23:42:06,230 | ⚠ HOST DOMINANCE DETECTED
2026-05-29 23:42:06,230 | ⚠ POSSIBLE PORT SCAN DETECTED
2026-05-29 23:42:07,206 | ⚠ HOST DOMINANCE DETECTED
2026-05-29 23:42:07,206 | ⚠ POSSIBLE PORT SCAN DETECTED
2026-05-29 23:42:08,210 | ⚠ HOST DOMINANCE DETECTED
2026-05-29 23:42:08,210 | ⚠ POSSIBLE PORT SCAN DETECTED
2026-05-29 23:42:09,214 | ⚠ HOST DOMINANCE DETECTED
2026-05-29 23:42:09,214 | ⚠ POSSIBLE PORT SCAN DETECTED
2026-05-29 23:42:10,218 | ⚠ HOST DOMINANCE DETECTED
2026-05-29 23:42:10,218 | ⚠ POSSIBLE PORT SCAN DETECTED
2026-05-29 23:42:10,774 | ⚠ HOST DOMINANCE DETECTED
2026-05-29 23:42:10,775 | ⚠ POSSIBLE PORT SCAN DETECTED
2026-05-29 23:42:11,221 | ⚠ HOST DOMINANCE DETECTED
2026-05-29 23:42:11,222 | ⚠ POSSIBLE PORT SCAN DETECTED
2026-05-29 23:42:11,238 | ⚠ HOST DOMINANCE DETECTED
2026-05-29 23:42:11,238 | ⚠ POSSIBLE PORT SCAN DETECTED
2026-05-29 23:42:12,227 | ⚠ HOST DOMINANCE DETECTED
2026-05-29 23:42:12,228 | ⚠ POSSIBLE PORT SCAN DETECTED
2026-05-29 23:42:13,233 | ⚠ HOST DOMINANCE DETECTED
2026-05-29 23:42:13,233 | ⚠ POSSIBLE PORT SCAN DETECTED
2026-05-29 23:42:13,690 | ⚠ HOST DOMINANCE DETECTED
2026-05-29 23:42:13,690 | ⚠ POSSIBLE PORT SCAN DETECTED
2026-05-29 23:42:14,237 | ⚠ HOST DOMINANCE DETECTED
2026-05-29 23:42:14,238 | ⚠ POSSIBLE PORT SCAN DETECTED
2026-05-29 23:42:15,244 | ⚠ HOST DOMINANCE DETECTED
2026-05-29 23:42:15,244 | ⚠ POSSIBLE PORT SCAN DETECTED
2026-05-29 23:42:16,022 | ⚠ HOST DOMINANCE DETECTED
2026-05-29 23:42:16,026 | ⚠ POSSIBLE PORT SCAN DETECTED
2026-05-29 23:42:16,246 | ⚠ HOST DOMINANCE DETECTED
2026-05-29 23:42:16,247 | ⚠ POSSIBLE PORT SCAN DETECTED
2026-05-29 23:42:16,250 | ⚠ HOST DOMINANCE DETECTED
2026-05-29 23:42:16,250 | ⚠ POSSIBLE PORT SCAN DETECTED
2026-05-29 23:42:17,257 | ⚠ HOST DOMINANCE DETECTED
2026-05-29 23:42:17,258 | ⚠ POSSIBLE PORT SCAN DETECTED
2026-05-29 23:42:18,262 | ⚠ HOST DOMINANCE DETECTED
2026-05-29 23:42:18,263 | ⚠ POSSIBLE PORT SCAN DETECTED
2026-05-29 23:42:19,270 | ⚠ HOST DOMINANCE DETECTED
2026-05-29 23:42:19,270 | ⚠ POSSIBLE PORT SCAN DETECTED
2026-05-29 23:42:20,275 | ⚠ HOST DOMINANCE DETECTED
2026-05-29 23:42:20,275 | ⚠ POSSIBLE PORT SCAN DETECTED
2026-05-29 23:42:21,104 | ⚠ HOST DOMINANCE DETECTED
2026-05-29 23:42:21,105 | ⚠ POSSIBLE PORT SCAN DETECTED
2026-05-29 23:42:21,261 | ⚠ HOST DOMINANCE DETECTED
2026-05-29 23:42:21,262 | ⚠ POSSIBLE PORT SCAN DETECTED
2026-05-29 23:42:21,281 | ⚠ HOST DOMINANCE DETECTED
2026-05-29 23:42:21,282 | ⚠ POSSIBLE PORT SCAN DETECTED
2026-05-29 23:42:22,286 | ⚠ HOST DOMINANCE DETECTED
2026-05-29 23:42:22,287 | ⚠ POSSIBLE PORT SCAN DETECTED
2026-05-29 23:42:23,304 | ⚠ HOST DOMINANCE DETECTED
2026-05-29 23:42:23,305 | ⚠ POSSIBLE PORT SCAN DETECTED
2026-05-29 23:42:24,311 | ⚠ HOST DOMINANCE DETECTED
2026-05-29 23:42:24,311 | ⚠ POSSIBLE PORT SCAN DETECTED
2026-05-29 23:42:25,317 | ⚠ HOST DOMINANCE DETECTED
2026-05-29 23:42:25,318 | ⚠ POSSIBLE PORT SCAN DETECTED
2026-05-29 23:42:26,189 | ⚠ HOST DOMINANCE DETECTED
2026-05-29 23:42:26,189 | ⚠ POSSIBLE PORT SCAN DETECTED
2026-05-29 23:42:26,292 | ⚠ HOST DOMINANCE DETECTED
2026-05-29 23:42:26,293 | ⚠ POSSIBLE PORT SCAN DETECTED
2026-05-29 23:42:26,323 | ⚠ HOST DOMINANCE DETECTED
2026-05-29 23:42:26,323 | ⚠ POSSIBLE PORT SCAN DETECTED
2026-05-29 23:42:27,330 | ⚠ HOST DOMINANCE DETECTED
2026-05-29 23:42:27,330 | ⚠ POSSIBLE PORT SCAN DETECTED
2026-05-29 23:42:28,337 | ⚠ HOST DOMINANCE DETECTED
2026-05-29 23:42:28,338 | ⚠ POSSIBLE PORT SCAN DETECTED
2026-05-29 23:42:29,343 | ⚠ HOST DOMINANCE DETECTED
2026-05-29 23:42:29,345 | ⚠ POSSIBLE PORT SCAN DETECTED
2026-05-29 23:42:30,353 | ⚠ HOST DOMINANCE DETECTED
2026-05-29 23:42:30,353 | ⚠ POSSIBLE PORT SCAN DETECTED
2026-05-29 23:42:31,301 | ⚠ HOST DOMINANCE DETECTED
2026-05-29 23:42:31,301 | ⚠ POSSIBLE PORT SCAN DETECTED
2026-05-29 23:42:31,361 | ⚠ HOST DOMINANCE DETECTED
2026-05-29 23:42:31,361 | ⚠ POSSIBLE PORT SCAN DETECTED
2026-05-29 23:42:32,367 | ⚠ HOST DOMINANCE DETECTED
2026-05-29 23:42:32,368 | ⚠ POSSIBLE PORT SCAN DETECTED
2026-05-29 23:42:33,373 | ⚠ HOST DOMINANCE DETECTED
2026-05-29 23:42:33,374 | ⚠ POSSIBLE PORT SCAN DETECTED
2026-05-29 23:42:34,380 | ⚠ HOST DOMINANCE DETECTED
2026-05-29 23:42:34,380 | ⚠ POSSIBLE PORT SCAN DETECTED
2026-05-29 23:42:35,387 | ⚠ HOST DOMINANCE DETECTED
2026-05-29 23:42:35,387 | ⚠ POSSIBLE PORT SCAN DETECTED
2026-05-29 23:42:36,312 | ⚠ HOST DOMINANCE DETECTED
2026-05-29 23:42:36,312 | ⚠ POSSIBLE PORT SCAN DETECTED
2026-05-29 23:42:36,395 | ⚠ HOST DOMINANCE DETECTED
2026-05-29 23:42:36,396 | ⚠ POSSIBLE PORT SCAN DETECTED
2026-05-29 23:42:37,406 | ⚠ HOST DOMINANCE DETECTED
2026-05-29 23:42:37,406 | ⚠ POSSIBLE PORT SCAN DETECTED
2026-05-29 23:42:38,412 | ⚠ HOST DOMINANCE DETECTED
2026-05-29 23:42:38,413 | ⚠ POSSIBLE PORT SCAN DETECTED
2026-05-29 23:42:39,421 | ⚠ HOST DOMINANCE DETECTED
2026-05-29 23:42:39,421 | ⚠ POSSIBLE PORT SCAN DETECTED
2026-05-29 23:42:40,434 | ⚠ HOST DOMINANCE DETECTED
2026-05-29 23:42:40,434 | ⚠ POSSIBLE PORT SCAN DETECTED
2026-05-29 23:42:41,326 | ⚠ HOST DOMINANCE DETECTED
2026-05-29 23:42:41,326 | ⚠ POSSIBLE PORT SCAN DETECTED
2026-05-29 23:42:41,439 | ⚠ HOST DOMINANCE DETECTED
2026-05-29 23:42:41,440 | ⚠ POSSIBLE PORT SCAN DETECTED
2026-05-29 23:42:42,446 | ⚠ HOST DOMINANCE DETECTED
2026-05-29 23:42:42,446 | ⚠ POSSIBLE PORT SCAN DETECTED
2026-05-29 23:42:43,452 | ⚠ HOST DOMINANCE DETECTED
2026-05-29 23:42:43,453 | ⚠ POSSIBLE PORT SCAN DETECTED
2026-05-29 23:42:44,458 | ⚠ HOST DOMINANCE DETECTED
2026-05-29 23:42:44,458 | ⚠ POSSIBLE PORT SCAN DETECTED
2026-05-29 23:42:44,942 | ⚠ HOST DOMINANCE DETECTED
2026-05-29 23:42:44,943 | ⚠ POSSIBLE PORT SCAN DETECTED
2026-05-29 23:42:45,222 | ⚠ HOST DOMINANCE DETECTED
2026-05-29 23:42:45,222 | ⚠ POSSIBLE PORT SCAN DETECTED
2026-05-29 23:42:45,465 | ⚠ HOST DOMINANCE DETECTED
2026-05-29 23:42:45,467 | ⚠ POSSIBLE PORT SCAN DETECTED
2026-05-29 23:42:46,339 | ⚠ HOST DOMINANCE DETECTED
2026-05-29 23:42:46,339 | ⚠ POSSIBLE PORT SCAN DETECTED
2026-05-29 23:42:46,478 | ⚠ HOST DOMINANCE DETECTED
2026-05-29 23:42:46,478 | ⚠ POSSIBLE PORT SCAN DETECTED
2026-05-29 23:42:47,484 | ⚠ HOST DOMINANCE DETECTED
2026-05-29 23:42:47,485 | ⚠ POSSIBLE PORT SCAN DETECTED
2026-05-29 23:42:48,490 | ⚠ HOST DOMINANCE DETECTED
2026-05-29 23:42:48,490 | ⚠ POSSIBLE PORT SCAN DETECTED
2026-05-29 23:42:49,503 | ⚠ HOST DOMINANCE DETECTED
2026-05-29 23:42:49,504 | ⚠ POSSIBLE PORT SCAN DETECTED
2026-05-29 23:42:50,303 | ⚠ HOST DOMINANCE DETECTED
2026-05-29 23:42:50,303 | ⚠ POSSIBLE PORT SCAN DETECTED
2026-05-29 23:42:50,512 | ⚠ HOST DOMINANCE DETECTED
2026-05-29 23:42:50,513 | ⚠ POSSIBLE PORT SCAN DETECTED
2026-05-29 23:42:51,355 | ⚠ HOST DOMINANCE DETECTED
2026-05-29 23:42:51,355 | ⚠ POSSIBLE PORT SCAN DETECTED
2026-05-29 23:42:51,522 | ⚠ HOST DOMINANCE DETECTED
2026-05-29 23:42:51,522 | ⚠ POSSIBLE PORT SCAN DETECTED
2026-05-29 23:42:52,530 | ⚠ HOST DOMINANCE DETECTED
2026-05-29 23:42:52,531 | ⚠ POSSIBLE PORT SCAN DETECTED
2026-05-29 23:42:53,539 | ⚠ HOST DOMINANCE DETECTED
2026-05-29 23:42:53,540 | ⚠ POSSIBLE PORT SCAN DETECTED
2026-05-29 23:42:54,550 | ⚠ HOST DOMINANCE DETECTED
2026-05-29 23:42:54,551 | ⚠ POSSIBLE PORT SCAN DETECTED
2026-05-29 23:42:55,559 | ⚠ HOST DOMINANCE DETECTED
2026-05-29 23:42:55,559 | ⚠ POSSIBLE PORT SCAN DETECTED
2026-05-29 23:42:56,366 | ⚠ HOST DOMINANCE DETECTED
2026-05-29 23:42:56,366 | ⚠ POSSIBLE PORT SCAN DETECTED
2026-05-29 23:42:56,565 | ⚠ HOST DOMINANCE DETECTED
2026-05-29 23:42:56,566 | ⚠ POSSIBLE PORT SCAN DETECTED
2026-05-29 23:42:57,006 | ⚠ HOST DOMINANCE DETECTED
2026-05-29 23:42:57,006 | ⚠ POSSIBLE PORT SCAN DETECTED
2026-05-29 23:42:57,573 | ⚠ HOST DOMINANCE DETECTED
2026-05-29 23:42:57,574 | ⚠ POSSIBLE PORT SCAN DETECTED
2026-05-29 23:42:58,580 | ⚠ HOST DOMINANCE DETECTED
2026-05-29 23:42:58,581 | ⚠ POSSIBLE PORT SCAN DETECTED
2026-05-29 23:42:59,587 | ⚠ HOST DOMINANCE DETECTED
2026-05-29 23:42:59,587 | ⚠ POSSIBLE PORT SCAN DETECTED
2026-05-29 23:43:00,594 | ⚠ HOST DOMINANCE DETECTED
2026-05-29 23:43:00,596 | ⚠ POSSIBLE PORT SCAN DETECTED
2026-05-29 23:43:01,377 | ⚠ HOST DOMINANCE DETECTED
2026-05-29 23:43:01,377 | ⚠ POSSIBLE PORT SCAN DETECTED
2026-05-29 23:43:01,603 | ⚠ HOST DOMINANCE DETECTED
2026-05-29 23:43:01,604 | ⚠ POSSIBLE PORT SCAN DETECTED
2026-05-29 23:43:02,610 | ⚠ HOST DOMINANCE DETECTED
2026-05-29 23:43:02,610 | ⚠ POSSIBLE PORT SCAN DETECTED
2026-05-29 23:43:03,615 | ⚠ HOST DOMINANCE DETECTED
2026-05-29 23:43:03,616 | ⚠ POSSIBLE PORT SCAN DETECTED
2026-05-29 23:43:04,620 | ⚠ HOST DOMINANCE DETECTED
2026-05-29 23:43:04,621 | ⚠ POSSIBLE PORT SCAN DETECTED
2026-05-29 23:43:05,626 | ⚠ HOST DOMINANCE DETECTED
2026-05-29 23:43:05,627 | ⚠ POSSIBLE PORT SCAN DETECTED
2026-05-29 23:43:06,391 | ⚠ HOST DOMINANCE DETECTED
2026-05-29 23:43:06,391 | ⚠ POSSIBLE PORT SCAN DETECTED
2026-05-29 23:43:06,634 | ⚠ HOST DOMINANCE DETECTED
2026-05-29 23:43:06,634 | ⚠ POSSIBLE PORT SCAN DETECTED
2026-05-29 23:43:07,640 | ⚠ HOST DOMINANCE DETECTED
2026-05-29 23:43:07,640 | ⚠ POSSIBLE PORT SCAN DETECTED
2026-05-29 23:43:08,645 | ⚠ HOST DOMINANCE DETECTED
2026-05-29 23:43:08,645 | ⚠ POSSIBLE PORT SCAN DETECTED
2026-05-29 23:43:09,651 | ⚠ HOST DOMINANCE DETECTED
2026-05-29 23:43:09,651 | ⚠ POSSIBLE PORT SCAN DETECTED
2026-05-29 23:43:10,657 | ⚠ HOST DOMINANCE DETECTED
2026-05-29 23:43:10,657 | ⚠ POSSIBLE PORT SCAN DETECTED
2026-05-29 23:43:11,401 | ⚠ HOST DOMINANCE DETECTED
2026-05-29 23:43:11,401 | ⚠ POSSIBLE PORT SCAN DETECTED
2026-05-29 23:43:11,663 | ⚠ HOST DOMINANCE DETECTED
2026-05-29 23:43:11,664 | ⚠ POSSIBLE PORT SCAN DETECTED
2026-05-29 23:43:12,673 | ⚠ HOST DOMINANCE DETECTED
2026-05-29 23:43:12,673 | ⚠ POSSIBLE PORT SCAN DETECTED
2026-05-29 23:43:13,678 | ⚠ HOST DOMINANCE DETECTED
2026-05-29 23:43:13,678 | ⚠ POSSIBLE PORT SCAN DETECTED
2026-05-29 23:43:14,683 | ⚠ HOST DOMINANCE DETECTED
2026-05-29 23:43:14,683 | ⚠ POSSIBLE PORT SCAN DETECTED
2026-05-29 23:43:15,689 | ⚠ HOST DOMINANCE DETECTED
2026-05-29 23:43:15,689 | ⚠ POSSIBLE PORT SCAN DETECTED
2026-05-29 23:43:16,037 | ⚠ HOST DOMINANCE DETECTED
2026-05-29 23:43:16,038 | ⚠ POSSIBLE PORT SCAN DETECTED
2026-05-29 23:43:16,409 | ⚠ HOST DOMINANCE DETECTED
2026-05-29 23:43:16,410 | ⚠ POSSIBLE PORT SCAN DETECTED
2026-05-29 23:43:16,697 | ⚠ HOST DOMINANCE DETECTED
2026-05-29 23:43:16,697 | ⚠ POSSIBLE PORT SCAN DETECTED
2026-05-29 23:43:17,700 | ⚠ HOST DOMINANCE DETECTED
2026-05-29 23:43:17,701 | ⚠ POSSIBLE PORT SCAN DETECTED
2026-05-29 23:43:18,707 | ⚠ HOST DOMINANCE DETECTED
2026-05-29 23:43:18,708 | ⚠ POSSIBLE PORT SCAN DETECTED
2026-05-29 23:43:19,329 | ⚠ HOST DOMINANCE DETECTED
2026-05-29 23:43:19,330 | ⚠ POSSIBLE PORT SCAN DETECTED
2026-05-29 23:43:19,721 | ⚠ HOST DOMINANCE DETECTED
2026-05-29 23:43:19,721 | ⚠ POSSIBLE PORT SCAN DETECTED
2026-05-29 23:43:20,731 | ⚠ HOST DOMINANCE DETECTED
2026-05-29 23:43:20,731 | ⚠ POSSIBLE PORT SCAN DETECTED
2026-05-29 23:43:21,417 | ⚠ HOST DOMINANCE DETECTED
2026-05-29 23:43:21,417 | ⚠ POSSIBLE PORT SCAN DETECTED
2026-05-29 23:43:21,736 | ⚠ HOST DOMINANCE DETECTED
2026-05-29 23:43:21,737 | ⚠ POSSIBLE PORT SCAN DETECTED
2026-05-29 23:43:22,743 | ⚠ HOST DOMINANCE DETECTED
2026-05-29 23:43:22,743 | ⚠ POSSIBLE PORT SCAN DETECTED
2026-05-29 23:43:23,752 | ⚠ HOST DOMINANCE DETECTED
2026-05-29 23:43:23,754 | ⚠ POSSIBLE PORT SCAN DETECTED
2026-05-29 23:43:24,771 | ⚠ HOST DOMINANCE DETECTED
2026-05-29 23:43:24,772 | ⚠ POSSIBLE PORT SCAN DETECTED
2026-05-29 23:43:25,780 | ⚠ HOST DOMINANCE DETECTED
2026-05-29 23:43:25,781 | ⚠ POSSIBLE PORT SCAN DETECTED
2026-05-29 23:43:26,428 | ⚠ HOST DOMINANCE DETECTED
2026-05-29 23:43:26,429 | ⚠ POSSIBLE PORT SCAN DETECTED
2026-05-29 23:43:26,787 | ⚠ HOST DOMINANCE DETECTED
2026-05-29 23:43:26,787 | ⚠ POSSIBLE PORT SCAN DETECTED
2026-05-29 23:43:27,795 | ⚠ HOST DOMINANCE DETECTED
2026-05-29 23:43:27,795 | ⚠ POSSIBLE PORT SCAN DETECTED
2026-05-29 23:43:28,804 | ⚠ HOST DOMINANCE DETECTED
2026-05-29 23:43:28,805 | ⚠ POSSIBLE PORT SCAN DETECTED
2026-05-29 23:43:29,820 | ⚠ HOST DOMINANCE DETECTED
2026-05-29 23:43:29,820 | ⚠ POSSIBLE PORT SCAN DETECTED
2026-05-29 23:43:30,825 | ⚠ HOST DOMINANCE DETECTED
2026-05-29 23:43:30,826 | ⚠ POSSIBLE PORT SCAN DETECTED
2026-05-29 23:43:31,434 | ⚠ HOST DOMINANCE DETECTED
2026-05-29 23:43:31,434 | ⚠ POSSIBLE PORT SCAN DETECTED
2026-05-29 23:43:31,831 | ⚠ HOST DOMINANCE DETECTED
2026-05-29 23:43:31,831 | ⚠ POSSIBLE PORT SCAN DETECTED
2026-05-29 23:43:32,837 | ⚠ HOST DOMINANCE DETECTED
2026-05-29 23:43:32,837 | ⚠ POSSIBLE PORT SCAN DETECTED
2026-05-29 23:43:33,841 | ⚠ HOST DOMINANCE DETECTED
2026-05-29 23:43:33,842 | ⚠ POSSIBLE PORT SCAN DETECTED
2026-05-29 23:43:34,845 | ⚠ HOST DOMINANCE DETECTED
2026-05-29 23:43:34,846 | ⚠ POSSIBLE PORT SCAN DETECTED
2026-05-29 23:43:35,853 | ⚠ HOST DOMINANCE DETECTED
2026-05-29 23:43:35,853 | ⚠ POSSIBLE PORT SCAN DETECTED
2026-05-29 23:43:36,441 | ⚠ HOST DOMINANCE DETECTED
2026-05-29 23:43:36,442 | ⚠ POSSIBLE PORT SCAN DETECTED
2026-05-29 23:43:36,860 | ⚠ HOST DOMINANCE DETECTED
2026-05-29 23:43:36,861 | ⚠ POSSIBLE PORT SCAN DETECTED
2026-05-29 23:43:37,868 | ⚠ HOST DOMINANCE DETECTED
2026-05-29 23:43:37,869 | ⚠ POSSIBLE PORT SCAN DETECTED
2026-05-29 23:43:38,880 | ⚠ HOST DOMINANCE DETECTED
2026-05-29 23:43:38,880 | ⚠ POSSIBLE PORT SCAN DETECTED
2026-05-29 23:43:39,886 | ⚠ HOST DOMINANCE DETECTED
2026-05-29 23:43:39,888 | ⚠ POSSIBLE PORT SCAN DETECTED
2026-05-29 23:43:40,893 | ⚠ HOST DOMINANCE DETECTED
2026-05-29 23:43:40,894 | ⚠ POSSIBLE PORT SCAN DETECTED
2026-05-29 23:43:41,464 | ⚠ HOST DOMINANCE DETECTED
2026-05-29 23:43:41,464 | ⚠ POSSIBLE PORT SCAN DETECTED
2026-05-29 23:43:41,899 | ⚠ HOST DOMINANCE DETECTED
2026-05-29 23:43:41,899 | ⚠ POSSIBLE PORT SCAN DETECTED
2026-05-29 23:43:42,110 | ⚠ HOST DOMINANCE DETECTED
2026-05-29 23:43:42,110 | ⚠ POSSIBLE PORT SCAN DETECTED
2026-05-29 23:43:42,903 | ⚠ HOST DOMINANCE DETECTED
2026-05-29 23:43:42,904 | ⚠ POSSIBLE PORT SCAN DETECTED
2026-05-29 23:43:43,909 | ⚠ HOST DOMINANCE DETECTED
2026-05-29 23:43:43,910 | ⚠ POSSIBLE PORT SCAN DETECTED
2026-05-29 23:43:44,914 | ⚠ HOST DOMINANCE DETECTED
2026-05-29 23:43:44,915 | ⚠ POSSIBLE PORT SCAN DETECTED
2026-05-29 23:43:45,922 | ⚠ HOST DOMINANCE DETECTED
2026-05-29 23:43:45,922 | ⚠ POSSIBLE PORT SCAN DETECTED
2026-05-29 23:43:46,473 | ⚠ HOST DOMINANCE DETECTED
2026-05-29 23:43:46,473 | ⚠ POSSIBLE PORT SCAN DETECTED
2026-05-29 23:43:46,765 | ⚠ HOST DOMINANCE DETECTED
2026-05-29 23:43:46,765 | ⚠ POSSIBLE PORT SCAN DETECTED
2026-05-29 23:43:46,926 | ⚠ HOST DOMINANCE DETECTED
2026-05-29 23:43:46,926 | ⚠ POSSIBLE PORT SCAN DETECTED
2026-05-29 23:43:47,929 | ⚠ HOST DOMINANCE DETECTED
2026-05-29 23:43:47,929 | ⚠ POSSIBLE PORT SCAN DETECTED
2026-05-29 23:43:48,942 | ⚠ HOST DOMINANCE DETECTED
2026-05-29 23:43:48,942 | ⚠ POSSIBLE PORT SCAN DETECTED
2026-05-29 23:43:49,949 | ⚠ HOST DOMINANCE DETECTED
2026-05-29 23:43:49,949 | ⚠ POSSIBLE PORT SCAN DETECTED
2026-05-29 23:43:50,955 | ⚠ HOST DOMINANCE DETECTED
2026-05-29 23:43:50,956 | ⚠ POSSIBLE PORT SCAN DETECTED
2026-05-29 23:43:51,482 | ⚠ HOST DOMINANCE DETECTED
2026-05-29 23:43:51,483 | ⚠ POSSIBLE PORT SCAN DETECTED
2026-05-29 23:43:51,960 | ⚠ HOST DOMINANCE DETECTED
2026-05-29 23:43:51,961 | ⚠ POSSIBLE PORT SCAN DETECTED
2026-05-29 23:43:52,964 | ⚠ HOST DOMINANCE DETECTED
2026-05-29 23:43:52,964 | ⚠ POSSIBLE PORT SCAN DETECTED
2026-05-29 23:43:53,971 | ⚠ HOST DOMINANCE DETECTED
2026-05-29 23:43:53,972 | ⚠ POSSIBLE PORT SCAN DETECTED
2026-05-29 23:43:54,977 | ⚠ HOST DOMINANCE DETECTED
2026-05-29 23:43:54,978 | ⚠ POSSIBLE PORT SCAN DETECTED
2026-05-29 23:43:55,985 | ⚠ HOST DOMINANCE DETECTED
2026-05-29 23:43:55,985 | ⚠ POSSIBLE PORT SCAN DETECTED
2026-05-29 23:43:56,489 | ⚠ HOST DOMINANCE DETECTED
2026-05-29 23:43:56,489 | ⚠ POSSIBLE PORT SCAN DETECTED
2026-05-29 23:43:56,990 | ⚠ HOST DOMINANCE DETECTED
2026-05-29 23:43:56,991 | ⚠ POSSIBLE PORT SCAN DETECTED
2026-05-29 23:43:57,995 | ⚠ HOST DOMINANCE DETECTED
2026-05-29 23:43:57,995 | ⚠ POSSIBLE PORT SCAN DETECTED
2026-05-29 23:43:59,002 | ⚠ HOST DOMINANCE DETECTED
2026-05-29 23:43:59,002 | ⚠ POSSIBLE PORT SCAN DETECTED
2026-05-29 23:44:00,007 | ⚠ HOST DOMINANCE DETECTED
2026-05-29 23:44:00,007 | ⚠ POSSIBLE PORT SCAN DETECTED
2026-05-29 23:44:00,995 | ⚠ HOST DOMINANCE DETECTED
2026-05-29 23:44:00,996 | ⚠ POSSIBLE PORT SCAN DETECTED
2026-05-29 23:44:01,018 | ⚠ HOST DOMINANCE DETECTED
2026-05-29 23:44:01,019 | ⚠ POSSIBLE PORT SCAN DETECTED
2026-05-29 23:44:01,501 | ⚠ HOST DOMINANCE DETECTED
2026-05-29 23:44:01,502 | ⚠ POSSIBLE PORT SCAN DETECTED
2026-05-29 23:44:02,053 | ⚠ HOST DOMINANCE DETECTED
2026-05-29 23:44:02,054 | ⚠ POSSIBLE PORT SCAN DETECTED
2026-05-29 23:44:03,075 | ⚠ HOST DOMINANCE DETECTED
2026-05-29 23:44:03,075 | ⚠ POSSIBLE PORT SCAN DETECTED
2026-05-29 23:44:04,081 | ⚠ HOST DOMINANCE DETECTED
2026-05-29 23:44:04,081 | ⚠ POSSIBLE PORT SCAN DETECTED
2026-05-29 23:44:05,086 | ⚠ HOST DOMINANCE DETECTED
2026-05-29 23:44:05,087 | ⚠ POSSIBLE PORT SCAN DETECTED
2026-05-29 23:44:06,092 | ⚠ HOST DOMINANCE DETECTED
2026-05-29 23:44:06,093 | ⚠ POSSIBLE PORT SCAN DETECTED
2026-05-29 23:44:06,512 | ⚠ HOST DOMINANCE DETECTED
2026-05-29 23:44:06,512 | ⚠ POSSIBLE PORT SCAN DETECTED
2026-05-29 23:44:06,978 | ⚠ HOST DOMINANCE DETECTED
2026-05-29 23:44:06,978 | ⚠ POSSIBLE PORT SCAN DETECTED
2026-05-29 23:44:07,097 | ⚠ HOST DOMINANCE DETECTED
2026-05-29 23:44:07,097 | ⚠ POSSIBLE PORT SCAN DETECTED
2026-05-29 23:44:08,102 | ⚠ HOST DOMINANCE DETECTED
2026-05-29 23:44:08,102 | ⚠ POSSIBLE PORT SCAN DETECTED
2026-05-29 23:44:09,108 | ⚠ HOST DOMINANCE DETECTED
2026-05-29 23:44:09,109 | ⚠ POSSIBLE PORT SCAN DETECTED
2026-05-29 23:44:10,116 | ⚠ HOST DOMINANCE DETECTED
2026-05-29 23:44:10,116 | ⚠ POSSIBLE PORT SCAN DETECTED
2026-05-29 23:44:11,120 | ⚠ HOST DOMINANCE DETECTED
2026-05-29 23:44:11,120 | ⚠ POSSIBLE PORT SCAN DETECTED
2026-05-29 23:44:11,525 | ⚠ HOST DOMINANCE DETECTED
2026-05-29 23:44:11,526 | ⚠ POSSIBLE PORT SCAN DETECTED
2026-05-29 23:44:12,128 | ⚠ HOST DOMINANCE DETECTED
2026-05-29 23:44:12,128 | ⚠ POSSIBLE PORT SCAN DETECTED
2026-05-29 23:44:12,728 | ⚠ HOST DOMINANCE DETECTED
2026-05-29 23:44:12,728 | ⚠ POSSIBLE PORT SCAN DETECTED
2026-05-29 23:44:13,137 | ⚠ HOST DOMINANCE DETECTED
2026-05-29 23:44:13,138 | ⚠ POSSIBLE PORT SCAN DETECTED
2026-05-29 23:44:14,146 | ⚠ HOST DOMINANCE DETECTED
2026-05-29 23:44:14,146 | ⚠ POSSIBLE PORT SCAN DETECTED
2026-05-29 23:44:15,151 | ⚠ HOST DOMINANCE DETECTED
2026-05-29 23:44:15,151 | ⚠ POSSIBLE PORT SCAN DETECTED
2026-05-29 23:44:16,158 | ⚠ HOST DOMINANCE DETECTED
2026-05-29 23:44:16,160 | ⚠ POSSIBLE PORT SCAN DETECTED
2026-05-29 23:44:16,537 | ⚠ HOST DOMINANCE DETECTED
2026-05-29 23:44:16,538 | ⚠ POSSIBLE PORT SCAN DETECTED
2026-05-29 23:44:17,172 | ⚠ HOST DOMINANCE DETECTED
2026-05-29 23:44:17,173 | ⚠ POSSIBLE PORT SCAN DETECTED
2026-05-29 23:44:17,513 | ⚠ HOST DOMINANCE DETECTED
2026-05-29 23:44:17,513 | ⚠ POSSIBLE PORT SCAN DETECTED
2026-05-29 23:44:18,176 | ⚠ HOST DOMINANCE DETECTED
2026-05-29 23:44:18,176 | ⚠ POSSIBLE PORT SCAN DETECTED
2026-05-29 23:44:19,181 | ⚠ HOST DOMINANCE DETECTED
2026-05-29 23:44:19,181 | ⚠ POSSIBLE PORT SCAN DETECTED
2026-05-29 23:44:20,190 | ⚠ HOST DOMINANCE DETECTED
2026-05-29 23:44:20,190 | ⚠ POSSIBLE PORT SCAN DETECTED
2026-05-29 23:44:21,200 | ⚠ HOST DOMINANCE DETECTED
2026-05-29 23:44:21,200 | ⚠ POSSIBLE PORT SCAN DETECTED
2026-05-29 23:44:21,546 | ⚠ HOST DOMINANCE DETECTED
2026-05-29 23:44:21,546 | ⚠ POSSIBLE PORT SCAN DETECTED
2026-05-29 23:44:22,205 | ⚠ HOST DOMINANCE DETECTED
2026-05-29 23:44:22,206 | ⚠ POSSIBLE PORT SCAN DETECTED
2026-05-29 23:44:23,208 | ⚠ HOST DOMINANCE DETECTED
2026-05-29 23:44:23,208 | ⚠ POSSIBLE PORT SCAN DETECTED
2026-05-29 23:44:24,212 | ⚠ HOST DOMINANCE DETECTED
2026-05-29 23:44:24,213 | ⚠ POSSIBLE PORT SCAN DETECTED
2026-05-29 23:44:25,218 | ⚠ HOST DOMINANCE DETECTED
2026-05-29 23:44:25,218 | ⚠ POSSIBLE PORT SCAN DETECTED
2026-05-29 23:44:26,225 | ⚠ HOST DOMINANCE DETECTED
2026-05-29 23:44:26,226 | ⚠ POSSIBLE PORT SCAN DETECTED
2026-05-29 23:44:26,558 | ⚠ HOST DOMINANCE DETECTED
2026-05-29 23:44:26,558 | ⚠ POSSIBLE PORT SCAN DETECTED
2026-05-29 23:44:27,235 | ⚠ HOST DOMINANCE DETECTED
2026-05-29 23:44:27,236 | ⚠ POSSIBLE PORT SCAN DETECTED
2026-05-29 23:44:28,245 | ⚠ HOST DOMINANCE DETECTED
2026-05-29 23:44:28,245 | ⚠ POSSIBLE PORT SCAN DETECTED
2026-05-29 23:44:29,253 | ⚠ HOST DOMINANCE DETECTED
2026-05-29 23:44:29,254 | ⚠ POSSIBLE PORT SCAN DETECTED
2026-05-29 23:44:30,260 | ⚠ HOST DOMINANCE DETECTED
2026-05-29 23:44:30,260 | ⚠ POSSIBLE PORT SCAN DETECTED
2026-05-29 23:44:31,264 | ⚠ HOST DOMINANCE DETECTED
2026-05-29 23:44:31,264 | ⚠ POSSIBLE PORT SCAN DETECTED
2026-05-29 23:44:31,567 | ⚠ HOST DOMINANCE DETECTED
2026-05-29 23:44:31,568 | ⚠ POSSIBLE PORT SCAN DETECTED
2026-05-29 23:44:32,273 | ⚠ HOST DOMINANCE DETECTED
2026-05-29 23:44:32,274 | ⚠ POSSIBLE PORT SCAN DETECTED
2026-05-29 23:44:33,281 | ⚠ HOST DOMINANCE DETECTED
2026-05-29 23:44:33,282 | ⚠ POSSIBLE PORT SCAN DETECTED
2026-05-29 23:44:33,617 | ⚠ HOST DOMINANCE DETECTED
2026-05-29 23:44:33,617 | ⚠ POSSIBLE PORT SCAN DETECTED
2026-05-29 23:44:34,288 | ⚠ HOST DOMINANCE DETECTED
2026-05-29 23:44:34,288 | ⚠ POSSIBLE PORT SCAN DETECTED
2026-05-29 23:44:35,296 | ⚠ HOST DOMINANCE DETECTED
2026-05-29 23:44:35,296 | ⚠ POSSIBLE PORT SCAN DETECTED
2026-05-29 23:44:36,303 | ⚠ HOST DOMINANCE DETECTED
2026-05-29 23:44:36,304 | ⚠ POSSIBLE PORT SCAN DETECTED
2026-05-29 23:44:36,582 | ⚠ HOST DOMINANCE DETECTED
2026-05-29 23:44:36,583 | ⚠ POSSIBLE PORT SCAN DETECTED
2026-05-29 23:44:37,312 | ⚠ HOST DOMINANCE DETECTED
2026-05-29 23:44:37,312 | ⚠ POSSIBLE PORT SCAN DETECTED
2026-05-29 23:44:38,320 | ⚠ HOST DOMINANCE DETECTED
2026-05-29 23:44:38,320 | ⚠ POSSIBLE PORT SCAN DETECTED
2026-05-29 23:44:39,330 | ⚠ HOST DOMINANCE DETECTED
2026-05-29 23:44:39,330 | ⚠ POSSIBLE PORT SCAN DETECTED
2026-05-29 23:44:40,336 | ⚠ HOST DOMINANCE DETECTED
2026-05-29 23:44:40,337 | ⚠ POSSIBLE PORT SCAN DETECTED
2026-05-29 23:44:41,343 | ⚠ HOST DOMINANCE DETECTED
2026-05-29 23:44:41,343 | ⚠ POSSIBLE PORT SCAN DETECTED
2026-05-29 23:44:41,595 | ⚠ HOST DOMINANCE DETECTED
2026-05-29 23:44:41,596 | ⚠ POSSIBLE PORT SCAN DETECTED
2026-05-29 23:44:42,351 | ⚠ HOST DOMINANCE DETECTED
2026-05-29 23:44:42,351 | ⚠ POSSIBLE PORT SCAN DETECTED
2026-05-29 23:44:43,358 | ⚠ HOST DOMINANCE DETECTED
2026-05-29 23:44:43,359 | ⚠ POSSIBLE PORT SCAN DETECTED
2026-05-29 23:44:44,368 | ⚠ HOST DOMINANCE DETECTED
2026-05-29 23:44:44,371 | ⚠ POSSIBLE PORT SCAN DETECTED
2026-05-29 23:44:45,378 | ⚠ HOST DOMINANCE DETECTED
2026-05-29 23:44:45,378 | ⚠ POSSIBLE PORT SCAN DETECTED
2026-05-29 23:44:46,388 | ⚠ HOST DOMINANCE DETECTED
2026-05-29 23:44:46,388 | ⚠ POSSIBLE PORT SCAN DETECTED
2026-05-29 23:44:46,616 | ⚠ HOST DOMINANCE DETECTED
2026-05-29 23:44:46,616 | ⚠ POSSIBLE PORT SCAN DETECTED
2026-05-29 23:44:47,396 | ⚠ HOST DOMINANCE DETECTED
2026-05-29 23:44:47,398 | ⚠ POSSIBLE PORT SCAN DETECTED
2026-05-29 23:44:48,277 | ⚠ HOST DOMINANCE DETECTED
2026-05-29 23:44:48,278 | ⚠ POSSIBLE PORT SCAN DETECTED
2026-05-29 23:44:48,409 | ⚠ HOST DOMINANCE DETECTED
2026-05-29 23:44:48,409 | ⚠ POSSIBLE PORT SCAN DETECTED
2026-05-29 23:44:49,441 | ⚠ HOST DOMINANCE DETECTED
2026-05-29 23:44:49,442 | ⚠ POSSIBLE PORT SCAN DETECTED
2026-05-29 23:44:49,916 | ⚠ HOST DOMINANCE DETECTED
2026-05-29 23:44:49,918 | ⚠ POSSIBLE PORT SCAN DETECTED
2026-05-29 23:44:50,452 | ⚠ HOST DOMINANCE DETECTED
2026-05-29 23:44:50,452 | ⚠ POSSIBLE PORT SCAN DETECTED
2026-05-29 23:44:51,470 | ⚠ HOST DOMINANCE DETECTED
2026-05-29 23:44:51,471 | ⚠ POSSIBLE PORT SCAN DETECTED
2026-05-29 23:44:51,623 | ⚠ HOST DOMINANCE DETECTED
2026-05-29 23:44:51,623 | ⚠ POSSIBLE PORT SCAN DETECTED
2026-05-29 23:44:52,476 | ⚠ HOST DOMINANCE DETECTED
2026-05-29 23:44:52,477 | ⚠ POSSIBLE PORT SCAN DETECTED
2026-05-29 23:44:53,482 | ⚠ HOST DOMINANCE DETECTED
2026-05-29 23:44:53,483 | ⚠ POSSIBLE PORT SCAN DETECTED
2026-05-29 23:44:54,488 | ⚠ HOST DOMINANCE DETECTED
2026-05-29 23:44:54,488 | ⚠ POSSIBLE PORT SCAN DETECTED
2026-05-29 23:44:54,799 | ⚠ HOST DOMINANCE DETECTED
2026-05-29 23:44:54,799 | ⚠ POSSIBLE PORT SCAN DETECTED
2026-05-29 23:44:55,493 | ⚠ HOST DOMINANCE DETECTED
2026-05-29 23:44:55,493 | ⚠ POSSIBLE PORT SCAN DETECTED
2026-05-29 23:44:56,501 | ⚠ HOST DOMINANCE DETECTED
2026-05-29 23:44:56,502 | ⚠ POSSIBLE PORT SCAN DETECTED
2026-05-29 23:44:56,634 | ⚠ HOST DOMINANCE DETECTED
2026-05-29 23:44:56,634 | ⚠ POSSIBLE PORT SCAN DETECTED
2026-05-29 23:44:57,506 | ⚠ HOST DOMINANCE DETECTED
2026-05-29 23:44:57,506 | ⚠ POSSIBLE PORT SCAN DETECTED
2026-05-29 23:44:58,513 | ⚠ HOST DOMINANCE DETECTED
2026-05-29 23:44:58,513 | ⚠ POSSIBLE PORT SCAN DETECTED
2026-05-29 23:44:59,526 | ⚠ HOST DOMINANCE DETECTED
2026-05-29 23:44:59,526 | ⚠ POSSIBLE PORT SCAN DETECTED
2026-05-29 23:44:59,812 | ⚠ HOST DOMINANCE DETECTED
2026-05-29 23:44:59,814 | ⚠ POSSIBLE PORT SCAN DETECTED
2026-05-29 23:45:00,530 | ⚠ HOST DOMINANCE DETECTED
2026-05-29 23:45:00,531 | ⚠ POSSIBLE PORT SCAN DETECTED
2026-05-29 23:45:01,537 | ⚠ HOST DOMINANCE DETECTED
2026-05-29 23:45:01,537 | ⚠ POSSIBLE PORT SCAN DETECTED
2026-05-29 23:45:01,640 | ⚠ HOST DOMINANCE DETECTED
2026-05-29 23:45:01,640 | ⚠ POSSIBLE PORT SCAN DETECTED
2026-05-29 23:45:02,543 | ⚠ HOST DOMINANCE DETECTED
2026-05-29 23:45:02,543 | ⚠ POSSIBLE PORT SCAN DETECTED
2026-05-29 23:45:03,556 | ⚠ HOST DOMINANCE DETECTED
2026-05-29 23:45:03,557 | ⚠ POSSIBLE PORT SCAN DETECTED
2026-05-29 23:45:04,566 | ⚠ HOST DOMINANCE DETECTED
2026-05-29 23:45:04,568 | ⚠ POSSIBLE PORT SCAN DETECTED
2026-05-29 23:45:04,815 | ⚠ HOST DOMINANCE DETECTED
2026-05-29 23:45:04,815 | ⚠ POSSIBLE PORT SCAN DETECTED
2026-05-29 23:45:05,577 | ⚠ HOST DOMINANCE DETECTED
2026-05-29 23:45:05,577 | ⚠ POSSIBLE PORT SCAN DETECTED
2026-05-29 23:45:06,582 | ⚠ HOST DOMINANCE DETECTED
2026-05-29 23:45:06,582 | ⚠ POSSIBLE PORT SCAN DETECTED
2026-05-29 23:45:06,649 | ⚠ HOST DOMINANCE DETECTED
2026-05-29 23:45:06,649 | ⚠ POSSIBLE PORT SCAN DETECTED
2026-05-29 23:45:07,585 | ⚠ HOST DOMINANCE DETECTED
2026-05-29 23:45:07,585 | ⚠ POSSIBLE PORT SCAN DETECTED
2026-05-29 23:45:08,590 | ⚠ HOST DOMINANCE DETECTED
2026-05-29 23:45:08,591 | ⚠ POSSIBLE PORT SCAN DETECTED
2026-05-29 23:45:09,613 | ⚠ HOST DOMINANCE DETECTED
2026-05-29 23:45:09,614 | ⚠ POSSIBLE PORT SCAN DETECTED
2026-05-29 23:45:09,825 | ⚠ HOST DOMINANCE DETECTED
2026-05-29 23:45:09,826 | ⚠ POSSIBLE PORT SCAN DETECTED
2026-05-29 23:45:10,628 | ⚠ HOST DOMINANCE DETECTED
2026-05-29 23:45:10,628 | ⚠ POSSIBLE PORT SCAN DETECTED
2026-05-29 23:45:11,633 | ⚠ HOST DOMINANCE DETECTED
2026-05-29 23:45:11,633 | ⚠ POSSIBLE PORT SCAN DETECTED
2026-05-29 23:45:11,656 | ⚠ HOST DOMINANCE DETECTED
2026-05-29 23:45:11,656 | ⚠ POSSIBLE PORT SCAN DETECTED
2026-05-29 23:45:12,639 | ⚠ HOST DOMINANCE DETECTED
2026-05-29 23:45:12,640 | ⚠ POSSIBLE PORT SCAN DETECTED
2026-05-29 23:45:13,645 | ⚠ HOST DOMINANCE DETECTED
2026-05-29 23:45:13,645 | ⚠ POSSIBLE PORT SCAN DETECTED
2026-05-29 23:45:14,656 | ⚠ HOST DOMINANCE DETECTED
2026-05-29 23:45:14,656 | ⚠ POSSIBLE PORT SCAN DETECTED
2026-05-29 23:45:14,817 | ⚠ HOST DOMINANCE DETECTED
2026-05-29 23:45:14,817 | ⚠ POSSIBLE PORT SCAN DETECTED
2026-05-29 23:45:15,679 | ⚠ HOST DOMINANCE DETECTED
2026-05-29 23:45:15,679 | ⚠ POSSIBLE PORT SCAN DETECTED
2026-05-29 23:45:16,669 | ⚠ HOST DOMINANCE DETECTED
2026-05-29 23:45:16,669 | ⚠ POSSIBLE PORT SCAN DETECTED
2026-05-29 23:45:16,684 | ⚠ HOST DOMINANCE DETECTED
2026-05-29 23:45:16,684 | ⚠ POSSIBLE PORT SCAN DETECTED
2026-05-29 23:45:17,692 | ⚠ HOST DOMINANCE DETECTED
2026-05-29 23:45:17,693 | ⚠ POSSIBLE PORT SCAN DETECTED
2026-05-29 23:45:18,700 | ⚠ HOST DOMINANCE DETECTED
2026-05-29 23:45:18,700 | ⚠ POSSIBLE PORT SCAN DETECTED
2026-05-29 23:45:19,076 | ⚠ HOST DOMINANCE DETECTED
2026-05-29 23:45:19,077 | ⚠ POSSIBLE PORT SCAN DETECTED
2026-05-29 23:45:19,703 | ⚠ HOST DOMINANCE DETECTED
2026-05-29 23:45:19,703 | ⚠ POSSIBLE PORT SCAN DETECTED
2026-05-29 23:45:19,889 | ⚠ HOST DOMINANCE DETECTED
2026-05-29 23:45:19,889 | ⚠ POSSIBLE PORT SCAN DETECTED
2026-05-29 23:45:20,707 | ⚠ HOST DOMINANCE DETECTED
2026-05-29 23:45:20,707 | ⚠ POSSIBLE PORT SCAN DETECTED
2026-05-29 23:45:21,682 | ⚠ HOST DOMINANCE DETECTED
2026-05-29 23:45:21,683 | ⚠ POSSIBLE PORT SCAN DETECTED
2026-05-29 23:45:21,712 | ⚠ HOST DOMINANCE DETECTED
2026-05-29 23:45:21,712 | ⚠ POSSIBLE PORT SCAN DETECTED
2026-05-29 23:45:22,727 | ⚠ HOST DOMINANCE DETECTED
2026-05-29 23:45:22,727 | ⚠ POSSIBLE PORT SCAN DETECTED
2026-05-29 23:45:23,735 | ⚠ HOST DOMINANCE DETECTED
2026-05-29 23:45:23,735 | ⚠ POSSIBLE PORT SCAN DETECTED
2026-05-29 23:45:24,738 | ⚠ HOST DOMINANCE DETECTED
2026-05-29 23:45:24,739 | ⚠ POSSIBLE PORT SCAN DETECTED
2026-05-29 23:45:25,437 | ⚠ HOST DOMINANCE DETECTED
2026-05-29 23:45:25,437 | ⚠ POSSIBLE PORT SCAN DETECTED
2026-05-29 23:45:25,744 | ⚠ HOST DOMINANCE DETECTED
2026-05-29 23:45:25,744 | ⚠ POSSIBLE PORT SCAN DETECTED
2026-05-29 23:45:26,700 | ⚠ HOST DOMINANCE DETECTED
2026-05-29 23:45:26,700 | ⚠ POSSIBLE PORT SCAN DETECTED
2026-05-29 23:45:26,750 | ⚠ HOST DOMINANCE DETECTED
2026-05-29 23:45:26,751 | ⚠ POSSIBLE PORT SCAN DETECTED
2026-05-29 23:45:27,756 | ⚠ HOST DOMINANCE DETECTED
2026-05-29 23:45:27,756 | ⚠ POSSIBLE PORT SCAN DETECTED
2026-05-29 23:45:28,767 | ⚠ HOST DOMINANCE DETECTED
2026-05-29 23:45:28,768 | ⚠ POSSIBLE PORT SCAN DETECTED
2026-05-29 23:45:29,776 | ⚠ HOST DOMINANCE DETECTED
2026-05-29 23:45:29,777 | ⚠ POSSIBLE PORT SCAN DETECTED
2026-05-29 23:45:30,783 | ⚠ HOST DOMINANCE DETECTED
2026-05-29 23:45:30,783 | ⚠ POSSIBLE PORT SCAN DETECTED
2026-05-29 23:45:31,714 | ⚠ HOST DOMINANCE DETECTED
2026-05-29 23:45:31,714 | ⚠ POSSIBLE PORT SCAN DETECTED
2026-05-29 23:45:31,792 | ⚠ HOST DOMINANCE DETECTED
2026-05-29 23:45:31,792 | ⚠ POSSIBLE PORT SCAN DETECTED
2026-05-29 23:45:32,805 | ⚠ HOST DOMINANCE DETECTED
2026-05-29 23:45:32,806 | ⚠ POSSIBLE PORT SCAN DETECTED
2026-05-29 23:45:33,823 | ⚠ HOST DOMINANCE DETECTED
2026-05-29 23:45:33,824 | ⚠ POSSIBLE PORT SCAN DETECTED
2026-05-29 23:45:34,833 | ⚠ HOST DOMINANCE DETECTED
2026-05-29 23:45:34,834 | ⚠ POSSIBLE PORT SCAN DETECTED
2026-05-29 23:45:35,845 | ⚠ HOST DOMINANCE DETECTED
2026-05-29 23:45:35,846 | ⚠ POSSIBLE PORT SCAN DETECTED
2026-05-29 23:45:36,733 | ⚠ HOST DOMINANCE DETECTED
2026-05-29 23:45:36,733 | ⚠ POSSIBLE PORT SCAN DETECTED
2026-05-29 23:45:36,854 | ⚠ HOST DOMINANCE DETECTED
2026-05-29 23:45:36,854 | ⚠ POSSIBLE PORT SCAN DETECTED
2026-05-29 23:45:37,876 | ⚠ HOST DOMINANCE DETECTED
2026-05-29 23:45:37,877 | ⚠ POSSIBLE PORT SCAN DETECTED
2026-05-29 23:45:38,887 | ⚠ HOST DOMINANCE DETECTED
2026-05-29 23:45:38,887 | ⚠ POSSIBLE PORT SCAN DETECTED
2026-05-29 23:45:39,894 | ⚠ HOST DOMINANCE DETECTED
2026-05-29 23:45:39,894 | ⚠ POSSIBLE PORT SCAN DETECTED
2026-05-29 23:45:40,908 | ⚠ HOST DOMINANCE DETECTED
2026-05-29 23:45:40,908 | ⚠ POSSIBLE PORT SCAN DETECTED
2026-05-29 23:45:41,750 | ⚠ HOST DOMINANCE DETECTED
2026-05-29 23:45:41,750 | ⚠ POSSIBLE PORT SCAN DETECTED
2026-05-29 23:45:41,916 | ⚠ HOST DOMINANCE DETECTED
2026-05-29 23:45:41,916 | ⚠ POSSIBLE PORT SCAN DETECTED
2026-05-29 23:45:42,923 | ⚠ HOST DOMINANCE DETECTED
2026-05-29 23:45:42,923 | ⚠ POSSIBLE PORT SCAN DETECTED
2026-05-29 23:45:43,935 | ⚠ HOST DOMINANCE DETECTED
2026-05-29 23:45:43,935 | ⚠ POSSIBLE PORT SCAN DETECTED
2026-05-29 23:45:44,204 | ⚠ HOST DOMINANCE DETECTED
2026-05-29 23:45:44,205 | ⚠ POSSIBLE PORT SCAN DETECTED
2026-05-29 23:45:44,946 | ⚠ HOST DOMINANCE DETECTED
2026-05-29 23:45:44,947 | ⚠ POSSIBLE PORT SCAN DETECTED
2026-05-29 23:45:45,309 | ⚠ HOST DOMINANCE DETECTED
2026-05-29 23:45:45,310 | ⚠ POSSIBLE PORT SCAN DETECTED
2026-05-29 23:45:45,659 | ⚠ HOST DOMINANCE DETECTED
2026-05-29 23:45:45,660 | ⚠ POSSIBLE PORT SCAN DETECTED
2026-05-29 23:45:45,954 | ⚠ HOST DOMINANCE DETECTED
2026-05-29 23:45:45,955 | ⚠ POSSIBLE PORT SCAN DETECTED
2026-05-29 23:45:46,761 | ⚠ HOST DOMINANCE DETECTED
2026-05-29 23:45:46,761 | ⚠ POSSIBLE PORT SCAN DETECTED
2026-05-29 23:45:46,966 | ⚠ HOST DOMINANCE DETECTED
2026-05-29 23:45:46,967 | ⚠ POSSIBLE PORT SCAN DETECTED
2026-05-29 23:45:47,993 | ⚠ HOST DOMINANCE DETECTED
2026-05-29 23:45:47,993 | ⚠ POSSIBLE PORT SCAN DETECTED
2026-05-29 23:45:49,004 | ⚠ HOST DOMINANCE DETECTED
2026-05-29 23:45:49,004 | ⚠ POSSIBLE PORT SCAN DETECTED
2026-05-29 23:45:49,992 | ⚠ HOST DOMINANCE DETECTED
2026-05-29 23:45:49,993 | ⚠ POSSIBLE PORT SCAN DETECTED
2026-05-29 23:45:50,022 | ⚠ HOST DOMINANCE DETECTED
2026-05-29 23:45:50,023 | ⚠ POSSIBLE PORT SCAN DETECTED
2026-05-29 23:45:51,029 | ⚠ HOST DOMINANCE DETECTED
2026-05-29 23:45:51,030 | ⚠ POSSIBLE PORT SCAN DETECTED
2026-05-29 23:45:51,766 | ⚠ HOST DOMINANCE DETECTED
2026-05-29 23:45:51,767 | ⚠ POSSIBLE PORT SCAN DETECTED
2026-05-29 23:45:52,034 | ⚠ HOST DOMINANCE DETECTED
2026-05-29 23:45:52,034 | ⚠ POSSIBLE PORT SCAN DETECTED
2026-05-29 23:45:53,042 | ⚠ HOST DOMINANCE DETECTED
2026-05-29 23:45:53,042 | ⚠ POSSIBLE PORT SCAN DETECTED
2026-05-29 23:45:54,049 | ⚠ HOST DOMINANCE DETECTED
2026-05-29 23:45:54,050 | ⚠ POSSIBLE PORT SCAN DETECTED
2026-05-29 23:45:55,061 | ⚠ HOST DOMINANCE DETECTED
2026-05-29 23:45:55,062 | ⚠ POSSIBLE PORT SCAN DETECTED
2026-05-29 23:45:56,071 | ⚠ HOST DOMINANCE DETECTED
2026-05-29 23:45:56,072 | ⚠ POSSIBLE PORT SCAN DETECTED
2026-05-29 23:45:56,783 | ⚠ HOST DOMINANCE DETECTED
2026-05-29 23:45:56,784 | ⚠ POSSIBLE PORT SCAN DETECTED
2026-05-29 23:45:57,081 | ⚠ HOST DOMINANCE DETECTED
2026-05-29 23:45:57,081 | ⚠ POSSIBLE PORT SCAN DETECTED
2026-05-29 23:45:58,086 | ⚠ HOST DOMINANCE DETECTED
2026-05-29 23:45:58,086 | ⚠ POSSIBLE PORT SCAN DETECTED
2026-05-29 23:45:59,094 | ⚠ HOST DOMINANCE DETECTED
2026-05-29 23:45:59,095 | ⚠ POSSIBLE PORT SCAN DETECTED
2026-05-29 23:46:00,105 | ⚠ HOST DOMINANCE DETECTED
2026-05-29 23:46:00,105 | ⚠ POSSIBLE PORT SCAN DETECTED
2026-05-29 23:46:01,113 | ⚠ HOST DOMINANCE DETECTED
2026-05-29 23:46:01,114 | ⚠ POSSIBLE PORT SCAN DETECTED
2026-05-29 23:46:01,798 | ⚠ HOST DOMINANCE DETECTED
2026-05-29 23:46:01,798 | ⚠ POSSIBLE PORT SCAN DETECTED
2026-05-29 23:46:02,121 | ⚠ HOST DOMINANCE DETECTED
2026-05-29 23:46:02,121 | ⚠ POSSIBLE PORT SCAN DETECTED
2026-05-29 23:46:03,127 | ⚠ HOST DOMINANCE DETECTED
2026-05-29 23:46:03,128 | ⚠ POSSIBLE PORT SCAN DETECTED
2026-05-29 23:46:04,147 | ⚠ HOST DOMINANCE DETECTED
2026-05-29 23:46:04,148 | ⚠ POSSIBLE PORT SCAN DETECTED
2026-05-29 23:46:04,330 | ⚠ HOST DOMINANCE DETECTED
2026-05-29 23:46:04,332 | ⚠ POSSIBLE PORT SCAN DETECTED
2026-05-29 23:46:05,158 | ⚠ HOST DOMINANCE DETECTED
2026-05-29 23:46:05,158 | ⚠ POSSIBLE PORT SCAN DETECTED
2026-05-29 23:46:06,171 | ⚠ HOST DOMINANCE DETECTED
2026-05-29 23:46:06,172 | ⚠ POSSIBLE PORT SCAN DETECTED
2026-05-29 23:46:06,816 | ⚠ HOST DOMINANCE DETECTED
2026-05-29 23:46:06,816 | ⚠ POSSIBLE PORT SCAN DETECTED
2026-05-29 23:46:07,179 | ⚠ HOST DOMINANCE DETECTED
2026-05-29 23:46:07,179 | ⚠ POSSIBLE PORT SCAN DETECTED
2026-05-29 23:46:08,213 | ⚠ HOST DOMINANCE DETECTED
2026-05-29 23:46:08,213 | ⚠ POSSIBLE PORT SCAN DETECTED
2026-05-29 23:46:09,220 | ⚠ HOST DOMINANCE DETECTED
2026-05-29 23:46:09,220 | ⚠ POSSIBLE PORT SCAN DETECTED
2026-05-29 23:46:10,232 | ⚠ HOST DOMINANCE DETECTED
2026-05-29 23:46:10,233 | ⚠ POSSIBLE PORT SCAN DETECTED
2026-05-29 23:46:11,248 | ⚠ HOST DOMINANCE DETECTED
2026-05-29 23:46:11,249 | ⚠ POSSIBLE PORT SCAN DETECTED
2026-05-29 23:46:11,833 | ⚠ HOST DOMINANCE DETECTED
2026-05-29 23:46:11,833 | ⚠ POSSIBLE PORT SCAN DETECTED
2026-05-29 23:46:12,272 | ⚠ HOST DOMINANCE DETECTED
2026-05-29 23:46:12,272 | ⚠ POSSIBLE PORT SCAN DETECTED
2026-05-29 23:46:13,281 | ⚠ HOST DOMINANCE DETECTED
2026-05-29 23:46:13,281 | ⚠ POSSIBLE PORT SCAN DETECTED
2026-05-29 23:46:14,294 | ⚠ HOST DOMINANCE DETECTED
2026-05-29 23:46:14,296 | ⚠ POSSIBLE PORT SCAN DETECTED
2026-05-29 23:46:15,303 | ⚠ HOST DOMINANCE DETECTED
2026-05-29 23:46:15,303 | ⚠ POSSIBLE PORT SCAN DETECTED
2026-05-29 23:46:16,311 | ⚠ HOST DOMINANCE DETECTED
2026-05-29 23:46:16,312 | ⚠ POSSIBLE PORT SCAN DETECTED
2026-05-29 23:46:16,850 | ⚠ HOST DOMINANCE DETECTED
2026-05-29 23:46:16,851 | ⚠ POSSIBLE PORT SCAN DETECTED
2026-05-29 23:46:17,321 | ⚠ HOST DOMINANCE DETECTED
2026-05-29 23:46:17,321 | ⚠ POSSIBLE PORT SCAN DETECTED
2026-05-29 23:46:18,329 | ⚠ HOST DOMINANCE DETECTED
2026-05-29 23:46:18,329 | ⚠ POSSIBLE PORT SCAN DETECTED
2026-05-29 23:46:19,334 | ⚠ HOST DOMINANCE DETECTED
2026-05-29 23:46:19,335 | ⚠ POSSIBLE PORT SCAN DETECTED
2026-05-29 23:46:20,340 | ⚠ HOST DOMINANCE DETECTED
2026-05-29 23:46:20,340 | ⚠ POSSIBLE PORT SCAN DETECTED
2026-05-29 23:46:20,919 | ⚠ HOST DOMINANCE DETECTED
2026-05-29 23:46:20,920 | ⚠ POSSIBLE PORT SCAN DETECTED
2026-05-29 23:46:21,349 | ⚠ HOST DOMINANCE DETECTED
2026-05-29 23:46:21,349 | ⚠ POSSIBLE PORT SCAN DETECTED
2026-05-29 23:46:21,862 | ⚠ HOST DOMINANCE DETECTED
2026-05-29 23:46:21,862 | ⚠ POSSIBLE PORT SCAN DETECTED
2026-05-29 23:46:22,354 | ⚠ HOST DOMINANCE DETECTED
2026-05-29 23:46:22,354 | ⚠ POSSIBLE PORT SCAN DETECTED
2026-05-29 23:46:23,362 | ⚠ HOST DOMINANCE DETECTED
2026-05-29 23:46:23,362 | ⚠ POSSIBLE PORT SCAN DETECTED
2026-05-29 23:46:24,371 | ⚠ HOST DOMINANCE DETECTED
2026-05-29 23:46:24,371 | ⚠ POSSIBLE PORT SCAN DETECTED
2026-05-29 23:46:24,690 | ⚠ HOST DOMINANCE DETECTED
2026-05-29 23:46:24,691 | ⚠ POSSIBLE PORT SCAN DETECTED
2026-05-29 23:46:25,378 | ⚠ HOST DOMINANCE DETECTED
2026-05-29 23:46:25,379 | ⚠ POSSIBLE PORT SCAN DETECTED
2026-05-29 23:46:26,386 | ⚠ HOST DOMINANCE DETECTED
2026-05-29 23:46:26,386 | ⚠ POSSIBLE PORT SCAN DETECTED
2026-05-29 23:46:26,877 | ⚠ HOST DOMINANCE DETECTED
2026-05-29 23:46:26,878 | ⚠ POSSIBLE PORT SCAN DETECTED
2026-05-29 23:46:27,394 | ⚠ HOST DOMINANCE DETECTED
2026-05-29 23:46:27,395 | ⚠ POSSIBLE PORT SCAN DETECTED
2026-05-29 23:46:28,407 | ⚠ HOST DOMINANCE DETECTED
2026-05-29 23:46:28,408 | ⚠ POSSIBLE PORT SCAN DETECTED
2026-05-29 23:46:29,418 | ⚠ HOST DOMINANCE DETECTED
2026-05-29 23:46:29,419 | ⚠ POSSIBLE PORT SCAN DETECTED
2026-05-29 23:46:30,431 | ⚠ HOST DOMINANCE DETECTED
2026-05-29 23:46:30,431 | ⚠ POSSIBLE PORT SCAN DETECTED
2026-05-29 23:46:31,440 | ⚠ HOST DOMINANCE DETECTED
2026-05-29 23:46:31,441 | ⚠ POSSIBLE PORT SCAN DETECTED
2026-05-29 23:46:31,895 | ⚠ HOST DOMINANCE DETECTED
2026-05-29 23:46:31,896 | ⚠ POSSIBLE PORT SCAN DETECTED
2026-05-29 23:46:32,477 | ⚠ HOST DOMINANCE DETECTED
2026-05-29 23:46:32,478 | ⚠ POSSIBLE PORT SCAN DETECTED
2026-05-29 23:46:33,490 | ⚠ HOST DOMINANCE DETECTED
2026-05-29 23:46:33,491 | ⚠ POSSIBLE PORT SCAN DETECTED
2026-05-29 23:46:34,503 | ⚠ HOST DOMINANCE DETECTED
2026-05-29 23:46:34,503 | ⚠ POSSIBLE PORT SCAN DETECTED
2026-05-29 23:46:35,532 | ⚠ HOST DOMINANCE DETECTED
2026-05-29 23:46:35,532 | ⚠ POSSIBLE PORT SCAN DETECTED
2026-05-29 23:46:36,544 | ⚠ HOST DOMINANCE DETECTED
2026-05-29 23:46:36,545 | ⚠ POSSIBLE PORT SCAN DETECTED
2026-05-29 23:46:36,915 | ⚠ HOST DOMINANCE DETECTED
2026-05-29 23:46:36,916 | ⚠ POSSIBLE PORT SCAN DETECTED
2026-05-29 23:46:37,555 | ⚠ HOST DOMINANCE DETECTED
2026-05-29 23:46:37,555 | ⚠ POSSIBLE PORT SCAN DETECTED
2026-05-29 23:46:38,566 | ⚠ HOST DOMINANCE DETECTED
2026-05-29 23:46:38,566 | ⚠ POSSIBLE PORT SCAN DETECTED
2026-05-29 23:46:39,575 | ⚠ HOST DOMINANCE DETECTED
2026-05-29 23:46:39,576 | ⚠ POSSIBLE PORT SCAN DETECTED
2026-05-29 23:46:40,583 | ⚠ HOST DOMINANCE DETECTED
2026-05-29 23:46:40,583 | ⚠ POSSIBLE PORT SCAN DETECTED
2026-05-29 23:46:41,588 | ⚠ HOST DOMINANCE DETECTED
2026-05-29 23:46:41,591 | ⚠ POSSIBLE PORT SCAN DETECTED
2026-05-29 23:46:41,935 | ⚠ HOST DOMINANCE DETECTED
2026-05-29 23:46:41,935 | ⚠ POSSIBLE PORT SCAN DETECTED
2026-05-29 23:46:42,604 | ⚠ HOST DOMINANCE DETECTED
2026-05-29 23:46:42,605 | ⚠ POSSIBLE PORT SCAN DETECTED
2026-05-29 23:46:43,615 | ⚠ HOST DOMINANCE DETECTED
2026-05-29 23:46:43,616 | ⚠ POSSIBLE PORT SCAN DETECTED
2026-05-29 23:46:44,627 | ⚠ HOST DOMINANCE DETECTED
2026-05-29 23:46:44,627 | ⚠ POSSIBLE PORT SCAN DETECTED
2026-05-29 23:46:44,771 | ⚠ HOST DOMINANCE DETECTED
2026-05-29 23:46:44,772 | ⚠ POSSIBLE PORT SCAN DETECTED
2026-05-29 23:46:45,638 | ⚠ HOST DOMINANCE DETECTED
2026-05-29 23:46:45,639 | ⚠ POSSIBLE PORT SCAN DETECTED
2026-05-29 23:46:46,648 | ⚠ HOST DOMINANCE DETECTED
2026-05-29 23:46:46,649 | ⚠ POSSIBLE PORT SCAN DETECTED
2026-05-29 23:46:46,948 | ⚠ HOST DOMINANCE DETECTED
2026-05-29 23:46:46,949 | ⚠ POSSIBLE PORT SCAN DETECTED
2026-05-29 23:46:47,655 | ⚠ HOST DOMINANCE DETECTED
2026-05-29 23:46:47,656 | ⚠ POSSIBLE PORT SCAN DETECTED
2026-05-29 23:46:48,672 | ⚠ HOST DOMINANCE DETECTED
2026-05-29 23:46:48,673 | ⚠ POSSIBLE PORT SCAN DETECTED
2026-05-29 23:46:49,684 | ⚠ HOST DOMINANCE DETECTED
2026-05-29 23:46:49,684 | ⚠ POSSIBLE PORT SCAN DETECTED
2026-05-29 23:46:50,695 | ⚠ HOST DOMINANCE DETECTED
2026-05-29 23:46:50,695 | ⚠ POSSIBLE PORT SCAN DETECTED
2026-05-29 23:46:51,706 | ⚠ HOST DOMINANCE DETECTED
2026-05-29 23:46:51,707 | ⚠ POSSIBLE PORT SCAN DETECTED
2026-05-29 23:46:51,794 | ⚠ HOST DOMINANCE DETECTED
2026-05-29 23:46:51,794 | ⚠ POSSIBLE PORT SCAN DETECTED
2026-05-29 23:46:51,953 | ⚠ HOST DOMINANCE DETECTED
2026-05-29 23:46:51,954 | ⚠ POSSIBLE PORT SCAN DETECTED
2026-05-29 23:46:52,716 | ⚠ HOST DOMINANCE DETECTED
2026-05-29 23:46:52,716 | ⚠ POSSIBLE PORT SCAN DETECTED
2026-05-29 23:46:53,720 | ⚠ HOST DOMINANCE DETECTED
2026-05-29 23:46:53,720 | ⚠ POSSIBLE PORT SCAN DETECTED
2026-05-29 23:46:54,726 | ⚠ HOST DOMINANCE DETECTED
2026-05-29 23:46:54,727 | ⚠ POSSIBLE PORT SCAN DETECTED
2026-05-29 23:46:55,733 | ⚠ HOST DOMINANCE DETECTED
2026-05-29 23:46:55,735 | ⚠ POSSIBLE PORT SCAN DETECTED
2026-05-29 23:46:56,749 | ⚠ HOST DOMINANCE DETECTED
2026-05-29 23:46:56,749 | ⚠ POSSIBLE PORT SCAN DETECTED
2026-05-29 23:46:56,965 | ⚠ HOST DOMINANCE DETECTED
2026-05-29 23:46:56,965 | ⚠ POSSIBLE PORT SCAN DETECTED
2026-05-29 23:46:57,760 | ⚠ HOST DOMINANCE DETECTED
2026-05-29 23:46:57,762 | ⚠ POSSIBLE PORT SCAN DETECTED
2026-05-29 23:46:58,772 | ⚠ HOST DOMINANCE DETECTED
2026-05-29 23:46:58,773 | ⚠ POSSIBLE PORT SCAN DETECTED
2026-05-29 23:46:59,785 | ⚠ HOST DOMINANCE DETECTED
2026-05-29 23:46:59,785 | ⚠ POSSIBLE PORT SCAN DETECTED
2026-05-29 23:47:00,794 | ⚠ HOST DOMINANCE DETECTED
2026-05-29 23:47:00,795 | ⚠ POSSIBLE PORT SCAN DETECTED
2026-05-29 23:47:01,805 | ⚠ HOST DOMINANCE DETECTED
2026-05-29 23:47:01,806 | ⚠ POSSIBLE PORT SCAN DETECTED
2026-05-29 23:47:01,982 | ⚠ HOST DOMINANCE DETECTED
2026-05-29 23:47:01,983 | ⚠ POSSIBLE PORT SCAN DETECTED
2026-05-29 23:47:02,817 | ⚠ HOST DOMINANCE DETECTED
2026-05-29 23:47:02,817 | ⚠ POSSIBLE PORT SCAN DETECTED
2026-05-29 23:47:03,829 | ⚠ HOST DOMINANCE DETECTED
2026-05-29 23:47:03,829 | ⚠ POSSIBLE PORT SCAN DETECTED
2026-05-29 23:47:04,840 | ⚠ HOST DOMINANCE DETECTED
2026-05-29 23:47:04,840 | ⚠ POSSIBLE PORT SCAN DETECTED
2026-05-29 23:47:05,139 | ⚠ HOST DOMINANCE DETECTED
2026-05-29 23:47:05,140 | ⚠ POSSIBLE PORT SCAN DETECTED
2026-05-29 23:47:05,851 | ⚠ HOST DOMINANCE DETECTED
2026-05-29 23:47:05,851 | ⚠ POSSIBLE PORT SCAN DETECTED
2026-05-29 23:47:06,861 | ⚠ HOST DOMINANCE DETECTED
2026-05-29 23:47:06,862 | ⚠ POSSIBLE PORT SCAN DETECTED
2026-05-29 23:47:07,003 | ⚠ HOST DOMINANCE DETECTED
2026-05-29 23:47:07,003 | ⚠ POSSIBLE PORT SCAN DETECTED
2026-05-29 23:47:07,872 | ⚠ HOST DOMINANCE DETECTED
2026-05-29 23:47:07,872 | ⚠ POSSIBLE PORT SCAN DETECTED
2026-05-29 23:47:08,879 | ⚠ HOST DOMINANCE DETECTED
2026-05-29 23:47:08,880 | ⚠ POSSIBLE PORT SCAN DETECTED
2026-05-29 23:47:09,888 | ⚠ HOST DOMINANCE DETECTED
2026-05-29 23:47:09,889 | ⚠ POSSIBLE PORT SCAN DETECTED
2026-05-29 23:47:10,897 | ⚠ HOST DOMINANCE DETECTED
2026-05-29 23:47:10,897 | ⚠ POSSIBLE PORT SCAN DETECTED
2026-05-29 23:47:11,906 | ⚠ HOST DOMINANCE DETECTED
2026-05-29 23:47:11,906 | ⚠ POSSIBLE PORT SCAN DETECTED
2026-05-29 23:47:12,023 | ⚠ HOST DOMINANCE DETECTED
2026-05-29 23:47:12,023 | ⚠ POSSIBLE PORT SCAN DETECTED
2026-05-29 23:47:12,915 | ⚠ HOST DOMINANCE DETECTED
2026-05-29 23:47:12,915 | ⚠ POSSIBLE PORT SCAN DETECTED
2026-05-29 23:47:13,920 | ⚠ HOST DOMINANCE DETECTED
2026-05-29 23:47:13,920 | ⚠ POSSIBLE PORT SCAN DETECTED
2026-05-29 23:47:14,932 | ⚠ HOST DOMINANCE DETECTED
2026-05-29 23:47:14,932 | ⚠ POSSIBLE PORT SCAN DETECTED
2026-05-29 23:47:15,942 | ⚠ HOST DOMINANCE DETECTED
2026-05-29 23:47:15,942 | ⚠ POSSIBLE PORT SCAN DETECTED
2026-05-29 23:47:16,954 | ⚠ HOST DOMINANCE DETECTED
2026-05-29 23:47:16,955 | ⚠ POSSIBLE PORT SCAN DETECTED
2026-05-29 23:47:17,044 | ⚠ HOST DOMINANCE DETECTED
2026-05-29 23:47:17,044 | ⚠ POSSIBLE PORT SCAN DETECTED
2026-05-29 23:47:17,966 | ⚠ HOST DOMINANCE DETECTED
2026-05-29 23:47:17,967 | ⚠ POSSIBLE PORT SCAN DETECTED
2026-05-29 23:47:18,978 | ⚠ HOST DOMINANCE DETECTED
2026-05-29 23:47:18,979 | ⚠ POSSIBLE PORT SCAN DETECTED
2026-05-29 23:47:19,996 | ⚠ HOST DOMINANCE DETECTED
2026-05-29 23:47:19,997 | ⚠ POSSIBLE PORT SCAN DETECTED
2026-05-29 23:47:21,007 | ⚠ HOST DOMINANCE DETECTED
2026-05-29 23:47:21,008 | ⚠ POSSIBLE PORT SCAN DETECTED
2026-05-29 23:47:22,019 | ⚠ HOST DOMINANCE DETECTED
2026-05-29 23:47:22,020 | ⚠ POSSIBLE PORT SCAN DETECTED
2026-05-29 23:47:22,060 | ⚠ HOST DOMINANCE DETECTED
2026-05-29 23:47:22,061 | ⚠ POSSIBLE PORT SCAN DETECTED
2026-05-29 23:47:22,718 | ⚠ HOST DOMINANCE DETECTED
2026-05-29 23:47:22,718 | ⚠ POSSIBLE PORT SCAN DETECTED
2026-05-29 23:47:23,048 | ⚠ HOST DOMINANCE DETECTED
2026-05-29 23:47:23,049 | ⚠ POSSIBLE PORT SCAN DETECTED
2026-05-29 23:47:24,055 | ⚠ HOST DOMINANCE DETECTED
2026-05-29 23:47:24,055 | ⚠ POSSIBLE PORT SCAN DETECTED
2026-05-29 23:47:25,064 | ⚠ HOST DOMINANCE DETECTED
2026-05-29 23:47:25,064 | ⚠ POSSIBLE PORT SCAN DETECTED
2026-05-29 23:47:25,343 | ⚠ HOST DOMINANCE DETECTED
2026-05-29 23:47:25,344 | ⚠ POSSIBLE PORT SCAN DETECTED
2026-05-29 23:47:26,072 | ⚠ HOST DOMINANCE DETECTED
2026-05-29 23:47:26,072 | ⚠ POSSIBLE PORT SCAN DETECTED
2026-05-29 23:47:27,076 | ⚠ HOST DOMINANCE DETECTED
2026-05-29 23:47:27,076 | ⚠ POSSIBLE PORT SCAN DETECTED
2026-05-29 23:47:27,078 | ⚠ HOST DOMINANCE DETECTED
2026-05-29 23:47:27,078 | ⚠ POSSIBLE PORT SCAN DETECTED
2026-05-29 23:47:28,087 | ⚠ HOST DOMINANCE DETECTED
2026-05-29 23:47:28,088 | ⚠ POSSIBLE PORT SCAN DETECTED
2026-05-29 23:47:29,094 | ⚠ HOST DOMINANCE DETECTED
2026-05-29 23:47:29,095 | ⚠ POSSIBLE PORT SCAN DETECTED
2026-05-29 23:47:30,105 | ⚠ HOST DOMINANCE DETECTED
2026-05-29 23:47:30,106 | ⚠ POSSIBLE PORT SCAN DETECTED
2026-05-29 23:47:31,119 | ⚠ HOST DOMINANCE DETECTED
2026-05-29 23:47:31,119 | ⚠ POSSIBLE PORT SCAN DETECTED
2026-05-29 23:47:32,090 | ⚠ HOST DOMINANCE DETECTED
2026-05-29 23:47:32,091 | ⚠ POSSIBLE PORT SCAN DETECTED
2026-05-29 23:47:32,130 | ⚠ HOST DOMINANCE DETECTED
2026-05-29 23:47:32,130 | ⚠ POSSIBLE PORT SCAN DETECTED
2026-05-29 23:47:33,139 | ⚠ HOST DOMINANCE DETECTED
2026-05-29 23:47:33,139 | ⚠ POSSIBLE PORT SCAN DETECTED
2026-05-29 23:47:34,150 | ⚠ HOST DOMINANCE DETECTED
2026-05-29 23:47:34,151 | ⚠ POSSIBLE PORT SCAN DETECTED
2026-05-29 23:47:35,160 | ⚠ HOST DOMINANCE DETECTED
2026-05-29 23:47:35,161 | ⚠ POSSIBLE PORT SCAN DETECTED
2026-05-29 23:47:36,172 | ⚠ HOST DOMINANCE DETECTED
2026-05-29 23:47:36,173 | ⚠ POSSIBLE PORT SCAN DETECTED
2026-05-29 23:47:37,109 | ⚠ HOST DOMINANCE DETECTED
2026-05-29 23:47:37,109 | ⚠ POSSIBLE PORT SCAN DETECTED
2026-05-29 23:47:37,183 | ⚠ HOST DOMINANCE DETECTED
2026-05-29 23:47:37,183 | ⚠ POSSIBLE PORT SCAN DETECTED
2026-05-29 23:47:38,194 | ⚠ HOST DOMINANCE DETECTED
2026-05-29 23:47:38,194 | ⚠ POSSIBLE PORT SCAN DETECTED
2026-05-29 23:47:39,205 | ⚠ HOST DOMINANCE DETECTED
2026-05-29 23:47:39,206 | ⚠ POSSIBLE PORT SCAN DETECTED
2026-05-29 23:47:40,216 | ⚠ HOST DOMINANCE DETECTED
2026-05-29 23:47:40,217 | ⚠ POSSIBLE PORT SCAN DETECTED
2026-05-29 23:47:41,228 | ⚠ HOST DOMINANCE DETECTED
2026-05-29 23:47:41,229 | ⚠ POSSIBLE PORT SCAN DETECTED
2026-05-29 23:47:42,128 | ⚠ HOST DOMINANCE DETECTED
2026-05-29 23:47:42,129 | ⚠ POSSIBLE PORT SCAN DETECTED
2026-05-29 23:47:42,237 | ⚠ HOST DOMINANCE DETECTED
2026-05-29 23:47:42,237 | ⚠ POSSIBLE PORT SCAN DETECTED
2026-05-29 23:47:43,242 | ⚠ HOST DOMINANCE DETECTED
2026-05-29 23:47:43,243 | ⚠ POSSIBLE PORT SCAN DETECTED
2026-05-29 23:47:44,251 | ⚠ HOST DOMINANCE DETECTED
2026-05-29 23:47:44,252 | ⚠ POSSIBLE PORT SCAN DETECTED
2026-05-29 23:47:45,259 | ⚠ HOST DOMINANCE DETECTED
2026-05-29 23:47:45,260 | ⚠ POSSIBLE PORT SCAN DETECTED
2026-05-29 23:47:45,517 | ⚠ HOST DOMINANCE DETECTED
2026-05-29 23:47:45,517 | ⚠ POSSIBLE PORT SCAN DETECTED
2026-05-29 23:47:46,266 | ⚠ HOST DOMINANCE DETECTED
2026-05-29 23:47:46,267 | ⚠ POSSIBLE PORT SCAN DETECTED
2026-05-29 23:47:46,896 | ⚠ HOST DOMINANCE DETECTED
2026-05-29 23:47:46,897 | ⚠ POSSIBLE PORT SCAN DETECTED
2026-05-29 23:47:47,134 | ⚠ HOST DOMINANCE DETECTED
2026-05-29 23:47:47,134 | ⚠ POSSIBLE PORT SCAN DETECTED
2026-05-29 23:47:47,274 | ⚠ HOST DOMINANCE DETECTED
2026-05-29 23:47:47,274 | ⚠ POSSIBLE PORT SCAN DETECTED
2026-05-29 23:47:47,283 | ⚠ HOST DOMINANCE DETECTED
2026-05-29 23:47:47,283 | ⚠ POSSIBLE PORT SCAN DETECTED
2026-05-29 23:47:48,279 | ⚠ HOST DOMINANCE DETECTED
2026-05-29 23:47:48,279 | ⚠ POSSIBLE PORT SCAN DETECTED
2026-05-29 23:47:49,290 | ⚠ HOST DOMINANCE DETECTED
2026-05-29 23:47:49,290 | ⚠ POSSIBLE PORT SCAN DETECTED
2026-05-29 23:47:50,301 | ⚠ HOST DOMINANCE DETECTED
2026-05-29 23:47:50,301 | ⚠ POSSIBLE PORT SCAN DETECTED
2026-05-29 23:47:51,310 | ⚠ HOST DOMINANCE DETECTED
2026-05-29 23:47:51,310 | ⚠ POSSIBLE PORT SCAN DETECTED
2026-05-29 23:47:52,148 | ⚠ HOST DOMINANCE DETECTED
2026-05-29 23:47:52,149 | ⚠ POSSIBLE PORT SCAN DETECTED
2026-05-29 23:47:52,319 | ⚠ HOST DOMINANCE DETECTED
2026-05-29 23:47:52,320 | ⚠ POSSIBLE PORT SCAN DETECTED
2026-05-29 23:47:53,325 | ⚠ HOST DOMINANCE DETECTED
2026-05-29 23:47:53,326 | ⚠ POSSIBLE PORT SCAN DETECTED
2026-05-29 23:47:53,532 | ⚠ HOST DOMINANCE DETECTED
2026-05-29 23:47:53,532 | ⚠ POSSIBLE PORT SCAN DETECTED
2026-05-29 23:47:54,336 | ⚠ HOST DOMINANCE DETECTED
2026-05-29 23:47:54,336 | ⚠ POSSIBLE PORT SCAN DETECTED
2026-05-29 23:47:55,342 | ⚠ HOST DOMINANCE DETECTED
2026-05-29 23:47:55,342 | ⚠ POSSIBLE PORT SCAN DETECTED
2026-05-29 23:47:56,350 | ⚠ HOST DOMINANCE DETECTED
2026-05-29 23:47:56,351 | ⚠ POSSIBLE PORT SCAN DETECTED
2026-05-29 23:47:57,170 | ⚠ HOST DOMINANCE DETECTED
2026-05-29 23:47:57,170 | ⚠ POSSIBLE PORT SCAN DETECTED
2026-05-29 23:47:57,359 | ⚠ HOST DOMINANCE DETECTED
2026-05-29 23:47:57,360 | ⚠ POSSIBLE PORT SCAN DETECTED
2026-05-29 23:47:58,365 | ⚠ HOST DOMINANCE DETECTED
2026-05-29 23:47:58,366 | ⚠ POSSIBLE PORT SCAN DETECTED
2026-05-29 23:47:59,375 | ⚠ HOST DOMINANCE DETECTED
2026-05-29 23:47:59,375 | ⚠ POSSIBLE PORT SCAN DETECTED
2026-05-29 23:48:00,381 | ⚠ HOST DOMINANCE DETECTED
2026-05-29 23:48:00,381 | ⚠ POSSIBLE PORT SCAN DETECTED
2026-05-29 23:48:01,389 | ⚠ HOST DOMINANCE DETECTED
2026-05-29 23:48:01,390 | ⚠ POSSIBLE PORT SCAN DETECTED
2026-05-29 23:48:02,182 | ⚠ HOST DOMINANCE DETECTED
2026-05-29 23:48:02,183 | ⚠ POSSIBLE PORT SCAN DETECTED
2026-05-29 23:48:02,396 | ⚠ HOST DOMINANCE DETECTED
2026-05-29 23:48:02,396 | ⚠ POSSIBLE PORT SCAN DETECTED
2026-05-29 23:48:03,402 | ⚠ HOST DOMINANCE DETECTED
2026-05-29 23:48:03,404 | ⚠ POSSIBLE PORT SCAN DETECTED
2026-05-29 23:48:04,415 | ⚠ HOST DOMINANCE DETECTED
2026-05-29 23:48:04,415 | ⚠ POSSIBLE PORT SCAN DETECTED
2026-05-29 23:48:05,425 | ⚠ HOST DOMINANCE DETECTED
2026-05-29 23:48:05,426 | ⚠ POSSIBLE PORT SCAN DETECTED
2026-05-29 23:48:05,570 | ⚠ HOST DOMINANCE DETECTED
2026-05-29 23:48:05,571 | ⚠ POSSIBLE PORT SCAN DETECTED
2026-05-29 23:48:06,437 | ⚠ HOST DOMINANCE DETECTED
2026-05-29 23:48:06,438 | ⚠ POSSIBLE PORT SCAN DETECTED
2026-05-29 23:48:07,190 | ⚠ HOST DOMINANCE DETECTED
2026-05-29 23:48:07,190 | ⚠ POSSIBLE PORT SCAN DETECTED
2026-05-29 23:48:07,448 | ⚠ HOST DOMINANCE DETECTED
2026-05-29 23:48:07,448 | ⚠ POSSIBLE PORT SCAN DETECTED
2026-05-29 23:48:08,454 | ⚠ HOST DOMINANCE DETECTED
2026-05-29 23:48:08,454 | ⚠ POSSIBLE PORT SCAN DETECTED
2026-05-29 23:48:09,464 | ⚠ HOST DOMINANCE DETECTED
2026-05-29 23:48:09,465 | ⚠ POSSIBLE PORT SCAN DETECTED
2026-05-29 23:48:10,475 | ⚠ HOST DOMINANCE DETECTED
2026-05-29 23:48:10,475 | ⚠ POSSIBLE PORT SCAN DETECTED
2026-05-29 23:48:11,497 | ⚠ HOST DOMINANCE DETECTED
2026-05-29 23:48:11,497 | ⚠ POSSIBLE PORT SCAN DETECTED
2026-05-29 23:48:12,208 | ⚠ HOST DOMINANCE DETECTED
2026-05-29 23:48:12,209 | ⚠ POSSIBLE PORT SCAN DETECTED
2026-05-29 23:48:12,507 | ⚠ HOST DOMINANCE DETECTED
2026-05-29 23:48:12,508 | ⚠ POSSIBLE PORT SCAN DETECTED
2026-05-29 23:48:13,518 | ⚠ HOST DOMINANCE DETECTED
2026-05-29 23:48:13,518 | ⚠ POSSIBLE PORT SCAN DETECTED
2026-05-29 23:48:14,528 | ⚠ HOST DOMINANCE DETECTED
2026-05-29 23:48:14,528 | ⚠ POSSIBLE PORT SCAN DETECTED
2026-05-29 23:48:15,537 | ⚠ HOST DOMINANCE DETECTED
2026-05-29 23:48:15,538 | ⚠ POSSIBLE PORT SCAN DETECTED
2026-05-29 23:48:16,476 | ⚠ HOST DOMINANCE DETECTED
2026-05-29 23:48:16,477 | ⚠ POSSIBLE PORT SCAN DETECTED
2026-05-29 23:48:17,145 | ⚠ HOST DOMINANCE DETECTED
2026-05-29 23:48:17,145 | ⚠ POSSIBLE PORT SCAN DETECTED
2026-05-29 23:48:17,499 | ⚠ HOST DOMINANCE DETECTED
2026-05-29 23:48:17,499 | ⚠ POSSIBLE PORT SCAN DETECTED
2026-05-29 23:48:18,506 | ⚠ HOST DOMINANCE DETECTED
2026-05-29 23:48:18,506 | ⚠ POSSIBLE PORT SCAN DETECTED
2026-05-29 23:48:19,517 | ⚠ HOST DOMINANCE DETECTED
2026-05-29 23:48:19,517 | ⚠ POSSIBLE PORT SCAN DETECTED
2026-05-29 23:48:20,523 | ⚠ HOST DOMINANCE DETECTED
2026-05-29 23:48:20,524 | ⚠ POSSIBLE PORT SCAN DETECTED
2026-05-29 23:48:21,533 | ⚠ HOST DOMINANCE DETECTED
2026-05-29 23:48:21,534 | ⚠ POSSIBLE PORT SCAN DETECTED
2026-05-29 23:48:22,155 | ⚠ HOST DOMINANCE DETECTED
2026-05-29 23:48:22,155 | ⚠ POSSIBLE PORT SCAN DETECTED
2026-05-29 23:48:22,543 | ⚠ HOST DOMINANCE DETECTED
2026-05-29 23:48:22,543 | ⚠ POSSIBLE PORT SCAN DETECTED
2026-05-29 23:48:23,554 | ⚠ HOST DOMINANCE DETECTED
2026-05-29 23:48:23,554 | ⚠ POSSIBLE PORT SCAN DETECTED
2026-05-29 23:48:24,179 | ⚠ HOST DOMINANCE DETECTED
2026-05-29 23:48:24,185 | ⚠ POSSIBLE PORT SCAN DETECTED
2026-05-29 23:48:24,564 | ⚠ HOST DOMINANCE DETECTED
2026-05-29 23:48:24,564 | ⚠ POSSIBLE PORT SCAN DETECTED
2026-05-29 23:48:25,570 | ⚠ HOST DOMINANCE DETECTED
2026-05-29 23:48:25,570 | ⚠ POSSIBLE PORT SCAN DETECTED
2026-05-29 23:48:25,813 | ⚠ HOST DOMINANCE DETECTED
2026-05-29 23:48:25,813 | ⚠ POSSIBLE PORT SCAN DETECTED
2026-05-29 23:48:26,581 | ⚠ HOST DOMINANCE DETECTED
2026-05-29 23:48:26,581 | ⚠ POSSIBLE PORT SCAN DETECTED
2026-05-29 23:48:27,161 | ⚠ HOST DOMINANCE DETECTED
2026-05-29 23:48:27,162 | ⚠ POSSIBLE PORT SCAN DETECTED
2026-05-29 23:48:27,589 | ⚠ HOST DOMINANCE DETECTED
2026-05-29 23:48:27,590 | ⚠ POSSIBLE PORT SCAN DETECTED
2026-05-29 23:48:28,598 | ⚠ HOST DOMINANCE DETECTED
2026-05-29 23:48:28,599 | ⚠ POSSIBLE PORT SCAN DETECTED
2026-05-29 23:48:29,609 | ⚠ HOST DOMINANCE DETECTED
2026-05-29 23:48:29,609 | ⚠ POSSIBLE PORT SCAN DETECTED
2026-05-29 23:48:30,618 | ⚠ HOST DOMINANCE DETECTED
2026-05-29 23:48:30,619 | ⚠ POSSIBLE PORT SCAN DETECTED
2026-05-29 23:48:31,629 | ⚠ HOST DOMINANCE DETECTED
2026-05-29 23:48:31,630 | ⚠ POSSIBLE PORT SCAN DETECTED
2026-05-29 23:48:32,206 | ⚠ HOST DOMINANCE DETECTED
2026-05-29 23:48:32,206 | ⚠ POSSIBLE PORT SCAN DETECTED
2026-05-29 23:48:32,649 | ⚠ HOST DOMINANCE DETECTED
2026-05-29 23:48:32,649 | ⚠ POSSIBLE PORT SCAN DETECTED
2026-05-29 23:48:33,660 | ⚠ HOST DOMINANCE DETECTED
2026-05-29 23:48:33,661 | ⚠ POSSIBLE PORT SCAN DETECTED
2026-05-29 23:48:34,671 | ⚠ HOST DOMINANCE DETECTED
2026-05-29 23:48:34,671 | ⚠ POSSIBLE PORT SCAN DETECTED
2026-05-29 23:48:35,681 | ⚠ HOST DOMINANCE DETECTED
2026-05-29 23:48:35,682 | ⚠ POSSIBLE PORT SCAN DETECTED
2026-05-29 23:48:36,690 | ⚠ HOST DOMINANCE DETECTED
2026-05-29 23:48:36,691 | ⚠ POSSIBLE PORT SCAN DETECTED
2026-05-29 23:48:37,214 | ⚠ HOST DOMINANCE DETECTED
2026-05-29 23:48:37,214 | ⚠ POSSIBLE PORT SCAN DETECTED
2026-05-29 23:48:37,696 | ⚠ HOST DOMINANCE DETECTED
2026-05-29 23:48:37,696 | ⚠ POSSIBLE PORT SCAN DETECTED
2026-05-29 23:48:38,705 | ⚠ HOST DOMINANCE DETECTED
2026-05-29 23:48:38,706 | ⚠ POSSIBLE PORT SCAN DETECTED
2026-05-29 23:48:39,715 | ⚠ HOST DOMINANCE DETECTED
2026-05-29 23:48:39,715 | ⚠ POSSIBLE PORT SCAN DETECTED
2026-05-29 23:48:40,724 | ⚠ HOST DOMINANCE DETECTED
2026-05-29 23:48:40,724 | ⚠ POSSIBLE PORT SCAN DETECTED
2026-05-29 23:48:41,730 | ⚠ HOST DOMINANCE DETECTED
2026-05-29 23:48:41,731 | ⚠ POSSIBLE PORT SCAN DETECTED
2026-05-29 23:48:42,224 | ⚠ HOST DOMINANCE DETECTED
2026-05-29 23:48:42,224 | ⚠ POSSIBLE PORT SCAN DETECTED
2026-05-29 23:48:42,737 | ⚠ HOST DOMINANCE DETECTED
2026-05-29 23:48:42,737 | ⚠ POSSIBLE PORT SCAN DETECTED
2026-05-29 23:48:43,742 | ⚠ HOST DOMINANCE DETECTED
2026-05-29 23:48:43,742 | ⚠ POSSIBLE PORT SCAN DETECTED
2026-05-29 23:48:44,751 | ⚠ HOST DOMINANCE DETECTED
2026-05-29 23:48:44,752 | ⚠ POSSIBLE PORT SCAN DETECTED
2026-05-29 23:48:45,762 | ⚠ HOST DOMINANCE DETECTED
2026-05-29 23:48:45,763 | ⚠ POSSIBLE PORT SCAN DETECTED
2026-05-29 23:48:46,274 | ⚠ HOST DOMINANCE DETECTED
2026-05-29 23:48:46,275 | ⚠ POSSIBLE PORT SCAN DETECTED
2026-05-29 23:48:46,773 | ⚠ HOST DOMINANCE DETECTED
2026-05-29 23:48:46,773 | ⚠ POSSIBLE PORT SCAN DETECTED
2026-05-29 23:48:47,231 | ⚠ HOST DOMINANCE DETECTED
2026-05-29 23:48:47,231 | ⚠ POSSIBLE PORT SCAN DETECTED
2026-05-29 23:48:47,782 | ⚠ HOST DOMINANCE DETECTED
2026-05-29 23:48:47,782 | ⚠ POSSIBLE PORT SCAN DETECTED
2026-05-29 23:48:48,791 | ⚠ HOST DOMINANCE DETECTED
2026-05-29 23:48:48,792 | ⚠ POSSIBLE PORT SCAN DETECTED
2026-05-29 23:48:49,800 | ⚠ HOST DOMINANCE DETECTED
2026-05-29 23:48:49,801 | ⚠ POSSIBLE PORT SCAN DETECTED
2026-05-29 23:48:50,807 | ⚠ HOST DOMINANCE DETECTED
2026-05-29 23:48:50,808 | ⚠ POSSIBLE PORT SCAN DETECTED
2026-05-29 23:48:51,816 | ⚠ HOST DOMINANCE DETECTED
2026-05-29 23:48:51,817 | ⚠ POSSIBLE PORT SCAN DETECTED
2026-05-29 23:48:52,238 | ⚠ HOST DOMINANCE DETECTED
2026-05-29 23:48:52,238 | ⚠ POSSIBLE PORT SCAN DETECTED
2026-05-29 23:48:52,826 | ⚠ HOST DOMINANCE DETECTED
2026-05-29 23:48:52,827 | ⚠ POSSIBLE PORT SCAN DETECTED
2026-05-29 23:48:53,835 | ⚠ HOST DOMINANCE DETECTED
2026-05-29 23:48:53,835 | ⚠ POSSIBLE PORT SCAN DETECTED
2026-05-29 23:48:54,847 | ⚠ HOST DOMINANCE DETECTED
2026-05-29 23:48:54,847 | ⚠ POSSIBLE PORT SCAN DETECTED
2026-05-29 23:48:54,901 | ⚠ HOST DOMINANCE DETECTED
2026-05-29 23:48:54,902 | ⚠ POSSIBLE PORT SCAN DETECTED
2026-05-29 23:48:55,854 | ⚠ HOST DOMINANCE DETECTED
2026-05-29 23:48:55,854 | ⚠ POSSIBLE PORT SCAN DETECTED
2026-05-29 23:48:56,861 | ⚠ HOST DOMINANCE DETECTED
2026-05-29 23:48:56,862 | ⚠ POSSIBLE PORT SCAN DETECTED
2026-05-29 23:48:57,241 | ⚠ HOST DOMINANCE DETECTED
2026-05-29 23:48:57,241 | ⚠ POSSIBLE PORT SCAN DETECTED
2026-05-29 23:48:57,869 | ⚠ HOST DOMINANCE DETECTED
2026-05-29 23:48:57,869 | ⚠ POSSIBLE PORT SCAN DETECTED
2026-05-29 23:48:58,875 | ⚠ HOST DOMINANCE DETECTED
2026-05-29 23:48:58,875 | ⚠ POSSIBLE PORT SCAN DETECTED
2026-05-29 23:48:59,880 | ⚠ HOST DOMINANCE DETECTED
2026-05-29 23:48:59,880 | ⚠ POSSIBLE PORT SCAN DETECTED
2026-05-29 23:49:00,887 | ⚠ HOST DOMINANCE DETECTED
2026-05-29 23:49:00,887 | ⚠ POSSIBLE PORT SCAN DETECTED
2026-05-29 23:49:01,896 | ⚠ HOST DOMINANCE DETECTED
2026-05-29 23:49:01,896 | ⚠ POSSIBLE PORT SCAN DETECTED
2026-05-29 23:49:02,247 | ⚠ HOST DOMINANCE DETECTED
2026-05-29 23:49:02,249 | ⚠ POSSIBLE PORT SCAN DETECTED
2026-05-29 23:49:02,907 | ⚠ HOST DOMINANCE DETECTED
2026-05-29 23:49:02,907 | ⚠ POSSIBLE PORT SCAN DETECTED
2026-05-29 23:49:03,919 | ⚠ HOST DOMINANCE DETECTED
2026-05-29 23:49:03,921 | ⚠ POSSIBLE PORT SCAN DETECTED
2026-05-29 23:49:04,939 | ⚠ HOST DOMINANCE DETECTED
2026-05-29 23:49:04,940 | ⚠ POSSIBLE PORT SCAN DETECTED
2026-05-29 23:49:05,946 | ⚠ HOST DOMINANCE DETECTED
2026-05-29 23:49:05,948 | ⚠ POSSIBLE PORT SCAN DETECTED
2026-05-29 23:49:06,012 | ⚠ HOST DOMINANCE DETECTED
2026-05-29 23:49:06,013 | ⚠ POSSIBLE PORT SCAN DETECTED
2026-05-29 23:49:06,961 | ⚠ HOST DOMINANCE DETECTED
2026-05-29 23:49:06,961 | ⚠ POSSIBLE PORT SCAN DETECTED
2026-05-29 23:49:07,257 | ⚠ HOST DOMINANCE DETECTED
2026-05-29 23:49:07,257 | ⚠ POSSIBLE PORT SCAN DETECTED
2026-05-29 23:49:07,967 | ⚠ HOST DOMINANCE DETECTED
2026-05-29 23:49:07,967 | ⚠ POSSIBLE PORT SCAN DETECTED
2026-05-29 23:49:08,970 | ⚠ HOST DOMINANCE DETECTED
2026-05-29 23:49:08,970 | ⚠ POSSIBLE PORT SCAN DETECTED
2026-05-29 23:49:09,978 | ⚠ HOST DOMINANCE DETECTED
2026-05-29 23:49:09,979 | ⚠ POSSIBLE PORT SCAN DETECTED
2026-05-29 23:49:10,985 | ⚠ HOST DOMINANCE DETECTED
2026-05-29 23:49:10,985 | ⚠ POSSIBLE PORT SCAN DETECTED
2026-05-29 23:49:11,994 | ⚠ HOST DOMINANCE DETECTED
2026-05-29 23:49:11,994 | ⚠ POSSIBLE PORT SCAN DETECTED
2026-05-29 23:49:12,267 | ⚠ BANDWIDTH SPIKE DETECTED
2026-05-29 23:49:12,267 | ⚠ HOST DOMINANCE DETECTED
2026-05-29 23:49:12,267 | ⚠ POSSIBLE PORT SCAN DETECTED
2026-05-29 23:49:13,004 | ⚠ HOST DOMINANCE DETECTED
2026-05-29 23:49:13,004 | ⚠ POSSIBLE PORT SCAN DETECTED
2026-05-29 23:49:14,012 | ⚠ HOST DOMINANCE DETECTED
2026-05-29 23:49:14,012 | ⚠ POSSIBLE PORT SCAN DETECTED
2026-05-29 23:49:15,020 | ⚠ HOST DOMINANCE DETECTED
2026-05-29 23:49:15,021 | ⚠ POSSIBLE PORT SCAN DETECTED
2026-05-29 23:49:16,026 | ⚠ HOST DOMINANCE DETECTED
2026-05-29 23:49:16,026 | ⚠ POSSIBLE PORT SCAN DETECTED
2026-05-29 23:49:17,032 | ⚠ HOST DOMINANCE DETECTED
2026-05-29 23:49:17,032 | ⚠ POSSIBLE PORT SCAN DETECTED
2026-05-29 23:49:17,275 | ⚠ BANDWIDTH SPIKE DETECTED
2026-05-29 23:49:17,275 | ⚠ HOST DOMINANCE DETECTED
2026-05-29 23:49:17,275 | ⚠ POSSIBLE PORT SCAN DETECTED
2026-05-29 23:49:18,039 | ⚠ HOST DOMINANCE DETECTED
2026-05-29 23:49:18,040 | ⚠ POSSIBLE PORT SCAN DETECTED
2026-05-29 23:49:19,058 | ⚠ HOST DOMINANCE DETECTED
2026-05-29 23:49:19,058 | ⚠ POSSIBLE PORT SCAN DETECTED
2026-05-29 23:49:20,066 | ⚠ HOST DOMINANCE DETECTED
2026-05-29 23:49:20,068 | ⚠ POSSIBLE PORT SCAN DETECTED
2026-05-29 23:49:21,077 | ⚠ HOST DOMINANCE DETECTED
2026-05-29 23:49:21,077 | ⚠ POSSIBLE PORT SCAN DETECTED
2026-05-29 23:49:22,079 | ⚠ HOST DOMINANCE DETECTED
2026-05-29 23:49:22,080 | ⚠ POSSIBLE PORT SCAN DETECTED
2026-05-29 23:49:22,282 | ⚠ BANDWIDTH SPIKE DETECTED
2026-05-29 23:49:22,282 | ⚠ HOST DOMINANCE DETECTED
2026-05-29 23:49:22,282 | ⚠ POSSIBLE PORT SCAN DETECTED
2026-05-29 23:49:23,086 | ⚠ HOST DOMINANCE DETECTED
2026-05-29 23:49:23,086 | ⚠ POSSIBLE PORT SCAN DETECTED
2026-05-29 23:49:24,095 | ⚠ HOST DOMINANCE DETECTED
2026-05-29 23:49:24,096 | ⚠ POSSIBLE PORT SCAN DETECTED
2026-05-29 23:49:25,104 | ⚠ HOST DOMINANCE DETECTED
2026-05-29 23:49:25,105 | ⚠ POSSIBLE PORT SCAN DETECTED
2026-05-29 23:49:25,710 | ⚠ HOST DOMINANCE DETECTED
2026-05-29 23:49:25,710 | ⚠ POSSIBLE PORT SCAN DETECTED
2026-05-29 23:49:26,111 | ⚠ HOST DOMINANCE DETECTED
2026-05-29 23:49:26,111 | ⚠ POSSIBLE PORT SCAN DETECTED
2026-05-29 23:49:26,748 | ⚠ HOST DOMINANCE DETECTED
2026-05-29 23:49:26,748 | ⚠ POSSIBLE PORT SCAN DETECTED
2026-05-29 23:49:27,116 | ⚠ HOST DOMINANCE DETECTED
2026-05-29 23:49:27,116 | ⚠ POSSIBLE PORT SCAN DETECTED
2026-05-29 23:49:27,288 | ⚠ BANDWIDTH SPIKE DETECTED
2026-05-29 23:49:27,288 | ⚠ HOST DOMINANCE DETECTED
2026-05-29 23:49:27,289 | ⚠ POSSIBLE PORT SCAN DETECTED
2026-05-29 23:49:28,126 | ⚠ HOST DOMINANCE DETECTED
2026-05-29 23:49:28,127 | ⚠ POSSIBLE PORT SCAN DETECTED
2026-05-29 23:49:28,305 | ⚠ HOST DOMINANCE DETECTED
2026-05-29 23:49:28,305 | ⚠ POSSIBLE PORT SCAN DETECTED
2026-05-29 23:49:28,551 | ⚠ HOST DOMINANCE DETECTED
2026-05-29 23:49:28,551 | ⚠ POSSIBLE PORT SCAN DETECTED
2026-05-29 23:49:29,147 | ⚠ HOST DOMINANCE DETECTED
2026-05-29 23:49:29,147 | ⚠ POSSIBLE PORT SCAN DETECTED
2026-05-29 23:49:30,154 | ⚠ HOST DOMINANCE DETECTED
2026-05-29 23:49:30,154 | ⚠ POSSIBLE PORT SCAN DETECTED
2026-05-29 23:49:31,161 | ⚠ HOST DOMINANCE DETECTED
2026-05-29 23:49:31,161 | ⚠ POSSIBLE PORT SCAN DETECTED
2026-05-29 23:49:32,167 | ⚠ HOST DOMINANCE DETECTED
2026-05-29 23:49:32,167 | ⚠ POSSIBLE PORT SCAN DETECTED
2026-05-29 23:49:32,295 | ⚠ BANDWIDTH SPIKE DETECTED
2026-05-29 23:49:32,295 | ⚠ HOST DOMINANCE DETECTED
2026-05-29 23:49:32,295 | ⚠ POSSIBLE PORT SCAN DETECTED
2026-05-29 23:49:33,171 | ⚠ HOST DOMINANCE DETECTED
2026-05-29 23:49:33,171 | ⚠ POSSIBLE PORT SCAN DETECTED
2026-05-29 23:49:34,178 | ⚠ HOST DOMINANCE DETECTED
2026-05-29 23:49:34,179 | ⚠ POSSIBLE PORT SCAN DETECTED
2026-05-29 23:49:35,185 | ⚠ HOST DOMINANCE DETECTED
2026-05-29 23:49:35,185 | ⚠ POSSIBLE PORT SCAN DETECTED
2026-05-29 23:49:36,206 | ⚠ HOST DOMINANCE DETECTED
2026-05-29 23:49:36,206 | ⚠ POSSIBLE PORT SCAN DETECTED
2026-05-29 23:49:37,230 | ⚠ HOST DOMINANCE DETECTED
2026-05-29 23:49:37,230 | ⚠ POSSIBLE PORT SCAN DETECTED
2026-05-29 23:49:37,302 | ⚠ BANDWIDTH SPIKE DETECTED
2026-05-29 23:49:37,302 | ⚠ HOST DOMINANCE DETECTED
2026-05-29 23:49:37,302 | ⚠ POSSIBLE PORT SCAN DETECTED
2026-05-29 23:49:38,239 | ⚠ HOST DOMINANCE DETECTED
2026-05-29 23:49:38,239 | ⚠ POSSIBLE PORT SCAN DETECTED
2026-05-29 23:49:39,245 | ⚠ HOST DOMINANCE DETECTED
2026-05-29 23:49:39,245 | ⚠ POSSIBLE PORT SCAN DETECTED
2026-05-29 23:49:40,252 | ⚠ HOST DOMINANCE DETECTED
2026-05-29 23:49:40,252 | ⚠ POSSIBLE PORT SCAN DETECTED
2026-05-29 23:49:41,260 | ⚠ HOST DOMINANCE DETECTED
2026-05-29 23:49:41,260 | ⚠ POSSIBLE PORT SCAN DETECTED
2026-05-29 23:49:42,279 | ⚠ HOST DOMINANCE DETECTED
2026-05-29 23:49:42,279 | ⚠ POSSIBLE PORT SCAN DETECTED
2026-05-29 23:49:42,309 | ⚠ BANDWIDTH SPIKE DETECTED
2026-05-29 23:49:42,309 | ⚠ HOST DOMINANCE DETECTED
2026-05-29 23:49:42,309 | ⚠ POSSIBLE PORT SCAN DETECTED
2026-05-29 23:49:43,282 | ⚠ HOST DOMINANCE DETECTED
2026-05-29 23:49:43,282 | ⚠ POSSIBLE PORT SCAN DETECTED
2026-05-29 23:49:44,289 | ⚠ HOST DOMINANCE DETECTED
2026-05-29 23:49:44,290 | ⚠ POSSIBLE PORT SCAN DETECTED
2026-05-29 23:49:45,312 | ⚠ HOST DOMINANCE DETECTED
2026-05-29 23:49:45,313 | ⚠ POSSIBLE PORT SCAN DETECTED
2026-05-29 23:49:46,320 | ⚠ HOST DOMINANCE DETECTED
2026-05-29 23:49:46,320 | ⚠ POSSIBLE PORT SCAN DETECTED
2026-05-29 23:49:46,483 | ⚠ HOST DOMINANCE DETECTED
2026-05-29 23:49:46,484 | ⚠ POSSIBLE PORT SCAN DETECTED
2026-05-29 23:49:47,317 | ⚠ BANDWIDTH SPIKE DETECTED
2026-05-29 23:49:47,317 | ⚠ HOST DOMINANCE DETECTED
2026-05-29 23:49:47,317 | ⚠ POSSIBLE PORT SCAN DETECTED
2026-05-29 23:49:47,323 | ⚠ HOST DOMINANCE DETECTED
2026-05-29 23:49:47,323 | ⚠ POSSIBLE PORT SCAN DETECTED
2026-05-29 23:49:48,327 | ⚠ HOST DOMINANCE DETECTED
2026-05-29 23:49:48,327 | ⚠ POSSIBLE PORT SCAN DETECTED
2026-05-29 23:49:49,332 | ⚠ HOST DOMINANCE DETECTED
2026-05-29 23:49:49,333 | ⚠ POSSIBLE PORT SCAN DETECTED
2026-05-29 23:49:50,338 | ⚠ HOST DOMINANCE DETECTED
2026-05-29 23:49:50,339 | ⚠ POSSIBLE PORT SCAN DETECTED
2026-05-29 23:49:51,348 | ⚠ HOST DOMINANCE DETECTED
2026-05-29 23:49:51,349 | ⚠ POSSIBLE PORT SCAN DETECTED
2026-05-29 23:49:52,324 | ⚠ BANDWIDTH SPIKE DETECTED
2026-05-29 23:49:52,324 | ⚠ HOST DOMINANCE DETECTED
2026-05-29 23:49:52,324 | ⚠ POSSIBLE PORT SCAN DETECTED
2026-05-29 23:49:52,356 | ⚠ HOST DOMINANCE DETECTED
2026-05-29 23:49:52,356 | ⚠ POSSIBLE PORT SCAN DETECTED
2026-05-29 23:49:53,376 | ⚠ HOST DOMINANCE DETECTED
2026-05-29 23:49:53,376 | ⚠ POSSIBLE PORT SCAN DETECTED
2026-05-29 23:49:54,385 | ⚠ HOST DOMINANCE DETECTED
2026-05-29 23:49:54,386 | ⚠ POSSIBLE PORT SCAN DETECTED
2026-05-29 23:49:55,390 | ⚠ HOST DOMINANCE DETECTED
2026-05-29 23:49:55,390 | ⚠ POSSIBLE PORT SCAN DETECTED
2026-05-29 23:49:56,398 | ⚠ HOST DOMINANCE DETECTED
2026-05-29 23:49:56,398 | ⚠ POSSIBLE PORT SCAN DETECTED
2026-05-29 23:49:56,553 | ⚠ HOST DOMINANCE DETECTED
2026-05-29 23:49:56,553 | ⚠ POSSIBLE PORT SCAN DETECTED
2026-05-29 23:49:57,331 | ⚠ BANDWIDTH SPIKE DETECTED
2026-05-29 23:49:57,331 | ⚠ HOST DOMINANCE DETECTED
2026-05-29 23:49:57,331 | ⚠ POSSIBLE PORT SCAN DETECTED
2026-05-29 23:49:57,406 | ⚠ HOST DOMINANCE DETECTED
2026-05-29 23:49:57,406 | ⚠ POSSIBLE PORT SCAN DETECTED
2026-05-29 23:49:58,412 | ⚠ POSSIBLE PORT SCAN DETECTED
2026-05-29 23:49:59,418 | ⚠ POSSIBLE PORT SCAN DETECTED
2026-05-29 23:50:00,426 | ⚠ POSSIBLE PORT SCAN DETECTED
2026-05-29 23:50:01,433 | ⚠ POSSIBLE PORT SCAN DETECTED
2026-05-29 23:50:02,338 | ⚠ BANDWIDTH SPIKE DETECTED
2026-05-29 23:50:02,338 | ⚠ POSSIBLE PORT SCAN DETECTED
2026-05-29 23:50:02,450 | ⚠ POSSIBLE PORT SCAN DETECTED
2026-05-29 23:50:03,457 | ⚠ POSSIBLE PORT SCAN DETECTED
2026-05-29 23:50:04,465 | ⚠ POSSIBLE PORT SCAN DETECTED
2026-05-29 23:50:05,468 | ⚠ POSSIBLE PORT SCAN DETECTED
2026-05-29 23:50:06,475 | ⚠ POSSIBLE PORT SCAN DETECTED
2026-05-29 23:50:06,810 | ⚠ POSSIBLE PORT SCAN DETECTED
2026-05-29 23:50:07,341 | ⚠ BANDWIDTH SPIKE DETECTED
2026-05-29 23:50:07,342 | ⚠ POSSIBLE PORT SCAN DETECTED
2026-05-29 23:50:07,506 | ⚠ POSSIBLE PORT SCAN DETECTED
2026-05-29 23:50:08,570 | ⚠ POSSIBLE PORT SCAN DETECTED
2026-05-29 23:50:09,580 | ⚠ POSSIBLE PORT SCAN DETECTED
2026-05-29 23:50:09,652 | ⚠ POSSIBLE PORT SCAN DETECTED
2026-05-29 23:50:10,590 | ⚠ POSSIBLE PORT SCAN DETECTED
2026-05-29 23:50:11,598 | ⚠ POSSIBLE PORT SCAN DETECTED
2026-05-29 23:50:12,365 | ⚠ BANDWIDTH SPIKE DETECTED
2026-05-29 23:50:12,365 | ⚠ POSSIBLE PORT SCAN DETECTED
2026-05-29 23:50:12,606 | ⚠ POSSIBLE PORT SCAN DETECTED
2026-05-29 23:50:13,609 | ⚠ POSSIBLE PORT SCAN DETECTED
2026-05-29 23:50:14,612 | ⚠ POSSIBLE PORT SCAN DETECTED
2026-05-29 23:50:15,619 | ⚠ POSSIBLE PORT SCAN DETECTED
2026-05-29 23:50:16,637 | ⚠ POSSIBLE PORT SCAN DETECTED
2026-05-29 23:50:17,422 | ⚠ BANDWIDTH SPIKE DETECTED
2026-05-29 23:50:17,426 | ⚠ POSSIBLE PORT SCAN DETECTED
2026-05-29 23:50:17,652 | ⚠ POSSIBLE PORT SCAN DETECTED
2026-05-29 23:50:18,664 | ⚠ POSSIBLE PORT SCAN DETECTED
2026-05-29 23:50:19,672 | ⚠ POSSIBLE PORT SCAN DETECTED
2026-05-29 23:50:20,681 | ⚠ POSSIBLE PORT SCAN DETECTED
2026-05-29 23:50:21,690 | ⚠ POSSIBLE PORT SCAN DETECTED
2026-05-29 23:50:22,449 | ⚠ BANDWIDTH SPIKE DETECTED
2026-05-29 23:50:22,449 | ⚠ POSSIBLE PORT SCAN DETECTED
2026-05-29 23:50:22,693 | ⚠ POSSIBLE PORT SCAN DETECTED
2026-05-29 23:50:23,696 | ⚠ POSSIBLE PORT SCAN DETECTED
2026-05-29 23:50:24,699 | ⚠ POSSIBLE PORT SCAN DETECTED
2026-05-29 23:50:25,709 | ⚠ POSSIBLE PORT SCAN DETECTED
2026-05-29 23:50:26,725 | ⚠ POSSIBLE PORT SCAN DETECTED
2026-05-29 23:50:27,152 | ⚠ POSSIBLE PORT SCAN DETECTED
2026-05-29 23:50:27,457 | ⚠ BANDWIDTH SPIKE DETECTED
2026-05-29 23:50:27,459 | ⚠ POSSIBLE PORT SCAN DETECTED
2026-05-29 23:50:27,693 | ⚠ POSSIBLE PORT SCAN DETECTED
2026-05-29 23:50:27,727 | ⚠ POSSIBLE PORT SCAN DETECTED
2026-05-29 23:50:28,739 | ⚠ POSSIBLE PORT SCAN DETECTED
2026-05-29 23:50:29,743 | ⚠ POSSIBLE PORT SCAN DETECTED
2026-05-29 23:50:30,750 | ⚠ POSSIBLE PORT SCAN DETECTED
2026-05-29 23:50:31,779 | ⚠ POSSIBLE PORT SCAN DETECTED
2026-05-29 23:50:32,469 | ⚠ BANDWIDTH SPIKE DETECTED
2026-05-29 23:50:32,469 | ⚠ POSSIBLE PORT SCAN DETECTED
2026-05-29 23:50:32,788 | ⚠ POSSIBLE PORT SCAN DETECTED
2026-05-29 23:50:33,801 | ⚠ POSSIBLE PORT SCAN DETECTED
2026-05-29 23:50:34,842 | ⚠ POSSIBLE PORT SCAN DETECTED
2026-05-29 23:50:35,850 | ⚠ POSSIBLE PORT SCAN DETECTED
2026-05-29 23:50:36,880 | ⚠ POSSIBLE PORT SCAN DETECTED
2026-05-29 23:50:37,477 | ⚠ BANDWIDTH SPIKE DETECTED
2026-05-29 23:50:37,479 | ⚠ POSSIBLE PORT SCAN DETECTED
2026-05-29 23:50:37,888 | ⚠ POSSIBLE PORT SCAN DETECTED
2026-05-29 23:50:38,898 | ⚠ POSSIBLE PORT SCAN DETECTED
2026-05-29 23:50:39,920 | ⚠ POSSIBLE PORT SCAN DETECTED
2026-05-29 23:50:40,930 | ⚠ POSSIBLE PORT SCAN DETECTED
2026-05-29 23:50:41,937 | ⚠ POSSIBLE PORT SCAN DETECTED
2026-05-29 23:50:42,486 | ⚠ BANDWIDTH SPIKE DETECTED
2026-05-29 23:50:42,487 | ⚠ POSSIBLE PORT SCAN DETECTED
2026-05-29 23:50:42,941 | ⚠ POSSIBLE PORT SCAN DETECTED
2026-05-29 23:50:43,946 | ⚠ POSSIBLE PORT SCAN DETECTED
2026-05-29 23:50:44,953 | ⚠ POSSIBLE PORT SCAN DETECTED
2026-05-29 23:50:45,961 | ⚠ POSSIBLE PORT SCAN DETECTED
2026-05-29 23:50:46,974 | ⚠ POSSIBLE PORT SCAN DETECTED
2026-05-29 23:50:47,494 | ⚠ BANDWIDTH SPIKE DETECTED
2026-05-29 23:50:47,494 | ⚠ POSSIBLE PORT SCAN DETECTED
2026-05-29 23:50:47,522 | ⚠ POSSIBLE PORT SCAN DETECTED
2026-05-29 23:50:47,985 | ⚠ POSSIBLE PORT SCAN DETECTED
2026-05-29 23:50:48,996 | ⚠ POSSIBLE PORT SCAN DETECTED
2026-05-29 23:50:50,003 | ⚠ POSSIBLE PORT SCAN DETECTED
2026-05-29 23:50:51,006 | ⚠ POSSIBLE PORT SCAN DETECTED
2026-05-29 23:50:52,013 | ⚠ POSSIBLE PORT SCAN DETECTED
2026-05-29 23:50:52,504 | ⚠ BANDWIDTH SPIKE DETECTED
2026-05-29 23:50:52,506 | ⚠ POSSIBLE PORT SCAN DETECTED
2026-05-29 23:50:53,019 | ⚠ POSSIBLE PORT SCAN DETECTED
2026-05-29 23:50:54,024 | ⚠ POSSIBLE PORT SCAN DETECTED
2026-05-29 23:50:55,027 | ⚠ POSSIBLE PORT SCAN DETECTED
2026-05-29 23:50:56,035 | ⚠ POSSIBLE PORT SCAN DETECTED
2026-05-29 23:50:57,044 | ⚠ POSSIBLE PORT SCAN DETECTED
2026-05-29 23:50:57,518 | ⚠ BANDWIDTH SPIKE DETECTED
2026-05-29 23:50:57,521 | ⚠ POSSIBLE PORT SCAN DETECTED
2026-05-29 23:50:58,049 | ⚠ POSSIBLE PORT SCAN DETECTED
2026-05-29 23:50:58,628 | ⚠ POSSIBLE PORT SCAN DETECTED
2026-05-29 23:50:59,056 | ⚠ POSSIBLE PORT SCAN DETECTED
2026-05-29 23:51:00,059 | ⚠ POSSIBLE PORT SCAN DETECTED
2026-05-29 23:51:01,072 | ⚠ POSSIBLE PORT SCAN DETECTED
2026-05-29 23:51:02,080 | ⚠ POSSIBLE PORT SCAN DETECTED
2026-05-29 23:51:02,528 | ⚠ BANDWIDTH SPIKE DETECTED
2026-05-29 23:51:02,528 | ⚠ POSSIBLE PORT SCAN DETECTED
2026-05-29 23:51:03,089 | ⚠ POSSIBLE PORT SCAN DETECTED
2026-05-29 23:51:04,095 | ⚠ POSSIBLE PORT SCAN DETECTED
2026-05-29 23:51:05,105 | ⚠ POSSIBLE PORT SCAN DETECTED
2026-05-29 23:51:06,111 | ⚠ POSSIBLE PORT SCAN DETECTED
2026-05-29 23:51:07,116 | ⚠ POSSIBLE PORT SCAN DETECTED
2026-05-29 23:51:07,231 | ⚠ POSSIBLE PORT SCAN DETECTED
2026-05-29 23:51:07,535 | ⚠ BANDWIDTH SPIKE DETECTED
2026-05-29 23:51:07,535 | ⚠ POSSIBLE PORT SCAN DETECTED
2026-05-29 23:51:08,122 | ⚠ POSSIBLE PORT SCAN DETECTED
2026-05-29 23:51:09,130 | ⚠ POSSIBLE PORT SCAN DETECTED
2026-05-29 23:51:10,139 | ⚠ POSSIBLE PORT SCAN DETECTED
2026-05-29 23:51:11,146 | ⚠ POSSIBLE PORT SCAN DETECTED
2026-05-29 23:51:12,151 | ⚠ POSSIBLE PORT SCAN DETECTED
2026-05-29 23:51:12,545 | ⚠ BANDWIDTH SPIKE DETECTED
2026-05-29 23:51:12,545 | ⚠ POSSIBLE PORT SCAN DETECTED
2026-05-29 23:51:13,160 | ⚠ POSSIBLE PORT SCAN DETECTED
2026-05-29 23:51:14,170 | ⚠ POSSIBLE PORT SCAN DETECTED
2026-05-29 23:51:15,188 | ⚠ POSSIBLE PORT SCAN DETECTED
2026-05-29 23:51:16,220 | ⚠ POSSIBLE PORT SCAN DETECTED
2026-05-29 23:51:17,227 | ⚠ POSSIBLE PORT SCAN DETECTED
2026-05-29 23:51:17,551 | ⚠ BANDWIDTH SPIKE DETECTED
2026-05-29 23:51:17,551 | ⚠ POSSIBLE PORT SCAN DETECTED
2026-05-29 23:51:18,234 | ⚠ POSSIBLE PORT SCAN DETECTED
2026-05-29 23:51:19,243 | ⚠ POSSIBLE PORT SCAN DETECTED
2026-05-29 23:51:20,255 | ⚠ POSSIBLE PORT SCAN DETECTED
2026-05-29 23:51:21,262 | ⚠ POSSIBLE PORT SCAN DETECTED
2026-05-29 23:51:22,268 | ⚠ POSSIBLE PORT SCAN DETECTED
2026-05-29 23:51:22,562 | ⚠ BANDWIDTH SPIKE DETECTED
2026-05-29 23:51:22,563 | ⚠ POSSIBLE PORT SCAN DETECTED
2026-05-29 23:51:23,275 | ⚠ POSSIBLE PORT SCAN DETECTED
2026-05-29 23:51:24,286 | ⚠ POSSIBLE PORT SCAN DETECTED
2026-05-29 23:51:25,295 | ⚠ POSSIBLE PORT SCAN DETECTED
2026-05-29 23:51:26,304 | ⚠ POSSIBLE PORT SCAN DETECTED
2026-05-29 23:51:27,312 | ⚠ POSSIBLE PORT SCAN DETECTED
2026-05-29 23:51:27,574 | ⚠ BANDWIDTH SPIKE DETECTED
2026-05-29 23:51:27,575 | ⚠ POSSIBLE PORT SCAN DETECTED
2026-05-29 23:51:28,033 | ⚠ POSSIBLE PORT SCAN DETECTED
2026-05-29 23:51:28,315 | ⚠ POSSIBLE PORT SCAN DETECTED
2026-05-29 23:51:29,256 | ⚠ POSSIBLE PORT SCAN DETECTED
2026-05-29 23:51:29,322 | ⚠ POSSIBLE PORT SCAN DETECTED
2026-05-29 23:51:30,329 | ⚠ POSSIBLE PORT SCAN DETECTED
2026-05-29 23:51:31,339 | ⚠ POSSIBLE PORT SCAN DETECTED
2026-05-29 23:51:32,344 | ⚠ POSSIBLE PORT SCAN DETECTED
2026-05-29 23:51:32,586 | ⚠ BANDWIDTH SPIKE DETECTED
2026-05-29 23:51:32,586 | ⚠ POSSIBLE PORT SCAN DETECTED
2026-05-29 23:51:33,348 | ⚠ POSSIBLE PORT SCAN DETECTED
2026-05-29 23:51:34,356 | ⚠ POSSIBLE PORT SCAN DETECTED
2026-05-29 23:51:35,369 | ⚠ POSSIBLE PORT SCAN DETECTED
2026-05-29 23:51:36,376 | ⚠ POSSIBLE PORT SCAN DETECTED
2026-05-29 23:51:37,385 | ⚠ POSSIBLE PORT SCAN DETECTED
2026-05-29 23:51:37,597 | ⚠ POSSIBLE PORT SCAN DETECTED
2026-05-29 23:51:38,390 | ⚠ POSSIBLE PORT SCAN DETECTED
2026-05-29 23:51:39,395 | ⚠ POSSIBLE PORT SCAN DETECTED
2026-05-29 23:51:40,400 | ⚠ POSSIBLE PORT SCAN DETECTED
2026-05-29 23:51:41,408 | ⚠ POSSIBLE PORT SCAN DETECTED
2026-05-29 23:51:42,413 | ⚠ POSSIBLE PORT SCAN DETECTED
2026-05-29 23:51:42,607 | ⚠ BANDWIDTH SPIKE DETECTED
2026-05-29 23:51:42,609 | ⚠ POSSIBLE PORT SCAN DETECTED
2026-05-29 23:51:43,417 | ⚠ POSSIBLE PORT SCAN DETECTED
2026-05-29 23:51:44,426 | ⚠ POSSIBLE PORT SCAN DETECTED
2026-05-29 23:51:45,435 | ⚠ POSSIBLE PORT SCAN DETECTED
2026-05-29 23:51:46,449 | ⚠ POSSIBLE PORT SCAN DETECTED
2026-05-29 23:51:47,459 | ⚠ POSSIBLE PORT SCAN DETECTED
2026-05-29 23:51:47,573 | ⚠ POSSIBLE PORT SCAN DETECTED
2026-05-29 23:51:47,638 | ⚠ BANDWIDTH SPIKE DETECTED
2026-05-29 23:51:47,638 | ⚠ POSSIBLE PORT SCAN DETECTED
2026-05-29 23:51:48,464 | ⚠ POSSIBLE PORT SCAN DETECTED
2026-05-29 23:51:49,489 | ⚠ POSSIBLE PORT SCAN DETECTED
2026-05-29 23:51:50,501 | ⚠ POSSIBLE PORT SCAN DETECTED
2026-05-29 23:51:51,507 | ⚠ POSSIBLE PORT SCAN DETECTED
2026-05-29 23:51:52,513 | ⚠ POSSIBLE PORT SCAN DETECTED
2026-05-29 23:51:52,648 | ⚠ BANDWIDTH SPIKE DETECTED
2026-05-29 23:51:52,648 | ⚠ POSSIBLE PORT SCAN DETECTED
2026-05-29 23:51:53,520 | ⚠ POSSIBLE PORT SCAN DETECTED
2026-05-29 23:51:54,534 | ⚠ POSSIBLE PORT SCAN DETECTED
2026-05-29 23:51:55,542 | ⚠ POSSIBLE PORT SCAN DETECTED
2026-05-29 23:51:56,551 | ⚠ POSSIBLE PORT SCAN DETECTED
2026-05-29 23:51:57,557 | ⚠ POSSIBLE PORT SCAN DETECTED
2026-05-29 23:51:57,655 | ⚠ POSSIBLE PORT SCAN DETECTED
2026-05-29 23:51:58,565 | ⚠ POSSIBLE PORT SCAN DETECTED
2026-05-29 23:51:59,573 | ⚠ POSSIBLE PORT SCAN DETECTED
2026-05-29 23:51:59,905 | ⚠ POSSIBLE PORT SCAN DETECTED
2026-05-29 23:52:00,582 | ⚠ POSSIBLE PORT SCAN DETECTED
2026-05-29 23:52:01,584 | ⚠ POSSIBLE PORT SCAN DETECTED
2026-05-29 23:52:02,592 | ⚠ POSSIBLE PORT SCAN DETECTED
2026-05-29 23:52:02,668 | ⚠ POSSIBLE PORT SCAN DETECTED
2026-05-29 23:52:03,604 | ⚠ POSSIBLE PORT SCAN DETECTED
2026-05-29 23:52:04,611 | ⚠ POSSIBLE PORT SCAN DETECTED
2026-05-29 23:52:05,620 | ⚠ POSSIBLE PORT SCAN DETECTED
2026-05-29 23:52:06,633 | ⚠ POSSIBLE PORT SCAN DETECTED
2026-05-29 23:52:07,641 | ⚠ POSSIBLE PORT SCAN DETECTED
2026-05-29 23:52:07,680 | ⚠ POSSIBLE PORT SCAN DETECTED
2026-05-29 23:52:08,542 | ⚠ POSSIBLE PORT SCAN DETECTED
2026-05-29 23:52:08,652 | ⚠ POSSIBLE PORT SCAN DETECTED
2026-05-29 23:52:09,660 | ⚠ POSSIBLE PORT SCAN DETECTED
2026-05-29 23:52:10,682 | ⚠ POSSIBLE PORT SCAN DETECTED
2026-05-29 23:52:11,691 | ⚠ POSSIBLE PORT SCAN DETECTED
2026-05-29 23:52:12,694 | ⚠ POSSIBLE PORT SCAN DETECTED
2026-05-29 23:52:12,697 | ⚠ POSSIBLE PORT SCAN DETECTED
2026-05-29 23:52:13,705 | ⚠ POSSIBLE PORT SCAN DETECTED
2026-05-29 23:52:14,712 | ⚠ POSSIBLE PORT SCAN DETECTED
2026-05-29 23:52:15,720 | ⚠ POSSIBLE PORT SCAN DETECTED
2026-05-29 23:52:16,730 | ⚠ POSSIBLE PORT SCAN DETECTED
2026-05-29 23:52:17,710 | ⚠ POSSIBLE PORT SCAN DETECTED
2026-05-29 23:52:17,741 | ⚠ POSSIBLE PORT SCAN DETECTED
2026-05-29 23:52:18,753 | ⚠ POSSIBLE PORT SCAN DETECTED
2026-05-29 23:52:19,765 | ⚠ POSSIBLE PORT SCAN DETECTED
2026-05-29 23:52:20,778 | ⚠ POSSIBLE PORT SCAN DETECTED
2026-05-29 23:52:21,790 | ⚠ POSSIBLE PORT SCAN DETECTED
2026-05-29 23:52:22,723 | ⚠ POSSIBLE PORT SCAN DETECTED
2026-05-29 23:52:22,817 | ⚠ POSSIBLE PORT SCAN DETECTED
2026-05-29 23:52:23,829 | ⚠ POSSIBLE PORT SCAN DETECTED
2026-05-29 23:52:24,848 | ⚠ POSSIBLE PORT SCAN DETECTED
2026-05-29 23:52:25,860 | ⚠ POSSIBLE PORT SCAN DETECTED
2026-05-29 23:52:26,871 | ⚠ POSSIBLE PORT SCAN DETECTED
2026-05-29 23:52:27,739 | ⚠ POSSIBLE PORT SCAN DETECTED
2026-05-29 23:52:27,880 | ⚠ POSSIBLE PORT SCAN DETECTED
2026-05-29 23:52:28,448 | ⚠ POSSIBLE PORT SCAN DETECTED
2026-05-29 23:52:28,890 | ⚠ POSSIBLE PORT SCAN DETECTED
2026-05-29 23:52:29,899 | ⚠ POSSIBLE PORT SCAN DETECTED
2026-05-29 23:52:30,537 | ⚠ POSSIBLE PORT SCAN DETECTED
2026-05-29 23:52:30,907 | ⚠ POSSIBLE PORT SCAN DETECTED
2026-05-29 23:52:31,910 | ⚠ POSSIBLE PORT SCAN DETECTED
2026-05-29 23:52:32,747 | ⚠ POSSIBLE PORT SCAN DETECTED
2026-05-29 23:52:32,917 | ⚠ POSSIBLE PORT SCAN DETECTED
2026-05-29 23:52:33,925 | ⚠ POSSIBLE PORT SCAN DETECTED
2026-05-29 23:52:34,932 | ⚠ POSSIBLE PORT SCAN DETECTED
2026-05-29 23:52:35,940 | ⚠ POSSIBLE PORT SCAN DETECTED
2026-05-29 23:52:36,949 | ⚠ POSSIBLE PORT SCAN DETECTED
2026-05-29 23:52:37,761 | ⚠ POSSIBLE PORT SCAN DETECTED
2026-05-29 23:52:37,959 | ⚠ POSSIBLE PORT SCAN DETECTED
2026-05-29 23:52:38,965 | ⚠ POSSIBLE PORT SCAN DETECTED
2026-05-29 23:52:39,977 | ⚠ POSSIBLE PORT SCAN DETECTED
2026-05-29 23:52:40,988 | ⚠ POSSIBLE PORT SCAN DETECTED
2026-05-29 23:52:41,999 | ⚠ POSSIBLE PORT SCAN DETECTED
2026-05-29 23:52:42,770 | ⚠ POSSIBLE PORT SCAN DETECTED
2026-05-29 23:52:43,006 | ⚠ POSSIBLE PORT SCAN DETECTED
2026-05-29 23:52:44,011 | ⚠ POSSIBLE PORT SCAN DETECTED
2026-05-29 23:52:45,024 | ⚠ POSSIBLE PORT SCAN DETECTED
2026-05-29 23:52:46,034 | ⚠ POSSIBLE PORT SCAN DETECTED
2026-05-29 23:52:47,044 | ⚠ POSSIBLE PORT SCAN DETECTED
2026-05-29 23:52:47,784 | ⚠ POSSIBLE PORT SCAN DETECTED
2026-05-29 23:52:48,053 | ⚠ POSSIBLE PORT SCAN DETECTED
2026-05-29 23:52:49,058 | ⚠ POSSIBLE PORT SCAN DETECTED
2026-05-29 23:52:50,064 | ⚠ POSSIBLE PORT SCAN DETECTED
2026-05-29 23:52:51,073 | ⚠ POSSIBLE PORT SCAN DETECTED
2026-05-29 23:52:52,079 | ⚠ POSSIBLE PORT SCAN DETECTED
2026-05-29 23:52:52,798 | ⚠ POSSIBLE PORT SCAN DETECTED
2026-05-29 23:52:53,087 | ⚠ POSSIBLE PORT SCAN DETECTED
2026-05-29 23:52:54,094 | ⚠ POSSIBLE PORT SCAN DETECTED
2026-05-29 23:52:55,102 | ⚠ POSSIBLE PORT SCAN DETECTED
2026-05-29 23:52:56,110 | ⚠ POSSIBLE PORT SCAN DETECTED
2026-05-29 23:52:57,116 | ⚠ POSSIBLE PORT SCAN DETECTED
2026-05-29 23:52:57,806 | ⚠ POSSIBLE PORT SCAN DETECTED
2026-05-29 23:52:58,124 | ⚠ POSSIBLE PORT SCAN DETECTED
2026-05-29 23:52:59,130 | ⚠ POSSIBLE PORT SCAN DETECTED
2026-05-29 23:53:00,142 | ⚠ POSSIBLE PORT SCAN DETECTED
2026-05-29 23:53:01,153 | ⚠ POSSIBLE PORT SCAN DETECTED
2026-05-29 23:53:01,157 | ⚠ POSSIBLE PORT SCAN DETECTED
2026-05-29 23:53:02,184 | ⚠ POSSIBLE PORT SCAN DETECTED
2026-05-29 23:53:02,821 | ⚠ POSSIBLE PORT SCAN DETECTED
2026-05-29 23:53:03,192 | ⚠ POSSIBLE PORT SCAN DETECTED
2026-05-29 23:53:04,202 | ⚠ POSSIBLE PORT SCAN DETECTED
2026-05-29 23:53:05,213 | ⚠ POSSIBLE PORT SCAN DETECTED
2026-05-29 23:53:06,222 | ⚠ POSSIBLE PORT SCAN DETECTED
2026-05-29 23:53:07,234 | ⚠ POSSIBLE PORT SCAN DETECTED
2026-05-29 23:53:07,833 | ⚠ POSSIBLE PORT SCAN DETECTED
2026-05-29 23:53:08,244 | ⚠ POSSIBLE PORT SCAN DETECTED
2026-05-29 23:53:09,261 | ⚠ POSSIBLE PORT SCAN DETECTED
2026-05-29 23:53:10,274 | ⚠ POSSIBLE PORT SCAN DETECTED
2026-05-29 23:53:11,283 | ⚠ POSSIBLE PORT SCAN DETECTED
2026-05-29 23:53:12,290 | ⚠ POSSIBLE PORT SCAN DETECTED
2026-05-29 23:53:12,854 | ⚠ POSSIBLE PORT SCAN DETECTED
2026-05-29 23:53:13,341 | ⚠ POSSIBLE PORT SCAN DETECTED
2026-05-29 23:53:14,348 | ⚠ POSSIBLE PORT SCAN DETECTED
2026-05-29 23:53:15,356 | ⚠ POSSIBLE PORT SCAN DETECTED
2026-05-29 23:53:16,360 | ⚠ POSSIBLE PORT SCAN DETECTED
2026-05-29 23:53:17,363 | ⚠ POSSIBLE PORT SCAN DETECTED
2026-05-29 23:53:17,868 | ⚠ POSSIBLE PORT SCAN DETECTED
2026-05-29 23:53:18,366 | ⚠ POSSIBLE PORT SCAN DETECTED
2026-05-29 23:53:19,369 | ⚠ POSSIBLE PORT SCAN DETECTED
2026-05-29 23:53:20,372 | ⚠ POSSIBLE PORT SCAN DETECTED
2026-05-29 23:53:21,377 | ⚠ POSSIBLE PORT SCAN DETECTED
2026-05-29 23:53:22,380 | ⚠ POSSIBLE PORT SCAN DETECTED
2026-05-29 23:53:22,877 | ⚠ BANDWIDTH SPIKE DETECTED
2026-05-29 23:53:22,878 | ⚠ POSSIBLE PORT SCAN DETECTED
2026-05-29 23:53:23,400 | ⚠ POSSIBLE PORT SCAN DETECTED
2026-05-29 23:53:24,409 | ⚠ POSSIBLE PORT SCAN DETECTED
2026-05-29 23:53:25,414 | ⚠ POSSIBLE PORT SCAN DETECTED
2026-05-29 23:53:26,420 | ⚠ POSSIBLE PORT SCAN DETECTED
2026-05-29 23:53:27,425 | ⚠ POSSIBLE PORT SCAN DETECTED
2026-05-29 23:53:27,883 | ⚠ BANDWIDTH SPIKE DETECTED
2026-05-29 23:53:27,883 | ⚠ POSSIBLE PORT SCAN DETECTED
2026-05-29 23:53:28,441 | ⚠ POSSIBLE PORT SCAN DETECTED
2026-05-29 23:53:29,449 | ⚠ POSSIBLE PORT SCAN DETECTED
2026-05-29 23:53:30,458 | ⚠ POSSIBLE PORT SCAN DETECTED
2026-05-29 23:53:31,464 | ⚠ POSSIBLE PORT SCAN DETECTED
2026-05-29 23:53:31,797 | ⚠ POSSIBLE PORT SCAN DETECTED
2026-05-29 23:53:32,470 | ⚠ POSSIBLE PORT SCAN DETECTED
2026-05-29 23:53:32,893 | ⚠ BANDWIDTH SPIKE DETECTED
2026-05-29 23:53:32,893 | ⚠ POSSIBLE PORT SCAN DETECTED
2026-05-29 23:53:33,472 | ⚠ POSSIBLE PORT SCAN DETECTED
2026-05-29 23:53:34,479 | ⚠ POSSIBLE PORT SCAN DETECTED
2026-05-29 23:53:35,488 | ⚠ POSSIBLE PORT SCAN DETECTED
2026-05-29 23:53:36,495 | ⚠ POSSIBLE PORT SCAN DETECTED
2026-05-29 23:53:37,511 | ⚠ POSSIBLE PORT SCAN DETECTED
2026-05-29 23:53:37,902 | ⚠ BANDWIDTH SPIKE DETECTED
2026-05-29 23:53:37,903 | ⚠ POSSIBLE PORT SCAN DETECTED
2026-05-29 23:53:38,514 | ⚠ POSSIBLE PORT SCAN DETECTED
2026-05-29 23:53:39,518 | ⚠ POSSIBLE PORT SCAN DETECTED
2026-05-29 23:53:40,526 | ⚠ POSSIBLE PORT SCAN DETECTED
2026-05-29 23:53:41,533 | ⚠ POSSIBLE PORT SCAN DETECTED
2026-05-29 23:53:42,542 | ⚠ POSSIBLE PORT SCAN DETECTED
2026-05-29 23:53:42,912 | ⚠ BANDWIDTH SPIKE DETECTED
2026-05-29 23:53:42,912 | ⚠ POSSIBLE PORT SCAN DETECTED
2026-05-29 23:53:43,547 | ⚠ POSSIBLE PORT SCAN DETECTED
2026-05-29 23:53:44,552 | ⚠ POSSIBLE PORT SCAN DETECTED
2026-05-29 23:53:45,560 | ⚠ POSSIBLE PORT SCAN DETECTED
2026-05-29 23:53:46,564 | ⚠ POSSIBLE PORT SCAN DETECTED
2026-05-29 23:53:47,570 | ⚠ POSSIBLE PORT SCAN DETECTED
2026-05-29 23:53:47,921 | ⚠ BANDWIDTH SPIKE DETECTED
2026-05-29 23:53:47,921 | ⚠ POSSIBLE PORT SCAN DETECTED
2026-05-29 23:53:48,578 | ⚠ POSSIBLE PORT SCAN DETECTED
2026-05-29 23:53:48,839 | ⚠ POSSIBLE PORT SCAN DETECTED
2026-05-29 23:53:49,590 | ⚠ POSSIBLE PORT SCAN DETECTED
2026-05-29 23:53:50,596 | ⚠ POSSIBLE PORT SCAN DETECTED
2026-05-29 23:53:51,603 | ⚠ POSSIBLE PORT SCAN DETECTED
2026-05-29 23:53:52,609 | ⚠ POSSIBLE PORT SCAN DETECTED
2026-05-29 23:53:52,926 | ⚠ BANDWIDTH SPIKE DETECTED
2026-05-29 23:53:52,926 | ⚠ POSSIBLE PORT SCAN DETECTED
2026-05-29 23:53:53,615 | ⚠ POSSIBLE PORT SCAN DETECTED
2026-05-29 23:53:54,622 | ⚠ POSSIBLE PORT SCAN DETECTED
2026-05-29 23:53:55,628 | ⚠ POSSIBLE PORT SCAN DETECTED
2026-05-29 23:53:56,635 | ⚠ POSSIBLE PORT SCAN DETECTED
2026-05-29 23:53:57,638 | ⚠ POSSIBLE PORT SCAN DETECTED
2026-05-29 23:53:57,937 | ⚠ BANDWIDTH SPIKE DETECTED
2026-05-29 23:53:57,938 | ⚠ POSSIBLE PORT SCAN DETECTED
2026-05-29 23:53:58,645 | ⚠ POSSIBLE PORT SCAN DETECTED
2026-05-29 23:53:59,653 | ⚠ POSSIBLE PORT SCAN DETECTED
2026-05-29 23:54:00,657 | ⚠ POSSIBLE PORT SCAN DETECTED
2026-05-29 23:54:01,662 | ⚠ POSSIBLE PORT SCAN DETECTED
2026-05-29 23:54:02,465 | ⚠ POSSIBLE PORT SCAN DETECTED
2026-05-29 23:54:02,673 | ⚠ POSSIBLE PORT SCAN DETECTED
2026-05-29 23:54:02,943 | ⚠ BANDWIDTH SPIKE DETECTED
2026-05-29 23:54:02,944 | ⚠ POSSIBLE PORT SCAN DETECTED
2026-05-29 23:54:03,745 | ⚠ POSSIBLE PORT SCAN DETECTED
2026-05-29 23:54:04,754 | ⚠ POSSIBLE PORT SCAN DETECTED
2026-05-29 23:54:05,762 | ⚠ POSSIBLE PORT SCAN DETECTED
2026-05-29 23:54:06,770 | ⚠ POSSIBLE PORT SCAN DETECTED
2026-05-29 23:54:07,776 | ⚠ POSSIBLE PORT SCAN DETECTED
2026-05-29 23:54:07,951 | ⚠ BANDWIDTH SPIKE DETECTED
2026-05-29 23:54:07,952 | ⚠ POSSIBLE PORT SCAN DETECTED
2026-05-29 23:54:08,782 | ⚠ POSSIBLE PORT SCAN DETECTED
2026-05-29 23:54:09,788 | ⚠ POSSIBLE PORT SCAN DETECTED
2026-05-29 23:54:10,794 | ⚠ POSSIBLE PORT SCAN DETECTED
2026-05-29 23:54:11,798 | ⚠ POSSIBLE PORT SCAN DETECTED
2026-05-29 23:54:12,804 | ⚠ POSSIBLE PORT SCAN DETECTED
2026-05-29 23:54:12,962 | ⚠ BANDWIDTH SPIKE DETECTED
2026-05-29 23:54:12,962 | ⚠ POSSIBLE PORT SCAN DETECTED
2026-05-29 23:54:13,812 | ⚠ POSSIBLE PORT SCAN DETECTED
2026-05-29 23:54:14,821 | ⚠ POSSIBLE PORT SCAN DETECTED
2026-05-29 23:54:15,829 | ⚠ POSSIBLE PORT SCAN DETECTED
2026-05-29 23:54:16,834 | ⚠ POSSIBLE PORT SCAN DETECTED
2026-05-29 23:54:17,842 | ⚠ POSSIBLE PORT SCAN DETECTED
2026-05-29 23:54:17,974 | ⚠ BANDWIDTH SPIKE DETECTED
2026-05-29 23:54:17,975 | ⚠ POSSIBLE PORT SCAN DETECTED
2026-05-29 23:54:18,847 | ⚠ POSSIBLE PORT SCAN DETECTED
2026-05-29 23:54:19,851 | ⚠ POSSIBLE PORT SCAN DETECTED
2026-05-29 23:54:20,859 | ⚠ POSSIBLE PORT SCAN DETECTED
2026-05-29 23:54:21,879 | ⚠ POSSIBLE PORT SCAN DETECTED
2026-05-29 23:54:22,885 | ⚠ POSSIBLE PORT SCAN DETECTED
2026-05-29 23:54:22,984 | ⚠ BANDWIDTH SPIKE DETECTED
2026-05-29 23:54:22,984 | ⚠ POSSIBLE PORT SCAN DETECTED
2026-05-29 23:54:23,893 | ⚠ POSSIBLE PORT SCAN DETECTED
2026-05-29 23:54:24,898 | ⚠ POSSIBLE PORT SCAN DETECTED
2026-05-29 23:54:25,910 | ⚠ POSSIBLE PORT SCAN DETECTED
2026-05-29 23:54:26,915 | ⚠ POSSIBLE PORT SCAN DETECTED
2026-05-29 23:54:27,922 | ⚠ POSSIBLE PORT SCAN DETECTED
2026-05-29 23:54:27,994 | ⚠ BANDWIDTH SPIKE DETECTED
2026-05-29 23:54:27,994 | ⚠ POSSIBLE PORT SCAN DETECTED
2026-05-29 23:54:28,929 | ⚠ POSSIBLE PORT SCAN DETECTED
2026-05-29 23:54:29,936 | ⚠ POSSIBLE PORT SCAN DETECTED
2026-05-29 23:54:30,940 | ⚠ POSSIBLE PORT SCAN DETECTED
2026-05-29 23:54:31,946 | ⚠ POSSIBLE PORT SCAN DETECTED
2026-05-29 23:54:32,956 | ⚠ POSSIBLE PORT SCAN DETECTED
2026-05-29 23:54:33,004 | ⚠ BANDWIDTH SPIKE DETECTED
2026-05-29 23:54:33,004 | ⚠ POSSIBLE PORT SCAN DETECTED
2026-05-29 23:54:33,308 | ⚠ POSSIBLE PORT SCAN DETECTED
2026-05-29 23:54:33,962 | ⚠ POSSIBLE PORT SCAN DETECTED
2026-05-29 23:54:34,965 | ⚠ POSSIBLE PORT SCAN DETECTED
2026-05-29 23:54:35,970 | ⚠ POSSIBLE PORT SCAN DETECTED
2026-05-29 23:54:36,977 | ⚠ POSSIBLE PORT SCAN DETECTED
2026-05-29 23:54:37,982 | ⚠ POSSIBLE PORT SCAN DETECTED
2026-05-29 23:54:38,016 | ⚠ BANDWIDTH SPIKE DETECTED
2026-05-29 23:54:38,016 | ⚠ POSSIBLE PORT SCAN DETECTED
2026-05-29 23:54:38,989 | ⚠ POSSIBLE PORT SCAN DETECTED
2026-05-29 23:54:39,996 | ⚠ POSSIBLE PORT SCAN DETECTED
2026-05-29 23:54:41,005 | ⚠ POSSIBLE PORT SCAN DETECTED
2026-05-29 23:54:42,011 | ⚠ POSSIBLE PORT SCAN DETECTED
2026-05-29 23:54:43,017 | ⚠ POSSIBLE PORT SCAN DETECTED
2026-05-29 23:54:43,024 | ⚠ POSSIBLE PORT SCAN DETECTED
2026-05-29 23:54:44,034 | ⚠ POSSIBLE PORT SCAN DETECTED
2026-05-29 23:54:45,076 | ⚠ POSSIBLE PORT SCAN DETECTED
2026-05-29 23:54:46,081 | ⚠ POSSIBLE PORT SCAN DETECTED
2026-05-29 23:54:47,089 | ⚠ POSSIBLE PORT SCAN DETECTED
2026-05-29 23:54:48,038 | ⚠ BANDWIDTH SPIKE DETECTED
2026-05-29 23:54:48,038 | ⚠ POSSIBLE PORT SCAN DETECTED
2026-05-29 23:54:48,095 | ⚠ POSSIBLE PORT SCAN DETECTED
2026-05-29 23:54:49,099 | ⚠ POSSIBLE PORT SCAN DETECTED
2026-05-29 23:54:50,104 | ⚠ POSSIBLE PORT SCAN DETECTED
2026-05-29 23:54:51,112 | ⚠ POSSIBLE PORT SCAN DETECTED
2026-05-29 23:54:52,121 | ⚠ POSSIBLE PORT SCAN DETECTED
2026-05-29 23:54:53,078 | ⚠ BANDWIDTH SPIKE DETECTED
2026-05-29 23:54:53,078 | ⚠ POSSIBLE PORT SCAN DETECTED
2026-05-29 23:54:53,130 | ⚠ POSSIBLE PORT SCAN DETECTED
2026-05-29 23:54:54,133 | ⚠ POSSIBLE PORT SCAN DETECTED
2026-05-29 23:54:55,138 | ⚠ POSSIBLE PORT SCAN DETECTED
2026-05-29 23:54:56,145 | ⚠ POSSIBLE PORT SCAN DETECTED
2026-05-29 23:54:57,154 | ⚠ POSSIBLE PORT SCAN DETECTED
2026-05-29 23:54:58,086 | ⚠ BANDWIDTH SPIKE DETECTED
2026-05-29 23:54:58,086 | ⚠ POSSIBLE PORT SCAN DETECTED
2026-05-29 23:54:58,161 | ⚠ POSSIBLE PORT SCAN DETECTED
2026-05-29 23:54:59,187 | ⚠ POSSIBLE PORT SCAN DETECTED
2026-05-29 23:55:00,194 | ⚠ POSSIBLE PORT SCAN DETECTED
2026-05-29 23:55:01,199 | ⚠ POSSIBLE PORT SCAN DETECTED
2026-05-29 23:55:02,207 | ⚠ POSSIBLE PORT SCAN DETECTED
2026-05-29 23:55:03,103 | ⚠ BANDWIDTH SPIKE DETECTED
2026-05-29 23:55:03,103 | ⚠ POSSIBLE PORT SCAN DETECTED
2026-05-29 23:55:03,213 | ⚠ POSSIBLE PORT SCAN DETECTED
2026-05-29 23:55:03,885 | ⚠ POSSIBLE PORT SCAN DETECTED
2026-05-29 23:55:04,215 | ⚠ POSSIBLE PORT SCAN DETECTED
2026-05-29 23:55:05,221 | ⚠ POSSIBLE PORT SCAN DETECTED
2026-05-29 23:55:06,230 | ⚠ POSSIBLE PORT SCAN DETECTED
2026-05-29 23:55:07,237 | ⚠ POSSIBLE PORT SCAN DETECTED
2026-05-29 23:55:08,130 | ⚠ BANDWIDTH SPIKE DETECTED
2026-05-29 23:55:08,130 | ⚠ POSSIBLE PORT SCAN DETECTED
2026-05-29 23:55:08,250 | ⚠ POSSIBLE PORT SCAN DETECTED
2026-05-29 23:55:09,279 | ⚠ POSSIBLE PORT SCAN DETECTED
2026-05-29 23:55:10,291 | ⚠ POSSIBLE PORT SCAN DETECTED
2026-05-29 23:55:11,303 | ⚠ POSSIBLE PORT SCAN DETECTED
2026-05-29 23:55:12,312 | ⚠ POSSIBLE PORT SCAN DETECTED
2026-05-29 23:55:13,163 | ⚠ BANDWIDTH SPIKE DETECTED
2026-05-29 23:55:13,164 | ⚠ POSSIBLE PORT SCAN DETECTED
2026-05-29 23:55:13,322 | ⚠ POSSIBLE PORT SCAN DETECTED
2026-05-29 23:55:14,366 | ⚠ POSSIBLE PORT SCAN DETECTED
2026-05-29 23:55:15,375 | ⚠ POSSIBLE PORT SCAN DETECTED
2026-05-29 23:55:16,380 | ⚠ POSSIBLE PORT SCAN DETECTED
2026-05-29 23:55:17,387 | ⚠ POSSIBLE PORT SCAN DETECTED
2026-05-29 23:55:18,208 | ⚠ BANDWIDTH SPIKE DETECTED
2026-05-29 23:55:18,208 | ⚠ POSSIBLE PORT SCAN DETECTED
2026-05-29 23:55:18,394 | ⚠ POSSIBLE PORT SCAN DETECTED
2026-05-29 23:55:19,400 | ⚠ POSSIBLE PORT SCAN DETECTED
2026-05-29 23:55:20,409 | ⚠ POSSIBLE PORT SCAN DETECTED
2026-05-29 23:55:21,415 | ⚠ POSSIBLE PORT SCAN DETECTED
2026-05-29 23:55:22,421 | ⚠ POSSIBLE PORT SCAN DETECTED
2026-05-29 23:55:23,221 | ⚠ BANDWIDTH SPIKE DETECTED
2026-05-29 23:55:23,221 | ⚠ POSSIBLE PORT SCAN DETECTED
2026-05-29 23:55:23,429 | ⚠ POSSIBLE PORT SCAN DETECTED
2026-05-29 23:55:24,438 | ⚠ POSSIBLE PORT SCAN DETECTED
2026-05-29 23:55:25,447 | ⚠ POSSIBLE PORT SCAN DETECTED
2026-05-29 23:55:26,456 | ⚠ POSSIBLE PORT SCAN DETECTED
2026-05-29 23:55:27,470 | ⚠ POSSIBLE PORT SCAN DETECTED
2026-05-29 23:55:28,226 | ⚠ BANDWIDTH SPIKE DETECTED
2026-05-29 23:55:28,226 | ⚠ POSSIBLE PORT SCAN DETECTED
2026-05-29 23:55:28,475 | ⚠ POSSIBLE PORT SCAN DETECTED
2026-05-29 23:55:29,482 | ⚠ POSSIBLE PORT SCAN DETECTED
2026-05-29 23:55:30,490 | ⚠ POSSIBLE PORT SCAN DETECTED
2026-05-29 23:55:31,494 | ⚠ POSSIBLE PORT SCAN DETECTED
2026-05-29 23:55:32,515 | ⚠ POSSIBLE PORT SCAN DETECTED
2026-05-29 23:55:33,238 | ⚠ BANDWIDTH SPIKE DETECTED
2026-05-29 23:55:33,238 | ⚠ POSSIBLE PORT SCAN DETECTED
2026-05-29 23:55:33,519 | ⚠ POSSIBLE PORT SCAN DETECTED
2026-05-29 23:55:34,491 | ⚠ POSSIBLE PORT SCAN DETECTED
2026-05-29 23:55:34,534 | ⚠ POSSIBLE PORT SCAN DETECTED
2026-05-29 23:55:35,548 | ⚠ POSSIBLE PORT SCAN DETECTED
2026-05-29 23:55:36,555 | ⚠ POSSIBLE PORT SCAN DETECTED
2026-05-29 23:55:37,562 | ⚠ POSSIBLE PORT SCAN DETECTED
2026-05-29 23:55:38,245 | ⚠ POSSIBLE PORT SCAN DETECTED
2026-05-29 23:55:38,567 | ⚠ POSSIBLE PORT SCAN DETECTED
2026-05-29 23:55:39,575 | ⚠ POSSIBLE PORT SCAN DETECTED
2026-05-29 23:55:40,589 | ⚠ POSSIBLE PORT SCAN DETECTED
2026-05-29 23:55:41,597 | ⚠ POSSIBLE PORT SCAN DETECTED
2026-05-29 23:55:42,603 | ⚠ POSSIBLE PORT SCAN DETECTED
2026-05-29 23:55:43,256 | ⚠ BANDWIDTH SPIKE DETECTED
2026-05-29 23:55:43,257 | ⚠ POSSIBLE PORT SCAN DETECTED
2026-05-29 23:55:43,609 | ⚠ POSSIBLE PORT SCAN DETECTED
2026-05-29 23:55:44,615 | ⚠ POSSIBLE PORT SCAN DETECTED
2026-05-29 23:55:45,623 | ⚠ POSSIBLE PORT SCAN DETECTED
2026-05-29 23:55:46,630 | ⚠ POSSIBLE PORT SCAN DETECTED
2026-05-29 23:55:47,637 | ⚠ POSSIBLE PORT SCAN DETECTED
2026-05-29 23:55:48,309 | ⚠ BANDWIDTH SPIKE DETECTED
2026-05-29 23:55:48,309 | ⚠ POSSIBLE PORT SCAN DETECTED
2026-05-29 23:55:48,643 | ⚠ POSSIBLE PORT SCAN DETECTED
2026-05-29 23:55:49,649 | ⚠ POSSIBLE PORT SCAN DETECTED
2026-05-29 23:55:50,655 | ⚠ POSSIBLE PORT SCAN DETECTED
2026-05-29 23:55:51,668 | ⚠ POSSIBLE PORT SCAN DETECTED
2026-05-29 23:55:52,680 | ⚠ POSSIBLE PORT SCAN DETECTED
2026-05-29 23:55:53,316 | ⚠ BANDWIDTH SPIKE DETECTED
2026-05-29 23:55:53,316 | ⚠ POSSIBLE PORT SCAN DETECTED
2026-05-29 23:55:53,687 | ⚠ POSSIBLE PORT SCAN DETECTED
2026-05-29 23:55:54,697 | ⚠ POSSIBLE PORT SCAN DETECTED
2026-05-29 23:55:55,705 | ⚠ POSSIBLE PORT SCAN DETECTED
2026-05-29 23:55:56,711 | ⚠ POSSIBLE PORT SCAN DETECTED
2026-05-29 23:55:57,717 | ⚠ POSSIBLE PORT SCAN DETECTED
2026-05-29 23:55:58,343 | ⚠ BANDWIDTH SPIKE DETECTED
2026-05-29 23:55:58,344 | ⚠ POSSIBLE PORT SCAN DETECTED
2026-05-29 23:55:58,723 | ⚠ POSSIBLE PORT SCAN DETECTED
2026-05-29 23:55:59,759 | ⚠ POSSIBLE PORT SCAN DETECTED
2026-05-29 23:56:00,764 | ⚠ POSSIBLE PORT SCAN DETECTED
2026-05-29 23:56:01,775 | ⚠ POSSIBLE PORT SCAN DETECTED
2026-05-29 23:56:02,781 | ⚠ POSSIBLE PORT SCAN DETECTED
2026-05-29 23:56:03,372 | ⚠ BANDWIDTH SPIKE DETECTED
2026-05-29 23:56:03,374 | ⚠ POSSIBLE PORT SCAN DETECTED
2026-05-29 23:56:03,787 | ⚠ POSSIBLE PORT SCAN DETECTED
2026-05-29 23:56:04,791 | ⚠ POSSIBLE PORT SCAN DETECTED
2026-05-29 23:56:05,260 | ⚠ POSSIBLE PORT SCAN DETECTED
2026-05-29 23:56:05,798 | ⚠ POSSIBLE PORT SCAN DETECTED
2026-05-29 23:56:06,801 | ⚠ POSSIBLE PORT SCAN DETECTED
2026-05-29 23:56:07,821 | ⚠ POSSIBLE PORT SCAN DETECTED
2026-05-29 23:56:08,408 | ⚠ BANDWIDTH SPIKE DETECTED
2026-05-29 23:56:08,409 | ⚠ POSSIBLE PORT SCAN DETECTED
2026-05-29 23:56:08,828 | ⚠ POSSIBLE PORT SCAN DETECTED
2026-05-29 23:56:09,834 | ⚠ POSSIBLE PORT SCAN DETECTED
2026-05-29 23:56:10,843 | ⚠ POSSIBLE PORT SCAN DETECTED
2026-05-29 23:56:11,847 | ⚠ POSSIBLE PORT SCAN DETECTED
2026-05-29 23:56:12,850 | ⚠ POSSIBLE PORT SCAN DETECTED
2026-05-29 23:56:13,418 | ⚠ BANDWIDTH SPIKE DETECTED
2026-05-29 23:56:13,419 | ⚠ POSSIBLE PORT SCAN DETECTED
2026-05-29 23:56:13,858 | ⚠ POSSIBLE PORT SCAN DETECTED
2026-05-29 23:56:14,870 | ⚠ POSSIBLE PORT SCAN DETECTED
2026-05-29 23:56:15,876 | ⚠ POSSIBLE PORT SCAN DETECTED
2026-05-29 23:56:16,882 | ⚠ POSSIBLE PORT SCAN DETECTED
2026-05-29 23:56:17,888 | ⚠ POSSIBLE PORT SCAN DETECTED
2026-05-29 23:56:18,426 | ⚠ BANDWIDTH SPIKE DETECTED
2026-05-29 23:56:18,426 | ⚠ POSSIBLE PORT SCAN DETECTED
2026-05-29 23:56:18,895 | ⚠ POSSIBLE PORT SCAN DETECTED
2026-05-29 23:56:19,905 | ⚠ POSSIBLE PORT SCAN DETECTED
2026-05-29 23:56:20,912 | ⚠ POSSIBLE PORT SCAN DETECTED
2026-05-29 23:56:21,937 | ⚠ POSSIBLE PORT SCAN DETECTED
2026-05-29 23:56:22,946 | ⚠ POSSIBLE PORT SCAN DETECTED
2026-05-29 23:56:23,436 | ⚠ BANDWIDTH SPIKE DETECTED
2026-05-29 23:56:23,436 | ⚠ POSSIBLE PORT SCAN DETECTED
2026-05-29 23:56:23,954 | ⚠ POSSIBLE PORT SCAN DETECTED
2026-05-29 23:56:24,961 | ⚠ POSSIBLE PORT SCAN DETECTED
2026-05-29 23:56:25,964 | ⚠ POSSIBLE PORT SCAN DETECTED
2026-05-29 23:56:26,974 | ⚠ POSSIBLE PORT SCAN DETECTED
2026-05-29 23:56:27,980 | ⚠ POSSIBLE PORT SCAN DETECTED
2026-05-29 23:56:28,444 | ⚠ BANDWIDTH SPIKE DETECTED
2026-05-29 23:56:28,444 | ⚠ POSSIBLE PORT SCAN DETECTED
2026-05-29 23:56:28,983 | ⚠ POSSIBLE PORT SCAN DETECTED
2026-05-29 23:56:29,986 | ⚠ POSSIBLE PORT SCAN DETECTED
2026-05-29 23:56:31,019 | ⚠ POSSIBLE PORT SCAN DETECTED
2026-05-29 23:56:32,027 | ⚠ POSSIBLE PORT SCAN DETECTED
2026-05-29 23:56:33,031 | ⚠ POSSIBLE PORT SCAN DETECTED
2026-05-29 23:56:33,455 | ⚠ BANDWIDTH SPIKE DETECTED
2026-05-29 23:56:33,455 | ⚠ POSSIBLE PORT SCAN DETECTED
2026-05-29 23:56:34,042 | ⚠ POSSIBLE PORT SCAN DETECTED
2026-05-29 23:56:35,052 | ⚠ POSSIBLE PORT SCAN DETECTED
2026-05-29 23:56:35,840 | ⚠ POSSIBLE PORT SCAN DETECTED
2026-05-29 23:56:36,057 | ⚠ POSSIBLE PORT SCAN DETECTED
2026-05-29 23:56:37,060 | ⚠ POSSIBLE PORT SCAN DETECTED
2026-05-29 23:56:38,066 | ⚠ POSSIBLE PORT SCAN DETECTED
2026-05-29 23:56:38,461 | ⚠ BANDWIDTH SPIKE DETECTED
2026-05-29 23:56:38,461 | ⚠ POSSIBLE PORT SCAN DETECTED
2026-05-29 23:56:39,075 | ⚠ POSSIBLE PORT SCAN DETECTED
2026-05-29 23:56:40,083 | ⚠ POSSIBLE PORT SCAN DETECTED
2026-05-29 23:56:41,091 | ⚠ POSSIBLE PORT SCAN DETECTED
2026-05-29 23:56:42,098 | ⚠ POSSIBLE PORT SCAN DETECTED
2026-05-29 23:56:43,106 | ⚠ POSSIBLE PORT SCAN DETECTED
2026-05-29 23:56:43,472 | ⚠ BANDWIDTH SPIKE DETECTED
2026-05-29 23:56:43,473 | ⚠ POSSIBLE PORT SCAN DETECTED
2026-05-29 23:56:44,114 | ⚠ POSSIBLE PORT SCAN DETECTED
2026-05-29 23:56:45,124 | ⚠ POSSIBLE PORT SCAN DETECTED
2026-05-29 23:56:46,134 | ⚠ POSSIBLE PORT SCAN DETECTED
2026-05-29 23:56:47,158 | ⚠ POSSIBLE PORT SCAN DETECTED
2026-05-29 23:56:48,165 | ⚠ POSSIBLE PORT SCAN DETECTED
2026-05-29 23:56:48,481 | ⚠ BANDWIDTH SPIKE DETECTED
2026-05-29 23:56:48,482 | ⚠ POSSIBLE PORT SCAN DETECTED
2026-05-29 23:56:49,174 | ⚠ POSSIBLE PORT SCAN DETECTED
2026-05-29 23:56:50,179 | ⚠ POSSIBLE PORT SCAN DETECTED
2026-05-29 23:56:51,183 | ⚠ POSSIBLE PORT SCAN DETECTED
2026-05-29 23:56:52,193 | ⚠ POSSIBLE PORT SCAN DETECTED
2026-05-29 23:56:53,198 | ⚠ POSSIBLE PORT SCAN DETECTED
2026-05-29 23:56:53,498 | ⚠ BANDWIDTH SPIKE DETECTED
2026-05-29 23:56:53,498 | ⚠ POSSIBLE PORT SCAN DETECTED
2026-05-29 23:56:54,209 | ⚠ POSSIBLE PORT SCAN DETECTED
2026-05-29 23:56:55,216 | ⚠ POSSIBLE PORT SCAN DETECTED
2026-05-29 23:56:56,224 | ⚠ POSSIBLE PORT SCAN DETECTED
2026-05-29 23:56:57,231 | ⚠ POSSIBLE PORT SCAN DETECTED
2026-05-29 23:56:58,238 | ⚠ POSSIBLE PORT SCAN DETECTED
2026-05-29 23:56:58,504 | ⚠ BANDWIDTH SPIKE DETECTED
2026-05-29 23:56:58,504 | ⚠ POSSIBLE PORT SCAN DETECTED
2026-05-29 23:56:59,256 | ⚠ POSSIBLE PORT SCAN DETECTED
2026-05-29 23:57:00,263 | ⚠ POSSIBLE PORT SCAN DETECTED
2026-05-29 23:57:01,279 | ⚠ POSSIBLE PORT SCAN DETECTED
2026-05-29 23:57:02,292 | ⚠ POSSIBLE PORT SCAN DETECTED
2026-05-29 23:57:03,298 | ⚠ POSSIBLE PORT SCAN DETECTED
2026-05-29 23:57:03,512 | ⚠ BANDWIDTH SPIKE DETECTED
2026-05-29 23:57:03,515 | ⚠ POSSIBLE PORT SCAN DETECTED
2026-05-29 23:57:04,351 | ⚠ POSSIBLE PORT SCAN DETECTED
2026-05-29 23:57:05,360 | ⚠ POSSIBLE PORT SCAN DETECTED
2026-05-29 23:57:06,370 | ⚠ POSSIBLE PORT SCAN DETECTED
2026-05-29 23:57:06,405 | ⚠ POSSIBLE PORT SCAN DETECTED
2026-05-29 23:57:07,377 | ⚠ POSSIBLE PORT SCAN DETECTED
2026-05-29 23:57:08,391 | ⚠ POSSIBLE PORT SCAN DETECTED
2026-05-29 23:57:08,528 | ⚠ BANDWIDTH SPIKE DETECTED
2026-05-29 23:57:08,528 | ⚠ POSSIBLE PORT SCAN DETECTED
2026-05-29 23:57:09,399 | ⚠ POSSIBLE PORT SCAN DETECTED
2026-05-29 23:57:10,407 | ⚠ POSSIBLE PORT SCAN DETECTED
2026-05-29 23:57:11,415 | ⚠ POSSIBLE PORT SCAN DETECTED
2026-05-29 23:57:12,422 | ⚠ POSSIBLE PORT SCAN DETECTED
2026-05-29 23:57:13,429 | ⚠ POSSIBLE PORT SCAN DETECTED
2026-05-29 23:57:13,537 | ⚠ BANDWIDTH SPIKE DETECTED
2026-05-29 23:57:13,537 | ⚠ POSSIBLE PORT SCAN DETECTED
2026-05-29 23:57:14,435 | ⚠ POSSIBLE PORT SCAN DETECTED
2026-05-29 23:57:15,441 | ⚠ POSSIBLE PORT SCAN DETECTED
2026-05-29 23:57:16,447 | ⚠ POSSIBLE PORT SCAN DETECTED
2026-05-29 23:57:17,457 | ⚠ POSSIBLE PORT SCAN DETECTED
2026-05-29 23:57:18,470 | ⚠ POSSIBLE PORT SCAN DETECTED
2026-05-29 23:57:18,547 | ⚠ BANDWIDTH SPIKE DETECTED
2026-05-29 23:57:18,548 | ⚠ POSSIBLE PORT SCAN DETECTED
2026-05-29 23:57:19,478 | ⚠ POSSIBLE PORT SCAN DETECTED
2026-05-29 23:57:20,483 | ⚠ POSSIBLE PORT SCAN DETECTED
2026-05-29 23:57:21,491 | ⚠ POSSIBLE PORT SCAN DETECTED
2026-05-29 23:57:22,497 | ⚠ POSSIBLE PORT SCAN DETECTED
2026-05-29 23:57:23,505 | ⚠ POSSIBLE PORT SCAN DETECTED
2026-05-29 23:57:23,554 | ⚠ BANDWIDTH SPIKE DETECTED
2026-05-29 23:57:23,556 | ⚠ POSSIBLE PORT SCAN DETECTED
2026-05-29 23:57:24,511 | ⚠ POSSIBLE PORT SCAN DETECTED
2026-05-29 23:57:25,517 | ⚠ POSSIBLE PORT SCAN DETECTED
2026-05-29 23:57:26,525 | ⚠ POSSIBLE PORT SCAN DETECTED
2026-05-29 23:57:27,532 | ⚠ POSSIBLE PORT SCAN DETECTED
2026-05-29 23:57:28,536 | ⚠ POSSIBLE PORT SCAN DETECTED
2026-05-29 23:57:28,570 | ⚠ BANDWIDTH SPIKE DETECTED
2026-05-29 23:57:28,570 | ⚠ POSSIBLE PORT SCAN DETECTED
2026-05-29 23:57:29,545 | ⚠ POSSIBLE PORT SCAN DETECTED
2026-05-29 23:57:30,553 | ⚠ POSSIBLE PORT SCAN DETECTED
2026-05-29 23:57:31,560 | ⚠ POSSIBLE PORT SCAN DETECTED
2026-05-29 23:57:32,565 | ⚠ POSSIBLE PORT SCAN DETECTED
2026-05-29 23:57:33,569 | ⚠ POSSIBLE PORT SCAN DETECTED
2026-05-29 23:57:33,580 | ⚠ POSSIBLE PORT SCAN DETECTED
2026-05-29 23:57:34,574 | ⚠ POSSIBLE PORT SCAN DETECTED
2026-05-29 23:57:35,579 | ⚠ POSSIBLE PORT SCAN DETECTED
2026-05-29 23:57:36,585 | ⚠ POSSIBLE PORT SCAN DETECTED
2026-05-29 23:57:36,953 | ⚠ POSSIBLE PORT SCAN DETECTED
2026-05-29 23:57:37,593 | ⚠ POSSIBLE PORT SCAN DETECTED
2026-05-29 23:57:38,592 | ⚠ BANDWIDTH SPIKE DETECTED
2026-05-29 23:57:38,593 | ⚠ POSSIBLE PORT SCAN DETECTED
2026-05-29 23:57:38,596 | ⚠ POSSIBLE PORT SCAN DETECTED
2026-05-29 23:57:39,602 | ⚠ POSSIBLE PORT SCAN DETECTED
2026-05-29 23:57:40,607 | ⚠ POSSIBLE PORT SCAN DETECTED
2026-05-29 23:57:41,613 | ⚠ POSSIBLE PORT SCAN DETECTED
2026-05-29 23:57:42,625 | ⚠ POSSIBLE PORT SCAN DETECTED
2026-05-29 23:57:43,600 | ⚠ BANDWIDTH SPIKE DETECTED
2026-05-29 23:57:43,600 | ⚠ POSSIBLE PORT SCAN DETECTED
2026-05-29 23:57:43,628 | ⚠ POSSIBLE PORT SCAN DETECTED
2026-05-29 23:57:44,633 | ⚠ POSSIBLE PORT SCAN DETECTED
2026-05-29 23:57:45,642 | ⚠ POSSIBLE PORT SCAN DETECTED
2026-05-29 23:57:46,660 | ⚠ POSSIBLE PORT SCAN DETECTED
2026-05-29 23:57:47,681 | ⚠ POSSIBLE PORT SCAN DETECTED
2026-05-29 23:57:48,609 | ⚠ BANDWIDTH SPIKE DETECTED
2026-05-29 23:57:48,610 | ⚠ POSSIBLE PORT SCAN DETECTED
2026-05-29 23:57:48,688 | ⚠ POSSIBLE PORT SCAN DETECTED
2026-05-29 23:57:49,698 | ⚠ POSSIBLE PORT SCAN DETECTED
2026-05-29 23:57:50,723 | ⚠ POSSIBLE PORT SCAN DETECTED
2026-05-29 23:57:51,732 | ⚠ POSSIBLE PORT SCAN DETECTED
2026-05-29 23:57:52,741 | ⚠ POSSIBLE PORT SCAN DETECTED
2026-05-29 23:57:53,621 | ⚠ BANDWIDTH SPIKE DETECTED
2026-05-29 23:57:53,622 | ⚠ POSSIBLE PORT SCAN DETECTED
2026-05-29 23:57:53,744 | ⚠ POSSIBLE PORT SCAN DETECTED
2026-05-29 23:57:54,753 | ⚠ POSSIBLE PORT SCAN DETECTED
2026-05-29 23:57:55,763 | ⚠ POSSIBLE PORT SCAN DETECTED
2026-05-29 23:57:56,771 | ⚠ POSSIBLE PORT SCAN DETECTED
2026-05-29 23:57:57,777 | ⚠ POSSIBLE PORT SCAN DETECTED
2026-05-29 23:57:58,637 | ⚠ BANDWIDTH SPIKE DETECTED
2026-05-29 23:57:58,638 | ⚠ POSSIBLE PORT SCAN DETECTED
2026-05-29 23:57:58,781 | ⚠ POSSIBLE PORT SCAN DETECTED
2026-05-29 23:57:59,790 | ⚠ POSSIBLE PORT SCAN DETECTED
2026-05-29 23:58:00,796 | ⚠ POSSIBLE PORT SCAN DETECTED
2026-05-29 23:58:01,801 | ⚠ POSSIBLE PORT SCAN DETECTED
2026-05-29 23:58:02,813 | ⚠ POSSIBLE PORT SCAN DETECTED
2026-05-29 23:58:03,648 | ⚠ BANDWIDTH SPIKE DETECTED
2026-05-29 23:58:03,649 | ⚠ POSSIBLE PORT SCAN DETECTED
2026-05-29 23:58:03,816 | ⚠ POSSIBLE PORT SCAN DETECTED
2026-05-29 23:58:04,819 | ⚠ POSSIBLE PORT SCAN DETECTED
2026-05-29 23:58:05,834 | ⚠ POSSIBLE PORT SCAN DETECTED
2026-05-29 23:58:06,843 | ⚠ POSSIBLE PORT SCAN DETECTED
2026-05-29 23:58:07,514 | ⚠ POSSIBLE PORT SCAN DETECTED
2026-05-29 23:58:07,845 | ⚠ POSSIBLE PORT SCAN DETECTED
2026-05-29 23:58:08,670 | ⚠ POSSIBLE PORT SCAN DETECTED
2026-05-29 23:58:08,849 | ⚠ POSSIBLE PORT SCAN DETECTED
2026-05-29 23:58:09,858 | ⚠ POSSIBLE PORT SCAN DETECTED
2026-05-29 23:58:10,863 | ⚠ POSSIBLE PORT SCAN DETECTED
2026-05-29 23:58:11,871 | ⚠ POSSIBLE PORT SCAN DETECTED
2026-05-29 23:58:12,890 | ⚠ POSSIBLE PORT SCAN DETECTED
2026-05-29 23:58:13,680 | ⚠ BANDWIDTH SPIKE DETECTED
2026-05-29 23:58:13,680 | ⚠ POSSIBLE PORT SCAN DETECTED
2026-05-29 23:58:13,897 | ⚠ POSSIBLE PORT SCAN DETECTED
2026-05-29 23:58:14,904 | ⚠ POSSIBLE PORT SCAN DETECTED
2026-05-29 23:58:15,912 | ⚠ POSSIBLE PORT SCAN DETECTED
2026-05-29 23:58:16,920 | ⚠ POSSIBLE PORT SCAN DETECTED
2026-05-29 23:58:17,924 | ⚠ POSSIBLE PORT SCAN DETECTED
2026-05-29 23:58:18,687 | ⚠ POSSIBLE PORT SCAN DETECTED
2026-05-29 23:58:18,930 | ⚠ POSSIBLE PORT SCAN DETECTED
2026-05-29 23:58:19,937 | ⚠ POSSIBLE PORT SCAN DETECTED
2026-05-29 23:58:20,943 | ⚠ POSSIBLE PORT SCAN DETECTED
2026-05-29 23:58:21,967 | ⚠ POSSIBLE PORT SCAN DETECTED
2026-05-29 23:58:22,978 | ⚠ POSSIBLE PORT SCAN DETECTED
2026-05-29 23:58:23,695 | ⚠ POSSIBLE PORT SCAN DETECTED
2026-05-29 23:58:23,987 | ⚠ POSSIBLE PORT SCAN DETECTED
2026-05-29 23:58:24,994 | ⚠ POSSIBLE PORT SCAN DETECTED
2026-05-29 23:58:26,006 | ⚠ POSSIBLE PORT SCAN DETECTED
2026-05-29 23:58:27,010 | ⚠ POSSIBLE PORT SCAN DETECTED
2026-05-29 23:58:28,019 | ⚠ POSSIBLE PORT SCAN DETECTED
2026-05-29 23:58:28,707 | ⚠ BANDWIDTH SPIKE DETECTED
2026-05-29 23:58:28,708 | ⚠ POSSIBLE PORT SCAN DETECTED
2026-05-29 23:58:29,030 | ⚠ POSSIBLE PORT SCAN DETECTED
2026-05-29 23:58:30,054 | ⚠ POSSIBLE PORT SCAN DETECTED
2026-05-29 23:58:31,061 | ⚠ POSSIBLE PORT SCAN DETECTED
2026-05-29 23:58:32,069 | ⚠ POSSIBLE PORT SCAN DETECTED
2026-05-29 23:58:33,088 | ⚠ POSSIBLE PORT SCAN DETECTED
2026-05-29 23:58:33,718 | ⚠ BANDWIDTH SPIKE DETECTED
2026-05-29 23:58:33,718 | ⚠ POSSIBLE PORT SCAN DETECTED
2026-05-29 23:58:34,094 | ⚠ POSSIBLE PORT SCAN DETECTED
2026-05-29 23:58:35,102 | ⚠ POSSIBLE PORT SCAN DETECTED
2026-05-29 23:58:36,110 | ⚠ POSSIBLE PORT SCAN DETECTED
2026-05-29 23:58:37,133 | ⚠ POSSIBLE PORT SCAN DETECTED
2026-05-29 23:58:38,092 | ⚠ POSSIBLE PORT SCAN DETECTED
2026-05-29 23:58:38,140 | ⚠ POSSIBLE PORT SCAN DETECTED
2026-05-29 23:58:38,724 | ⚠ BANDWIDTH SPIKE DETECTED
2026-05-29 23:58:38,725 | ⚠ POSSIBLE PORT SCAN DETECTED
2026-05-29 23:58:39,149 | ⚠ POSSIBLE PORT SCAN DETECTED
2026-05-29 23:58:40,159 | ⚠ POSSIBLE PORT SCAN DETECTED
2026-05-29 23:58:41,169 | ⚠ POSSIBLE PORT SCAN DETECTED
2026-05-29 23:58:42,177 | ⚠ POSSIBLE PORT SCAN DETECTED
2026-05-29 23:58:43,183 | ⚠ POSSIBLE PORT SCAN DETECTED
2026-05-29 23:58:43,731 | ⚠ BANDWIDTH SPIKE DETECTED
2026-05-29 23:58:43,732 | ⚠ POSSIBLE PORT SCAN DETECTED
2026-05-29 23:58:44,190 | ⚠ POSSIBLE PORT SCAN DETECTED
2026-05-29 23:58:45,197 | ⚠ POSSIBLE PORT SCAN DETECTED
2026-05-29 23:58:46,204 | ⚠ POSSIBLE PORT SCAN DETECTED
2026-05-29 23:58:47,211 | ⚠ POSSIBLE PORT SCAN DETECTED
2026-05-29 23:58:48,221 | ⚠ POSSIBLE PORT SCAN DETECTED
2026-05-29 23:58:48,742 | ⚠ POSSIBLE PORT SCAN DETECTED
2026-05-29 23:58:49,228 | ⚠ POSSIBLE PORT SCAN DETECTED
2026-05-29 23:58:50,237 | ⚠ POSSIBLE PORT SCAN DETECTED
2026-05-29 23:58:51,279 | ⚠ POSSIBLE PORT SCAN DETECTED
2026-05-29 23:58:52,214 | ⚠ POSSIBLE PORT SCAN DETECTED
2026-05-29 23:58:52,286 | ⚠ POSSIBLE PORT SCAN DETECTED
2026-05-29 23:58:53,291 | ⚠ POSSIBLE PORT SCAN DETECTED
2026-05-29 23:58:53,754 | ⚠ BANDWIDTH SPIKE DETECTED
2026-05-29 23:58:53,754 | ⚠ POSSIBLE PORT SCAN DETECTED
2026-05-29 23:58:54,300 | ⚠ POSSIBLE PORT SCAN DETECTED
2026-05-29 23:58:55,309 | ⚠ POSSIBLE PORT SCAN DETECTED
2026-05-29 23:58:56,315 | ⚠ POSSIBLE PORT SCAN DETECTED
2026-05-29 23:58:57,324 | ⚠ POSSIBLE PORT SCAN DETECTED
2026-05-29 23:58:58,331 | ⚠ POSSIBLE PORT SCAN DETECTED
2026-05-29 23:58:58,766 | ⚠ BANDWIDTH SPIKE DETECTED
2026-05-29 23:58:58,766 | ⚠ POSSIBLE PORT SCAN DETECTED
2026-05-29 23:58:59,361 | ⚠ POSSIBLE PORT SCAN DETECTED
2026-05-29 23:59:00,373 | ⚠ POSSIBLE PORT SCAN DETECTED
2026-05-29 23:59:01,380 | ⚠ POSSIBLE PORT SCAN DETECTED
2026-05-29 23:59:02,390 | ⚠ POSSIBLE PORT SCAN DETECTED
2026-05-29 23:59:03,397 | ⚠ POSSIBLE PORT SCAN DETECTED
2026-05-29 23:59:03,775 | ⚠ BANDWIDTH SPIKE DETECTED
2026-05-29 23:59:03,776 | ⚠ POSSIBLE PORT SCAN DETECTED
2026-05-29 23:59:04,407 | ⚠ POSSIBLE PORT SCAN DETECTED
2026-05-29 23:59:05,413 | ⚠ POSSIBLE PORT SCAN DETECTED
2026-05-29 23:59:06,421 | ⚠ POSSIBLE PORT SCAN DETECTED
2026-05-29 23:59:07,431 | ⚠ POSSIBLE PORT SCAN DETECTED
2026-05-29 23:59:08,439 | ⚠ POSSIBLE PORT SCAN DETECTED
2026-05-29 23:59:08,661 | ⚠ POSSIBLE PORT SCAN DETECTED
2026-05-29 23:59:08,784 | ⚠ BANDWIDTH SPIKE DETECTED
2026-05-29 23:59:08,784 | ⚠ POSSIBLE PORT SCAN DETECTED
2026-05-29 23:59:09,447 | ⚠ POSSIBLE PORT SCAN DETECTED
2026-05-29 23:59:10,454 | ⚠ POSSIBLE PORT SCAN DETECTED
2026-05-29 23:59:11,462 | ⚠ POSSIBLE PORT SCAN DETECTED
2026-05-29 23:59:12,471 | ⚠ POSSIBLE PORT SCAN DETECTED
2026-05-29 23:59:13,479 | ⚠ POSSIBLE PORT SCAN DETECTED
2026-05-29 23:59:13,792 | ⚠ POSSIBLE PORT SCAN DETECTED
2026-05-29 23:59:14,490 | ⚠ POSSIBLE PORT SCAN DETECTED
2026-05-29 23:59:15,498 | ⚠ POSSIBLE PORT SCAN DETECTED
2026-05-29 23:59:16,505 | ⚠ POSSIBLE PORT SCAN DETECTED
2026-05-29 23:59:17,507 | ⚠ POSSIBLE PORT SCAN DETECTED
2026-05-29 23:59:18,514 | ⚠ POSSIBLE PORT SCAN DETECTED
2026-05-29 23:59:18,804 | ⚠ POSSIBLE PORT SCAN DETECTED
2026-05-29 23:59:19,523 | ⚠ POSSIBLE PORT SCAN DETECTED
2026-05-29 23:59:20,527 | ⚠ POSSIBLE PORT SCAN DETECTED
2026-05-29 23:59:21,544 | ⚠ POSSIBLE PORT SCAN DETECTED
2026-05-29 23:59:22,550 | ⚠ POSSIBLE PORT SCAN DETECTED
2026-05-29 23:59:23,560 | ⚠ POSSIBLE PORT SCAN DETECTED
2026-05-29 23:59:23,815 | ⚠ BANDWIDTH SPIKE DETECTED
2026-05-29 23:59:23,815 | ⚠ POSSIBLE PORT SCAN DETECTED
2026-05-29 23:59:24,565 | ⚠ POSSIBLE PORT SCAN DETECTED
2026-05-29 23:59:25,570 | ⚠ POSSIBLE PORT SCAN DETECTED
2026-05-29 23:59:26,578 | ⚠ POSSIBLE PORT SCAN DETECTED
2026-05-29 23:59:27,587 | ⚠ POSSIBLE PORT SCAN DETECTED
2026-05-29 23:59:28,593 | ⚠ POSSIBLE PORT SCAN DETECTED
2026-05-29 23:59:28,829 | ⚠ BANDWIDTH SPIKE DETECTED
2026-05-29 23:59:28,830 | ⚠ POSSIBLE PORT SCAN DETECTED
2026-05-29 23:59:29,599 | ⚠ POSSIBLE PORT SCAN DETECTED
2026-05-29 23:59:30,607 | ⚠ POSSIBLE PORT SCAN DETECTED
2026-05-29 23:59:31,613 | ⚠ POSSIBLE PORT SCAN DETECTED
2026-05-29 23:59:32,628 | ⚠ POSSIBLE PORT SCAN DETECTED
2026-05-29 23:59:33,631 | ⚠ POSSIBLE PORT SCAN DETECTED
2026-05-29 23:59:33,836 | ⚠ BANDWIDTH SPIKE DETECTED
2026-05-29 23:59:33,836 | ⚠ POSSIBLE PORT SCAN DETECTED
2026-05-29 23:59:34,640 | ⚠ POSSIBLE PORT SCAN DETECTED
2026-05-29 23:59:35,649 | ⚠ POSSIBLE PORT SCAN DETECTED
2026-05-29 23:59:36,659 | ⚠ POSSIBLE PORT SCAN DETECTED
2026-05-29 23:59:37,662 | ⚠ POSSIBLE PORT SCAN DETECTED
2026-05-29 23:59:38,666 | ⚠ POSSIBLE PORT SCAN DETECTED
2026-05-29 23:59:38,846 | ⚠ BANDWIDTH SPIKE DETECTED
2026-05-29 23:59:38,847 | ⚠ POSSIBLE PORT SCAN DETECTED
2026-05-29 23:59:39,275 | ⚠ POSSIBLE PORT SCAN DETECTED
2026-05-29 23:59:39,682 | ⚠ POSSIBLE PORT SCAN DETECTED
2026-05-29 23:59:40,687 | ⚠ POSSIBLE PORT SCAN DETECTED
2026-05-29 23:59:41,694 | ⚠ POSSIBLE PORT SCAN DETECTED
2026-05-29 23:59:42,702 | ⚠ POSSIBLE PORT SCAN DETECTED
2026-05-29 23:59:43,705 | ⚠ POSSIBLE PORT SCAN DETECTED
2026-05-29 23:59:43,858 | ⚠ BANDWIDTH SPIKE DETECTED
2026-05-29 23:59:43,859 | ⚠ POSSIBLE PORT SCAN DETECTED
2026-05-29 23:59:44,711 | ⚠ POSSIBLE PORT SCAN DETECTED
2026-05-29 23:59:45,717 | ⚠ POSSIBLE PORT SCAN DETECTED
2026-05-29 23:59:46,770 | ⚠ POSSIBLE PORT SCAN DETECTED
2026-05-29 23:59:47,793 | ⚠ POSSIBLE PORT SCAN DETECTED
2026-05-29 23:59:48,796 | ⚠ POSSIBLE PORT SCAN DETECTED
2026-05-29 23:59:48,867 | ⚠ BANDWIDTH SPIKE DETECTED
2026-05-29 23:59:48,868 | ⚠ POSSIBLE PORT SCAN DETECTED
2026-05-29 23:59:49,806 | ⚠ POSSIBLE PORT SCAN DETECTED
2026-05-29 23:59:50,813 | ⚠ POSSIBLE PORT SCAN DETECTED
2026-05-29 23:59:51,818 | ⚠ POSSIBLE PORT SCAN DETECTED
2026-05-29 23:59:52,826 | ⚠ POSSIBLE PORT SCAN DETECTED
2026-05-29 23:59:53,832 | ⚠ POSSIBLE PORT SCAN DETECTED
2026-05-29 23:59:53,877 | ⚠ BANDWIDTH SPIKE DETECTED
2026-05-29 23:59:53,877 | ⚠ POSSIBLE PORT SCAN DETECTED
2026-05-29 23:59:54,840 | ⚠ POSSIBLE PORT SCAN DETECTED
2026-05-29 23:59:55,844 | ⚠ POSSIBLE PORT SCAN DETECTED
2026-05-29 23:59:56,855 | ⚠ POSSIBLE PORT SCAN DETECTED
2026-05-29 23:59:57,865 | ⚠ POSSIBLE PORT SCAN DETECTED
2026-05-29 23:59:58,871 | ⚠ POSSIBLE PORT SCAN DETECTED
2026-05-29 23:59:58,890 | ⚠ BANDWIDTH SPIKE DETECTED
2026-05-29 23:59:58,890 | ⚠ POSSIBLE PORT SCAN DETECTED
2026-05-29 23:59:59,875 | ⚠ POSSIBLE PORT SCAN DETECTED
2026-05-30 00:00:00,883 | ⚠ POSSIBLE PORT SCAN DETECTED
2026-05-30 00:00:01,893 | ⚠ POSSIBLE PORT SCAN DETECTED
2026-05-30 00:00:02,896 | ⚠ POSSIBLE PORT SCAN DETECTED
2026-05-30 00:00:03,900 | ⚠ POSSIBLE PORT SCAN DETECTED
2026-05-30 00:00:03,918 | ⚠ BANDWIDTH SPIKE DETECTED
2026-05-30 00:00:03,919 | ⚠ POSSIBLE PORT SCAN DETECTED
2026-05-30 00:00:04,910 | ⚠ POSSIBLE PORT SCAN DETECTED
2026-05-30 00:00:05,918 | ⚠ POSSIBLE PORT SCAN DETECTED
2026-05-30 00:00:06,928 | ⚠ POSSIBLE PORT SCAN DETECTED
2026-05-30 00:00:07,935 | ⚠ POSSIBLE PORT SCAN DETECTED
2026-05-30 00:00:08,931 | ⚠ BANDWIDTH SPIKE DETECTED
2026-05-30 00:00:08,932 | ⚠ POSSIBLE PORT SCAN DETECTED
2026-05-30 00:00:08,947 | ⚠ POSSIBLE PORT SCAN DETECTED
2026-05-30 00:00:09,871 | ⚠ POSSIBLE PORT SCAN DETECTED
2026-05-30 00:00:09,957 | ⚠ POSSIBLE PORT SCAN DETECTED
2026-05-30 00:00:10,968 | ⚠ POSSIBLE PORT SCAN DETECTED
2026-05-30 00:00:11,972 | ⚠ POSSIBLE PORT SCAN DETECTED
2026-05-30 00:00:12,994 | ⚠ POSSIBLE PORT SCAN DETECTED
2026-05-30 00:00:13,943 | ⚠ BANDWIDTH SPIKE DETECTED
2026-05-30 00:00:13,943 | ⚠ POSSIBLE PORT SCAN DETECTED
2026-05-30 00:00:14,016 | ⚠ POSSIBLE PORT SCAN DETECTED
2026-05-30 00:00:15,024 | ⚠ POSSIBLE PORT SCAN DETECTED
2026-05-30 00:00:16,029 | ⚠ POSSIBLE PORT SCAN DETECTED
2026-05-30 00:00:17,046 | ⚠ POSSIBLE PORT SCAN DETECTED
2026-05-30 00:00:18,054 | ⚠ POSSIBLE PORT SCAN DETECTED
2026-05-30 00:00:18,952 | ⚠ POSSIBLE PORT SCAN DETECTED
2026-05-30 00:00:19,066 | ⚠ POSSIBLE PORT SCAN DETECTED
2026-05-30 00:00:20,073 | ⚠ POSSIBLE PORT SCAN DETECTED
2026-05-30 00:00:21,082 | ⚠ POSSIBLE PORT SCAN DETECTED
2026-05-30 00:00:22,096 | ⚠ POSSIBLE PORT SCAN DETECTED
2026-05-30 00:00:23,108 | ⚠ POSSIBLE PORT SCAN DETECTED
2026-05-30 00:00:23,973 | ⚠ BANDWIDTH SPIKE DETECTED
2026-05-30 00:00:23,974 | ⚠ POSSIBLE PORT SCAN DETECTED
2026-05-30 00:00:24,113 | ⚠ POSSIBLE PORT SCAN DETECTED
2026-05-30 00:00:25,122 | ⚠ POSSIBLE PORT SCAN DETECTED
2026-05-30 00:00:26,132 | ⚠ POSSIBLE PORT SCAN DETECTED
2026-05-30 00:00:27,142 | ⚠ POSSIBLE PORT SCAN DETECTED
2026-05-30 00:00:28,147 | ⚠ POSSIBLE PORT SCAN DETECTED
2026-05-30 00:00:28,983 | ⚠ POSSIBLE PORT SCAN DETECTED
2026-05-30 00:00:29,152 | ⚠ POSSIBLE PORT SCAN DETECTED
2026-05-30 00:00:30,160 | ⚠ POSSIBLE PORT SCAN DETECTED
2026-05-30 00:00:31,164 | ⚠ POSSIBLE PORT SCAN DETECTED
2026-05-30 00:00:32,171 | ⚠ POSSIBLE PORT SCAN DETECTED
2026-05-30 00:00:33,181 | ⚠ POSSIBLE PORT SCAN DETECTED
2026-05-30 00:00:33,596 | ⚠ POSSIBLE PORT SCAN DETECTED
2026-05-30 00:00:33,993 | ⚠ BANDWIDTH SPIKE DETECTED
2026-05-30 00:00:33,993 | ⚠ POSSIBLE PORT SCAN DETECTED
2026-05-30 00:00:34,185 | ⚠ POSSIBLE PORT SCAN DETECTED
2026-05-30 00:00:35,192 | ⚠ POSSIBLE PORT SCAN DETECTED
2026-05-30 00:00:36,198 | ⚠ POSSIBLE PORT SCAN DETECTED
2026-05-30 00:00:37,208 | ⚠ POSSIBLE PORT SCAN DETECTED
2026-05-30 00:00:38,214 | ⚠ POSSIBLE PORT SCAN DETECTED
2026-05-30 00:00:39,004 | ⚠ BANDWIDTH SPIKE DETECTED
2026-05-30 00:00:39,005 | ⚠ POSSIBLE PORT SCAN DETECTED
2026-05-30 00:00:39,228 | ⚠ POSSIBLE PORT SCAN DETECTED
2026-05-30 00:00:40,235 | ⚠ POSSIBLE PORT SCAN DETECTED
2026-05-30 00:00:40,459 | ⚠ POSSIBLE PORT SCAN DETECTED
2026-05-30 00:00:41,238 | ⚠ POSSIBLE PORT SCAN DETECTED
2026-05-30 00:00:42,245 | ⚠ POSSIBLE PORT SCAN DETECTED
2026-05-30 00:00:43,254 | ⚠ POSSIBLE PORT SCAN DETECTED
2026-05-30 00:00:44,014 | ⚠ BANDWIDTH SPIKE DETECTED
2026-05-30 00:00:44,014 | ⚠ POSSIBLE PORT SCAN DETECTED
2026-05-30 00:00:44,263 | ⚠ POSSIBLE PORT SCAN DETECTED
2026-05-30 00:00:45,274 | ⚠ POSSIBLE PORT SCAN DETECTED
2026-05-30 00:00:46,281 | ⚠ POSSIBLE PORT SCAN DETECTED
2026-05-30 00:00:47,287 | ⚠ POSSIBLE PORT SCAN DETECTED
2026-05-30 00:00:48,295 | ⚠ POSSIBLE PORT SCAN DETECTED
2026-05-30 00:00:49,026 | ⚠ BANDWIDTH SPIKE DETECTED
2026-05-30 00:00:49,026 | ⚠ POSSIBLE PORT SCAN DETECTED
2026-05-30 00:00:49,304 | ⚠ POSSIBLE PORT SCAN DETECTED
2026-05-30 00:00:50,312 | ⚠ POSSIBLE PORT SCAN DETECTED
2026-05-30 00:00:51,329 | ⚠ POSSIBLE PORT SCAN DETECTED
2026-05-30 00:00:52,338 | ⚠ POSSIBLE PORT SCAN DETECTED
2026-05-30 00:00:53,158 | ⚠ POSSIBLE PORT SCAN DETECTED
2026-05-30 00:00:53,345 | ⚠ POSSIBLE PORT SCAN DETECTED
2026-05-30 00:00:54,036 | ⚠ BANDWIDTH SPIKE DETECTED
2026-05-30 00:00:54,036 | ⚠ POSSIBLE PORT SCAN DETECTED
2026-05-30 00:00:54,354 | ⚠ POSSIBLE PORT SCAN DETECTED
2026-05-30 00:00:55,361 | ⚠ POSSIBLE PORT SCAN DETECTED
2026-05-30 00:00:56,365 | ⚠ POSSIBLE PORT SCAN DETECTED
2026-05-30 00:00:57,375 | ⚠ POSSIBLE PORT SCAN DETECTED
2026-05-30 00:00:58,386 | ⚠ POSSIBLE PORT SCAN DETECTED
2026-05-30 00:00:59,050 | ⚠ POSSIBLE PORT SCAN DETECTED
2026-05-30 00:00:59,395 | ⚠ POSSIBLE PORT SCAN DETECTED
2026-05-30 00:01:00,398 | ⚠ POSSIBLE PORT SCAN DETECTED
2026-05-30 00:01:01,408 | ⚠ POSSIBLE PORT SCAN DETECTED
2026-05-30 00:01:02,413 | ⚠ POSSIBLE PORT SCAN DETECTED
2026-05-30 00:01:03,422 | ⚠ POSSIBLE PORT SCAN DETECTED
2026-05-30 00:01:04,083 | ⚠ BANDWIDTH SPIKE DETECTED
2026-05-30 00:01:04,084 | ⚠ POSSIBLE PORT SCAN DETECTED
2026-05-30 00:01:04,429 | ⚠ POSSIBLE PORT SCAN DETECTED
2026-05-30 00:01:05,436 | ⚠ POSSIBLE PORT SCAN DETECTED
2026-05-30 00:01:06,444 | ⚠ POSSIBLE PORT SCAN DETECTED
2026-05-30 00:01:07,448 | ⚠ POSSIBLE PORT SCAN DETECTED
2026-05-30 00:01:08,456 | ⚠ POSSIBLE PORT SCAN DETECTED
2026-05-30 00:01:09,097 | ⚠ BANDWIDTH SPIKE DETECTED
2026-05-30 00:01:09,098 | ⚠ POSSIBLE PORT SCAN DETECTED
2026-05-30 00:01:09,463 | ⚠ POSSIBLE PORT SCAN DETECTED
2026-05-30 00:01:10,471 | ⚠ POSSIBLE PORT SCAN DETECTED
2026-05-30 00:01:11,049 | ⚠ POSSIBLE PORT SCAN DETECTED
2026-05-30 00:01:11,477 | ⚠ POSSIBLE PORT SCAN DETECTED
2026-05-30 00:01:12,482 | ⚠ POSSIBLE PORT SCAN DETECTED
2026-05-30 00:01:12,772 | ⚠ POSSIBLE PORT SCAN DETECTED
2026-05-30 00:01:13,492 | ⚠ POSSIBLE PORT SCAN DETECTED
2026-05-30 00:01:14,110 | ⚠ BANDWIDTH SPIKE DETECTED
2026-05-30 00:01:14,111 | ⚠ POSSIBLE PORT SCAN DETECTED
2026-05-30 00:01:14,498 | ⚠ POSSIBLE PORT SCAN DETECTED
2026-05-30 00:01:15,508 | ⚠ POSSIBLE PORT SCAN DETECTED
2026-05-30 00:01:16,514 | ⚠ POSSIBLE PORT SCAN DETECTED
2026-05-30 00:01:17,518 | ⚠ POSSIBLE PORT SCAN DETECTED
2026-05-30 00:01:18,526 | ⚠ POSSIBLE PORT SCAN DETECTED
2026-05-30 00:01:19,200 | ⚠ POSSIBLE PORT SCAN DETECTED
2026-05-30 00:01:19,533 | ⚠ POSSIBLE PORT SCAN DETECTED
2026-05-30 00:01:20,543 | ⚠ POSSIBLE PORT SCAN DETECTED
2026-05-30 00:01:21,557 | ⚠ POSSIBLE PORT SCAN DETECTED
2026-05-30 00:01:22,565 | ⚠ POSSIBLE PORT SCAN DETECTED
2026-05-30 00:01:23,575 | ⚠ POSSIBLE PORT SCAN DETECTED
2026-05-30 00:01:24,208 | ⚠ POSSIBLE PORT SCAN DETECTED
2026-05-30 00:01:24,582 | ⚠ POSSIBLE PORT SCAN DETECTED
2026-05-30 00:01:25,590 | ⚠ POSSIBLE PORT SCAN DETECTED
2026-05-30 00:01:26,598 | ⚠ POSSIBLE PORT SCAN DETECTED
2026-05-30 00:01:27,609 | ⚠ POSSIBLE PORT SCAN DETECTED
2026-05-30 00:01:28,620 | ⚠ POSSIBLE PORT SCAN DETECTED
2026-05-30 00:01:29,217 | ⚠ POSSIBLE PORT SCAN DETECTED
2026-05-30 00:01:29,639 | ⚠ POSSIBLE PORT SCAN DETECTED
2026-05-30 00:01:30,648 | ⚠ POSSIBLE PORT SCAN DETECTED
2026-05-30 00:01:31,658 | ⚠ POSSIBLE PORT SCAN DETECTED
2026-05-30 00:01:32,664 | ⚠ POSSIBLE PORT SCAN DETECTED
2026-05-30 00:01:32,970 | ⚠ POSSIBLE PORT SCAN DETECTED
2026-05-30 00:01:33,669 | ⚠ POSSIBLE PORT SCAN DETECTED
2026-05-30 00:01:34,228 | ⚠ POSSIBLE PORT SCAN DETECTED
2026-05-30 00:01:34,676 | ⚠ POSSIBLE PORT SCAN DETECTED
2026-05-30 00:01:35,686 | ⚠ POSSIBLE PORT SCAN DETECTED
2026-05-30 00:01:36,728 | ⚠ POSSIBLE PORT SCAN DETECTED
2026-05-30 00:01:37,739 | ⚠ POSSIBLE PORT SCAN DETECTED
2026-05-30 00:01:38,127 | ⚠ POSSIBLE PORT SCAN DETECTED
2026-05-30 00:01:38,744 | ⚠ POSSIBLE PORT SCAN DETECTED
2026-05-30 00:01:39,239 | ⚠ POSSIBLE PORT SCAN DETECTED
2026-05-30 00:01:39,754 | ⚠ POSSIBLE PORT SCAN DETECTED
2026-05-30 00:01:40,760 | ⚠ POSSIBLE PORT SCAN DETECTED
2026-05-30 00:01:41,723 | ⚠ POSSIBLE PORT SCAN DETECTED
2026-05-30 00:01:41,765 | ⚠ POSSIBLE PORT SCAN DETECTED
2026-05-30 00:01:42,777 | ⚠ POSSIBLE PORT SCAN DETECTED
2026-05-30 00:01:43,119 | ⚠ POSSIBLE PORT SCAN DETECTED
2026-05-30 00:01:43,781 | ⚠ POSSIBLE PORT SCAN DETECTED
2026-05-30 00:01:44,247 | ⚠ POSSIBLE PORT SCAN DETECTED
2026-05-30 00:01:44,791 | ⚠ POSSIBLE PORT SCAN DETECTED
2026-05-30 00:01:45,797 | ⚠ POSSIBLE PORT SCAN DETECTED
2026-05-30 00:01:46,803 | ⚠ POSSIBLE PORT SCAN DETECTED
2026-05-30 00:01:47,810 | ⚠ POSSIBLE PORT SCAN DETECTED
2026-05-30 00:01:48,149 | ⚠ POSSIBLE PORT SCAN DETECTED
2026-05-30 00:01:48,815 | ⚠ POSSIBLE PORT SCAN DETECTED
2026-05-30 00:01:49,258 | ⚠ POSSIBLE PORT SCAN DETECTED
2026-05-30 00:01:49,820 | ⚠ POSSIBLE PORT SCAN DETECTED
2026-05-30 00:01:50,825 | ⚠ POSSIBLE PORT SCAN DETECTED
2026-05-30 00:01:51,741 | ⚠ POSSIBLE PORT SCAN DETECTED
2026-05-30 00:01:51,832 | ⚠ POSSIBLE PORT SCAN DETECTED
2026-05-30 00:01:52,838 | ⚠ POSSIBLE PORT SCAN DETECTED
2026-05-30 00:01:53,130 | ⚠ POSSIBLE PORT SCAN DETECTED
2026-05-30 00:01:53,843 | ⚠ POSSIBLE PORT SCAN DETECTED
2026-05-30 00:01:54,266 | ⚠ POSSIBLE PORT SCAN DETECTED
2026-05-30 00:01:54,852 | ⚠ POSSIBLE PORT SCAN DETECTED
2026-05-30 00:01:55,856 | ⚠ POSSIBLE PORT SCAN DETECTED
2026-05-30 00:01:56,862 | ⚠ POSSIBLE PORT SCAN DETECTED
2026-05-30 00:01:57,870 | ⚠ POSSIBLE PORT SCAN DETECTED
2026-05-30 00:01:58,243 | ⚠ POSSIBLE PORT SCAN DETECTED
2026-05-30 00:01:58,878 | ⚠ POSSIBLE PORT SCAN DETECTED
2026-05-30 00:01:59,275 | ⚠ POSSIBLE PORT SCAN DETECTED
2026-05-30 00:01:59,889 | ⚠ POSSIBLE PORT SCAN DETECTED
2026-05-30 00:02:00,896 | ⚠ POSSIBLE PORT SCAN DETECTED
2026-05-30 00:02:01,907 | ⚠ POSSIBLE PORT SCAN DETECTED
2026-05-30 00:02:02,919 | ⚠ POSSIBLE PORT SCAN DETECTED
2026-05-30 00:02:03,550 | ⚠ POSSIBLE PORT SCAN DETECTED
2026-05-30 00:02:03,929 | ⚠ POSSIBLE PORT SCAN DETECTED
2026-05-30 00:02:04,288 | ⚠ POSSIBLE PORT SCAN DETECTED
2026-05-30 00:02:04,937 | ⚠ POSSIBLE PORT SCAN DETECTED
2026-05-30 00:02:05,945 | ⚠ POSSIBLE PORT SCAN DETECTED
2026-05-30 00:02:06,951 | ⚠ POSSIBLE PORT SCAN DETECTED
2026-05-30 00:02:07,959 | ⚠ POSSIBLE PORT SCAN DETECTED
2026-05-30 00:02:08,969 | ⚠ POSSIBLE PORT SCAN DETECTED
2026-05-30 00:02:09,304 | ⚠ POSSIBLE PORT SCAN DETECTED
2026-05-30 00:02:09,979 | ⚠ POSSIBLE PORT SCAN DETECTED
2026-05-30 00:02:10,989 | ⚠ POSSIBLE PORT SCAN DETECTED
2026-05-30 00:02:11,999 | ⚠ POSSIBLE PORT SCAN DETECTED
2026-05-30 00:02:12,419 | ⚠ POSSIBLE PORT SCAN DETECTED
2026-05-30 00:02:13,021 | ⚠ POSSIBLE PORT SCAN DETECTED
2026-05-30 00:02:14,026 | ⚠ POSSIBLE PORT SCAN DETECTED
2026-05-30 00:02:14,316 | ⚠ POSSIBLE PORT SCAN DETECTED
2026-05-30 00:02:15,042 | ⚠ POSSIBLE PORT SCAN DETECTED
2026-05-30 00:02:16,058 | ⚠ POSSIBLE PORT SCAN DETECTED
2026-05-30 00:02:17,066 | ⚠ POSSIBLE PORT SCAN DETECTED
2026-05-30 00:02:18,075 | ⚠ POSSIBLE PORT SCAN DETECTED
2026-05-30 00:02:19,086 | ⚠ POSSIBLE PORT SCAN DETECTED
2026-05-30 00:02:19,328 | ⚠ POSSIBLE PORT SCAN DETECTED
2026-05-30 00:02:20,096 | ⚠ POSSIBLE PORT SCAN DETECTED
2026-05-30 00:02:21,102 | ⚠ POSSIBLE PORT SCAN DETECTED
2026-05-30 00:02:21,195 | ⚠ POSSIBLE PORT SCAN DETECTED
2026-05-30 00:02:22,113 | ⚠ POSSIBLE PORT SCAN DETECTED
2026-05-30 00:02:23,123 | ⚠ POSSIBLE PORT SCAN DETECTED
2026-05-30 00:02:24,138 | ⚠ POSSIBLE PORT SCAN DETECTED
2026-05-30 00:02:24,344 | ⚠ POSSIBLE PORT SCAN DETECTED
2026-05-30 00:02:25,148 | ⚠ POSSIBLE PORT SCAN DETECTED
2026-05-30 00:02:26,158 | ⚠ POSSIBLE PORT SCAN DETECTED
2026-05-30 00:02:27,166 | ⚠ POSSIBLE PORT SCAN DETECTED
2026-05-30 00:02:28,177 | ⚠ POSSIBLE PORT SCAN DETECTED
2026-05-30 00:02:29,186 | ⚠ POSSIBLE PORT SCAN DETECTED
2026-05-30 00:02:29,360 | ⚠ POSSIBLE PORT SCAN DETECTED
2026-05-30 00:02:30,194 | ⚠ POSSIBLE PORT SCAN DETECTED
2026-05-30 00:02:31,206 | ⚠ POSSIBLE PORT SCAN DETECTED
2026-05-30 00:02:32,229 | ⚠ POSSIBLE PORT SCAN DETECTED
2026-05-30 00:02:33,243 | ⚠ POSSIBLE PORT SCAN DETECTED
2026-05-30 00:02:34,254 | ⚠ POSSIBLE PORT SCAN DETECTED
2026-05-30 00:02:34,373 | ⚠ POSSIBLE PORT SCAN DETECTED
2026-05-30 00:02:35,264 | ⚠ POSSIBLE PORT SCAN DETECTED
2026-05-30 00:02:36,274 | ⚠ POSSIBLE PORT SCAN DETECTED
2026-05-30 00:02:37,290 | ⚠ POSSIBLE PORT SCAN DETECTED
2026-05-30 00:02:38,299 | ⚠ POSSIBLE PORT SCAN DETECTED
2026-05-30 00:02:39,309 | ⚠ POSSIBLE PORT SCAN DETECTED
2026-05-30 00:02:39,383 | ⚠ POSSIBLE PORT SCAN DETECTED
2026-05-30 00:02:40,320 | ⚠ POSSIBLE PORT SCAN DETECTED
2026-05-30 00:02:41,330 | ⚠ POSSIBLE PORT SCAN DETECTED
2026-05-30 00:02:41,388 | ⚠ POSSIBLE PORT SCAN DETECTED
2026-05-30 00:02:42,339 | ⚠ POSSIBLE PORT SCAN DETECTED
2026-05-30 00:02:42,965 | ⚠ POSSIBLE PORT SCAN DETECTED
2026-05-30 00:02:43,349 | ⚠ POSSIBLE PORT SCAN DETECTED
2026-05-30 00:02:44,354 | ⚠ POSSIBLE PORT SCAN DETECTED
2026-05-30 00:02:44,396 | ⚠ POSSIBLE PORT SCAN DETECTED
2026-05-30 00:02:45,362 | ⚠ POSSIBLE PORT SCAN DETECTED
2026-05-30 00:02:46,370 | ⚠ POSSIBLE PORT SCAN DETECTED
2026-05-30 00:02:47,378 | ⚠ POSSIBLE PORT SCAN DETECTED
2026-05-30 00:02:48,385 | ⚠ POSSIBLE PORT SCAN DETECTED
2026-05-30 00:02:49,393 | ⚠ POSSIBLE PORT SCAN DETECTED
2026-05-30 00:02:49,405 | ⚠ POSSIBLE PORT SCAN DETECTED
2026-05-30 00:02:50,400 | ⚠ POSSIBLE PORT SCAN DETECTED
2026-05-30 00:02:51,408 | ⚠ POSSIBLE PORT SCAN DETECTED
2026-05-30 00:02:52,415 | ⚠ POSSIBLE PORT SCAN DETECTED
2026-05-30 00:02:53,422 | ⚠ POSSIBLE PORT SCAN DETECTED
2026-05-30 00:02:54,414 | ⚠ POSSIBLE PORT SCAN DETECTED
2026-05-30 00:02:54,428 | ⚠ POSSIBLE PORT SCAN DETECTED
2026-05-30 00:02:55,442 | ⚠ POSSIBLE PORT SCAN DETECTED
2026-05-30 00:02:56,477 | ⚠ POSSIBLE PORT SCAN DETECTED
2026-05-30 00:02:57,483 | ⚠ POSSIBLE PORT SCAN DETECTED
2026-05-30 00:02:58,491 | ⚠ POSSIBLE PORT SCAN DETECTED
2026-05-30 00:02:59,420 | ⚠ POSSIBLE PORT SCAN DETECTED
2026-05-30 00:02:59,498 | ⚠ POSSIBLE PORT SCAN DETECTED
2026-05-30 00:03:00,505 | ⚠ POSSIBLE PORT SCAN DETECTED
2026-05-30 00:03:01,511 | ⚠ POSSIBLE PORT SCAN DETECTED
2026-05-30 00:03:02,517 | ⚠ POSSIBLE PORT SCAN DETECTED
2026-05-30 00:03:03,525 | ⚠ POSSIBLE PORT SCAN DETECTED
2026-05-30 00:03:04,426 | ⚠ POSSIBLE PORT SCAN DETECTED
2026-05-30 00:03:04,457 | ⚠ POSSIBLE PORT SCAN DETECTED
2026-05-30 00:03:04,531 | ⚠ POSSIBLE PORT SCAN DETECTED
2026-05-30 00:03:05,541 | ⚠ POSSIBLE PORT SCAN DETECTED
2026-05-30 00:03:06,547 | ⚠ POSSIBLE PORT SCAN DETECTED
2026-05-30 00:03:07,554 | ⚠ POSSIBLE PORT SCAN DETECTED
2026-05-30 00:03:08,561 | ⚠ POSSIBLE PORT SCAN DETECTED
2026-05-30 00:03:09,439 | ⚠ POSSIBLE PORT SCAN DETECTED
2026-05-30 00:03:09,569 | ⚠ POSSIBLE PORT SCAN DETECTED
2026-05-30 00:03:10,575 | ⚠ POSSIBLE PORT SCAN DETECTED
2026-05-30 00:03:11,583 | ⚠ POSSIBLE PORT SCAN DETECTED
2026-05-30 00:03:12,593 | ⚠ POSSIBLE PORT SCAN DETECTED
2026-05-30 00:03:13,600 | ⚠ POSSIBLE PORT SCAN DETECTED
2026-05-30 00:03:13,609 | ⚠ POSSIBLE PORT SCAN DETECTED
2026-05-30 00:03:14,451 | ⚠ POSSIBLE PORT SCAN DETECTED
2026-05-30 00:03:14,616 | ⚠ POSSIBLE PORT SCAN DETECTED
2026-05-30 00:03:15,622 | ⚠ POSSIBLE PORT SCAN DETECTED
2026-05-30 00:03:16,630 | ⚠ POSSIBLE PORT SCAN DETECTED
2026-05-30 00:03:17,637 | ⚠ POSSIBLE PORT SCAN DETECTED
2026-05-30 00:03:18,646 | ⚠ POSSIBLE PORT SCAN DETECTED
2026-05-30 00:03:19,465 | ⚠ POSSIBLE PORT SCAN DETECTED
2026-05-30 00:03:19,653 | ⚠ POSSIBLE PORT SCAN DETECTED
2026-05-30 00:03:20,664 | ⚠ POSSIBLE PORT SCAN DETECTED
2026-05-30 00:03:21,675 | ⚠ POSSIBLE PORT SCAN DETECTED
2026-05-30 00:03:22,686 | ⚠ POSSIBLE PORT SCAN DETECTED
2026-05-30 00:03:23,695 | ⚠ POSSIBLE PORT SCAN DETECTED
2026-05-30 00:03:24,478 | ⚠ POSSIBLE PORT SCAN DETECTED
2026-05-30 00:03:24,704 | ⚠ POSSIBLE PORT SCAN DETECTED
2026-05-30 00:03:25,712 | ⚠ POSSIBLE PORT SCAN DETECTED
2026-05-30 00:03:26,725 | ⚠ POSSIBLE PORT SCAN DETECTED
2026-05-30 00:03:27,736 | ⚠ POSSIBLE PORT SCAN DETECTED
2026-05-30 00:03:28,740 | ⚠ POSSIBLE PORT SCAN DETECTED
2026-05-30 00:03:29,495 | ⚠ POSSIBLE PORT SCAN DETECTED
2026-05-30 00:03:29,748 | ⚠ POSSIBLE PORT SCAN DETECTED
2026-05-30 00:03:30,759 | ⚠ POSSIBLE PORT SCAN DETECTED
2026-05-30 00:03:31,769 | ⚠ POSSIBLE PORT SCAN DETECTED
2026-05-30 00:03:32,774 | ⚠ POSSIBLE PORT SCAN DETECTED
2026-05-30 00:03:33,778 | ⚠ POSSIBLE PORT SCAN DETECTED
2026-05-30 00:03:34,509 | ⚠ POSSIBLE PORT SCAN DETECTED
2026-05-30 00:03:34,785 | ⚠ POSSIBLE PORT SCAN DETECTED
2026-05-30 00:03:35,794 | ⚠ POSSIBLE PORT SCAN DETECTED
2026-05-30 00:03:36,802 | ⚠ POSSIBLE PORT SCAN DETECTED
2026-05-30 00:03:37,810 | ⚠ POSSIBLE PORT SCAN DETECTED
2026-05-30 00:03:38,816 | ⚠ POSSIBLE PORT SCAN DETECTED
2026-05-30 00:03:39,521 | ⚠ POSSIBLE PORT SCAN DETECTED
2026-05-30 00:03:39,823 | ⚠ POSSIBLE PORT SCAN DETECTED
2026-05-30 00:03:40,831 | ⚠ POSSIBLE PORT SCAN DETECTED
2026-05-30 00:03:41,837 | ⚠ POSSIBLE PORT SCAN DETECTED
2026-05-30 00:03:42,845 | ⚠ POSSIBLE PORT SCAN DETECTED
2026-05-30 00:03:43,851 | ⚠ POSSIBLE PORT SCAN DETECTED
2026-05-30 00:03:44,176 | ⚠ POSSIBLE PORT SCAN DETECTED
2026-05-30 00:03:44,525 | ⚠ POSSIBLE PORT SCAN DETECTED
2026-05-30 00:03:44,858 | ⚠ POSSIBLE PORT SCAN DETECTED
2026-05-30 00:03:45,864 | ⚠ POSSIBLE PORT SCAN DETECTED
2026-05-30 00:03:46,873 | ⚠ POSSIBLE PORT SCAN DETECTED
2026-05-30 00:03:47,879 | ⚠ POSSIBLE PORT SCAN DETECTED
2026-05-30 00:03:48,885 | ⚠ POSSIBLE PORT SCAN DETECTED
2026-05-30 00:03:49,534 | ⚠ POSSIBLE PORT SCAN DETECTED
2026-05-30 00:03:49,892 | ⚠ POSSIBLE PORT SCAN DETECTED
2026-05-30 00:03:50,899 | ⚠ POSSIBLE PORT SCAN DETECTED
2026-05-30 00:03:51,910 | ⚠ POSSIBLE PORT SCAN DETECTED
2026-05-30 00:03:52,922 | ⚠ POSSIBLE PORT SCAN DETECTED
2026-05-30 00:03:53,929 | ⚠ POSSIBLE PORT SCAN DETECTED
2026-05-30 00:03:54,547 | ⚠ POSSIBLE PORT SCAN DETECTED
2026-05-30 00:03:54,938 | ⚠ POSSIBLE PORT SCAN DETECTED
2026-05-30 00:03:55,947 | ⚠ POSSIBLE PORT SCAN DETECTED
2026-05-30 00:03:56,956 | ⚠ POSSIBLE PORT SCAN DETECTED
2026-05-30 00:03:57,965 | ⚠ POSSIBLE PORT SCAN DETECTED
2026-05-30 00:03:58,974 | ⚠ POSSIBLE PORT SCAN DETECTED
2026-05-30 00:03:59,558 | ⚠ POSSIBLE PORT SCAN DETECTED
2026-05-30 00:03:59,984 | ⚠ POSSIBLE PORT SCAN DETECTED
2026-05-30 00:04:00,997 | ⚠ POSSIBLE PORT SCAN DETECTED
2026-05-30 00:04:02,009 | ⚠ POSSIBLE PORT SCAN DETECTED
2026-05-30 00:04:02,201 | ⚠ POSSIBLE PORT SCAN DETECTED
2026-05-30 00:04:03,019 | ⚠ POSSIBLE PORT SCAN DETECTED
2026-05-30 00:04:04,031 | ⚠ POSSIBLE PORT SCAN DETECTED
2026-05-30 00:04:04,572 | ⚠ POSSIBLE PORT SCAN DETECTED
2026-05-30 00:04:05,042 | ⚠ POSSIBLE PORT SCAN DETECTED
2026-05-30 00:04:06,052 | ⚠ POSSIBLE PORT SCAN DETECTED
2026-05-30 00:04:07,062 | ⚠ POSSIBLE PORT SCAN DETECTED
2026-05-30 00:04:08,073 | ⚠ POSSIBLE PORT SCAN DETECTED
2026-05-30 00:04:09,084 | ⚠ POSSIBLE PORT SCAN DETECTED
2026-05-30 00:04:09,586 | ⚠ POSSIBLE PORT SCAN DETECTED
2026-05-30 00:04:10,096 | ⚠ POSSIBLE PORT SCAN DETECTED
2026-05-30 00:04:11,107 | ⚠ POSSIBLE PORT SCAN DETECTED
2026-05-30 00:04:12,117 | ⚠ POSSIBLE PORT SCAN DETECTED
2026-05-30 00:04:13,127 | ⚠ POSSIBLE PORT SCAN DETECTED
2026-05-30 00:04:14,139 | ⚠ POSSIBLE PORT SCAN DETECTED
2026-05-30 00:04:14,597 | ⚠ POSSIBLE PORT SCAN DETECTED
2026-05-30 00:04:14,750 | ⚠ POSSIBLE PORT SCAN DETECTED
2026-05-30 00:04:15,149 | ⚠ POSSIBLE PORT SCAN DETECTED
2026-05-30 00:04:16,155 | ⚠ POSSIBLE PORT SCAN DETECTED
2026-05-30 00:04:17,167 | ⚠ POSSIBLE PORT SCAN DETECTED
2026-05-30 00:04:18,181 | ⚠ POSSIBLE PORT SCAN DETECTED
2026-05-30 00:04:19,192 | ⚠ POSSIBLE PORT SCAN DETECTED
2026-05-30 00:04:19,617 | ⚠ POSSIBLE PORT SCAN DETECTED
2026-05-30 00:04:20,200 | ⚠ POSSIBLE PORT SCAN DETECTED
2026-05-30 00:04:21,214 | ⚠ POSSIBLE PORT SCAN DETECTED
2026-05-30 00:04:22,227 | ⚠ POSSIBLE PORT SCAN DETECTED
2026-05-30 00:04:22,408 | ⚠ POSSIBLE PORT SCAN DETECTED
2026-05-30 00:04:23,240 | ⚠ POSSIBLE PORT SCAN DETECTED
2026-05-30 00:04:24,254 | ⚠ POSSIBLE PORT SCAN DETECTED
2026-05-30 00:04:24,642 | ⚠ POSSIBLE PORT SCAN DETECTED
2026-05-30 00:04:25,266 | ⚠ POSSIBLE PORT SCAN DETECTED
2026-05-30 00:04:26,278 | ⚠ POSSIBLE PORT SCAN DETECTED
2026-05-30 00:04:27,288 | ⚠ POSSIBLE PORT SCAN DETECTED
2026-05-30 00:04:28,299 | ⚠ POSSIBLE PORT SCAN DETECTED
2026-05-30 00:04:29,316 | ⚠ POSSIBLE PORT SCAN DETECTED
2026-05-30 00:04:29,665 | ⚠ POSSIBLE PORT SCAN DETECTED
2026-05-30 00:04:30,329 | ⚠ POSSIBLE PORT SCAN DETECTED
2026-05-30 00:04:31,340 | ⚠ POSSIBLE PORT SCAN DETECTED
2026-05-30 00:04:32,353 | ⚠ POSSIBLE PORT SCAN DETECTED
2026-05-30 00:04:33,362 | ⚠ POSSIBLE PORT SCAN DETECTED
2026-05-30 00:04:34,371 | ⚠ POSSIBLE PORT SCAN DETECTED
2026-05-30 00:04:34,677 | ⚠ POSSIBLE PORT SCAN DETECTED
2026-05-30 00:04:35,189 | ⚠ POSSIBLE PORT SCAN DETECTED
2026-05-30 00:04:35,381 | ⚠ POSSIBLE PORT SCAN DETECTED
2026-05-30 00:04:36,395 | ⚠ POSSIBLE PORT SCAN DETECTED
2026-05-30 00:04:37,404 | ⚠ POSSIBLE PORT SCAN DETECTED
2026-05-30 00:04:38,414 | ⚠ POSSIBLE PORT SCAN DETECTED
2026-05-30 00:04:39,423 | ⚠ POSSIBLE PORT SCAN DETECTED
2026-05-30 00:04:39,692 | ⚠ POSSIBLE PORT SCAN DETECTED
2026-05-30 00:04:40,204 | ⚠ POSSIBLE PORT SCAN DETECTED
2026-05-30 00:04:40,432 | ⚠ POSSIBLE PORT SCAN DETECTED
2026-05-30 00:04:41,442 | ⚠ POSSIBLE PORT SCAN DETECTED
2026-05-30 00:04:42,458 | ⚠ POSSIBLE PORT SCAN DETECTED
2026-05-30 00:04:43,470 | ⚠ POSSIBLE PORT SCAN DETECTED
2026-05-30 00:04:44,480 | ⚠ POSSIBLE PORT SCAN DETECTED
2026-05-30 00:04:44,703 | ⚠ POSSIBLE PORT SCAN DETECTED
2026-05-30 00:04:45,194 | ⚠ POSSIBLE PORT SCAN DETECTED
2026-05-30 00:04:45,302 | ⚠ POSSIBLE PORT SCAN DETECTED
2026-05-30 00:04:45,487 | ⚠ POSSIBLE PORT SCAN DETECTED
2026-05-30 00:04:46,494 | ⚠ POSSIBLE PORT SCAN DETECTED
2026-05-30 00:04:47,519 | ⚠ POSSIBLE PORT SCAN DETECTED
2026-05-30 00:04:48,548 | ⚠ POSSIBLE PORT SCAN DETECTED
2026-05-30 00:04:49,561 | ⚠ POSSIBLE PORT SCAN DETECTED
2026-05-30 00:04:49,715 | ⚠ POSSIBLE PORT SCAN DETECTED
2026-05-30 00:04:50,574 | ⚠ POSSIBLE PORT SCAN DETECTED
2026-05-30 00:04:51,586 | ⚠ POSSIBLE PORT SCAN DETECTED
2026-05-30 00:04:52,596 | ⚠ POSSIBLE PORT SCAN DETECTED
2026-05-30 00:04:53,614 | ⚠ POSSIBLE PORT SCAN DETECTED
2026-05-30 00:04:53,740 | ⚠ POSSIBLE PORT SCAN DETECTED
2026-05-30 00:04:54,547 | ⚠ POSSIBLE PORT SCAN DETECTED
2026-05-30 00:04:54,623 | ⚠ POSSIBLE PORT SCAN DETECTED
2026-05-30 00:04:54,731 | ⚠ POSSIBLE PORT SCAN DETECTED
2026-05-30 00:04:55,060 | ⚠ POSSIBLE PORT SCAN DETECTED
2026-05-30 00:04:55,633 | ⚠ POSSIBLE PORT SCAN DETECTED
2026-05-30 00:04:56,645 | ⚠ POSSIBLE PORT SCAN DETECTED
2026-05-30 00:04:57,666 | ⚠ POSSIBLE PORT SCAN DETECTED
2026-05-30 00:04:58,678 | ⚠ POSSIBLE PORT SCAN DETECTED
2026-05-30 00:04:59,699 | ⚠ POSSIBLE PORT SCAN DETECTED
2026-05-30 00:04:59,740 | ⚠ POSSIBLE PORT SCAN DETECTED
2026-05-30 00:05:00,208 | ⚠ POSSIBLE PORT SCAN DETECTED
2026-05-30 00:05:00,795 | ⚠ POSSIBLE PORT SCAN DETECTED
2026-05-30 00:05:01,831 | ⚠ POSSIBLE PORT SCAN DETECTED
2026-05-30 00:05:02,838 | ⚠ POSSIBLE PORT SCAN DETECTED
2026-05-30 00:05:03,849 | ⚠ POSSIBLE PORT SCAN DETECTED
2026-05-30 00:05:04,746 | ⚠ POSSIBLE PORT SCAN DETECTED
2026-05-30 00:05:04,859 | ⚠ POSSIBLE PORT SCAN DETECTED
2026-05-30 00:05:05,869 | ⚠ POSSIBLE PORT SCAN DETECTED
2026-05-30 00:05:06,523 | ⚠ POSSIBLE PORT SCAN DETECTED
2026-05-30 00:05:06,877 | ⚠ POSSIBLE PORT SCAN DETECTED
2026-05-30 00:05:07,885 | ⚠ POSSIBLE PORT SCAN DETECTED
2026-05-30 00:05:08,892 | ⚠ POSSIBLE PORT SCAN DETECTED
2026-05-30 00:05:09,753 | ⚠ POSSIBLE PORT SCAN DETECTED
2026-05-30 00:05:09,901 | ⚠ POSSIBLE PORT SCAN DETECTED
2026-05-30 00:05:10,910 | ⚠ POSSIBLE PORT SCAN DETECTED
2026-05-30 00:05:11,922 | ⚠ POSSIBLE PORT SCAN DETECTED
2026-05-30 00:05:12,930 | ⚠ POSSIBLE PORT SCAN DETECTED
2026-05-30 00:05:13,935 | ⚠ POSSIBLE PORT SCAN DETECTED
2026-05-30 00:05:14,766 | ⚠ POSSIBLE PORT SCAN DETECTED
2026-05-30 00:05:14,952 | ⚠ POSSIBLE PORT SCAN DETECTED
2026-05-30 00:05:15,962 | ⚠ POSSIBLE PORT SCAN DETECTED
2026-05-30 00:05:16,202 | ⚠ POSSIBLE PORT SCAN DETECTED
2026-05-30 00:05:16,981 | ⚠ POSSIBLE PORT SCAN DETECTED
2026-05-30 00:05:17,987 | ⚠ POSSIBLE PORT SCAN DETECTED
2026-05-30 00:05:18,993 | ⚠ POSSIBLE PORT SCAN DETECTED
2026-05-30 00:05:19,379 | ⚠ POSSIBLE PORT SCAN DETECTED
2026-05-30 00:05:19,777 | ⚠ POSSIBLE PORT SCAN DETECTED
2026-05-30 00:05:19,999 | ⚠ POSSIBLE PORT SCAN DETECTED
2026-05-30 00:05:21,011 | ⚠ POSSIBLE PORT SCAN DETECTED
2026-05-30 00:05:22,018 | ⚠ POSSIBLE PORT SCAN DETECTED
2026-05-30 00:05:23,026 | ⚠ POSSIBLE PORT SCAN DETECTED
2026-05-30 00:05:24,030 | ⚠ POSSIBLE PORT SCAN DETECTED
2026-05-30 00:05:24,446 | ⚠ POSSIBLE PORT SCAN DETECTED
2026-05-30 00:05:24,789 | ⚠ POSSIBLE PORT SCAN DETECTED
2026-05-30 00:05:25,038 | ⚠ POSSIBLE PORT SCAN DETECTED
2026-05-30 00:05:26,047 | ⚠ POSSIBLE PORT SCAN DETECTED
2026-05-30 00:05:27,052 | ⚠ POSSIBLE PORT SCAN DETECTED
2026-05-30 00:05:28,063 | ⚠ POSSIBLE PORT SCAN DETECTED
2026-05-30 00:05:29,075 | ⚠ POSSIBLE PORT SCAN DETECTED
2026-05-30 00:05:29,798 | ⚠ POSSIBLE PORT SCAN DETECTED
2026-05-30 00:05:30,086 | ⚠ POSSIBLE PORT SCAN DETECTED
2026-05-30 00:05:31,095 | ⚠ POSSIBLE PORT SCAN DETECTED
2026-05-30 00:05:32,103 | ⚠ POSSIBLE PORT SCAN DETECTED
2026-05-30 00:05:33,109 | ⚠ POSSIBLE PORT SCAN DETECTED
2026-05-30 00:05:34,118 | ⚠ POSSIBLE PORT SCAN DETECTED
2026-05-30 00:05:34,808 | ⚠ POSSIBLE PORT SCAN DETECTED
2026-05-30 00:05:35,127 | ⚠ POSSIBLE PORT SCAN DETECTED
2026-05-30 00:05:36,136 | ⚠ POSSIBLE PORT SCAN DETECTED
2026-05-30 00:05:37,143 | ⚠ POSSIBLE PORT SCAN DETECTED
2026-05-30 00:05:38,152 | ⚠ POSSIBLE PORT SCAN DETECTED
2026-05-30 00:05:39,165 | ⚠ POSSIBLE PORT SCAN DETECTED
2026-05-30 00:05:39,199 | ⚠ POSSIBLE PORT SCAN DETECTED
2026-05-30 00:05:39,822 | ⚠ POSSIBLE PORT SCAN DETECTED
2026-05-30 00:05:40,174 | ⚠ POSSIBLE PORT SCAN DETECTED
2026-05-30 00:05:41,183 | ⚠ POSSIBLE PORT SCAN DETECTED
2026-05-30 00:05:42,192 | ⚠ POSSIBLE PORT SCAN DETECTED
2026-05-30 00:05:43,202 | ⚠ POSSIBLE PORT SCAN DETECTED
2026-05-30 00:05:44,215 | ⚠ POSSIBLE PORT SCAN DETECTED
2026-05-30 00:05:44,311 | ⚠ POSSIBLE PORT SCAN DETECTED
2026-05-30 00:05:44,835 | ⚠ POSSIBLE PORT SCAN DETECTED
2026-05-30 00:05:45,226 | ⚠ POSSIBLE PORT SCAN DETECTED
2026-05-30 00:05:46,234 | ⚠ POSSIBLE PORT SCAN DETECTED
2026-05-30 00:05:47,141 | ⚠ POSSIBLE PORT SCAN DETECTED
2026-05-30 00:05:47,242 | ⚠ POSSIBLE PORT SCAN DETECTED
2026-05-30 00:05:48,250 | ⚠ POSSIBLE PORT SCAN DETECTED
2026-05-30 00:05:49,263 | ⚠ POSSIBLE PORT SCAN DETECTED
2026-05-30 00:05:49,924 | ⚠ POSSIBLE PORT SCAN DETECTED
2026-05-30 00:05:50,271 | ⚠ POSSIBLE PORT SCAN DETECTED
2026-05-30 00:05:51,280 | ⚠ POSSIBLE PORT SCAN DETECTED
2026-05-30 00:05:52,288 | ⚠ POSSIBLE PORT SCAN DETECTED
2026-05-30 00:05:53,297 | ⚠ POSSIBLE PORT SCAN DETECTED
2026-05-30 00:05:54,305 | ⚠ POSSIBLE PORT SCAN DETECTED
2026-05-30 00:05:54,934 | ⚠ POSSIBLE PORT SCAN DETECTED
2026-05-30 00:05:55,313 | ⚠ POSSIBLE PORT SCAN DETECTED
2026-05-30 00:05:56,321 | ⚠ POSSIBLE PORT SCAN DETECTED
2026-05-30 00:05:57,330 | ⚠ POSSIBLE PORT SCAN DETECTED
2026-05-30 00:05:58,338 | ⚠ POSSIBLE PORT SCAN DETECTED
2026-05-30 00:05:59,347 | ⚠ POSSIBLE PORT SCAN DETECTED
2026-05-30 00:05:59,436 | ⚠ POSSIBLE PORT SCAN DETECTED
2026-05-30 00:05:59,950 | ⚠ POSSIBLE PORT SCAN DETECTED
2026-05-30 00:06:00,358 | ⚠ POSSIBLE PORT SCAN DETECTED
2026-05-30 00:06:01,369 | ⚠ POSSIBLE PORT SCAN DETECTED
2026-05-30 00:06:02,379 | ⚠ POSSIBLE PORT SCAN DETECTED
2026-05-30 00:06:03,388 | ⚠ POSSIBLE PORT SCAN DETECTED
2026-05-30 00:06:04,397 | ⚠ POSSIBLE PORT SCAN DETECTED
2026-05-30 00:06:04,964 | ⚠ POSSIBLE PORT SCAN DETECTED
2026-05-30 00:06:05,409 | ⚠ POSSIBLE PORT SCAN DETECTED
2026-05-30 00:06:06,418 | ⚠ POSSIBLE PORT SCAN DETECTED
2026-05-30 00:06:07,429 | ⚠ POSSIBLE PORT SCAN DETECTED
2026-05-30 00:06:08,439 | ⚠ POSSIBLE PORT SCAN DETECTED
2026-05-30 00:06:09,450 | ⚠ POSSIBLE PORT SCAN DETECTED
2026-05-30 00:06:09,975 | ⚠ POSSIBLE PORT SCAN DETECTED
2026-05-30 00:06:10,457 | ⚠ POSSIBLE PORT SCAN DETECTED
2026-05-30 00:06:11,465 | ⚠ POSSIBLE PORT SCAN DETECTED
2026-05-30 00:06:12,476 | ⚠ POSSIBLE PORT SCAN DETECTED
2026-05-30 00:06:13,488 | ⚠ POSSIBLE PORT SCAN DETECTED
2026-05-30 00:06:14,498 | ⚠ POSSIBLE PORT SCAN DETECTED
2026-05-30 00:06:14,804 | ⚠ POSSIBLE PORT SCAN DETECTED
2026-05-30 00:06:14,986 | ⚠ POSSIBLE PORT SCAN DETECTED
2026-05-30 00:06:15,509 | ⚠ POSSIBLE PORT SCAN DETECTED
2026-05-30 00:06:16,520 | ⚠ POSSIBLE PORT SCAN DETECTED
2026-05-30 00:06:17,529 | ⚠ POSSIBLE PORT SCAN DETECTED
2026-05-30 00:06:17,959 | ⚠ POSSIBLE PORT SCAN DETECTED
2026-05-30 00:06:18,535 | ⚠ POSSIBLE PORT SCAN DETECTED
2026-05-30 00:06:19,541 | ⚠ POSSIBLE PORT SCAN DETECTED
2026-05-30 00:06:19,853 | ⚠ POSSIBLE PORT SCAN DETECTED
2026-05-30 00:06:20,001 | ⚠ POSSIBLE PORT SCAN DETECTED
2026-05-30 00:06:20,553 | ⚠ POSSIBLE PORT SCAN DETECTED
2026-05-30 00:06:21,563 | ⚠ POSSIBLE PORT SCAN DETECTED
2026-05-30 00:06:22,574 | ⚠ POSSIBLE PORT SCAN DETECTED
2026-05-30 00:06:23,585 | ⚠ POSSIBLE PORT SCAN DETECTED
2026-05-30 00:06:24,595 | ⚠ POSSIBLE PORT SCAN DETECTED
2026-05-30 00:06:25,020 | ⚠ POSSIBLE PORT SCAN DETECTED
2026-05-30 00:06:25,610 | ⚠ POSSIBLE PORT SCAN DETECTED
2026-05-30 00:06:26,079 | ⚠ POSSIBLE PORT SCAN DETECTED
2026-05-30 00:06:26,621 | ⚠ POSSIBLE PORT SCAN DETECTED
2026-05-30 00:06:27,632 | ⚠ POSSIBLE PORT SCAN DETECTED
2026-05-30 00:06:28,640 | ⚠ POSSIBLE PORT SCAN DETECTED
2026-05-30 00:06:29,655 | ⚠ POSSIBLE PORT SCAN DETECTED
2026-05-30 00:06:30,083 | ⚠ POSSIBLE PORT SCAN DETECTED
2026-05-30 00:06:30,718 | ⚠ POSSIBLE PORT SCAN DETECTED
2026-05-30 00:06:31,086 | ⚠ POSSIBLE PORT SCAN DETECTED
2026-05-30 00:06:31,738 | ⚠ POSSIBLE PORT SCAN DETECTED
2026-05-30 00:06:32,746 | ⚠ POSSIBLE PORT SCAN DETECTED
2026-05-30 00:06:33,761 | ⚠ POSSIBLE PORT SCAN DETECTED
2026-05-30 00:06:34,772 | ⚠ POSSIBLE PORT SCAN DETECTED
2026-05-30 00:06:35,144 | ⚠ POSSIBLE PORT SCAN DETECTED
2026-05-30 00:06:35,778 | ⚠ POSSIBLE PORT SCAN DETECTED
2026-05-30 00:06:36,789 | ⚠ POSSIBLE PORT SCAN DETECTED
2026-05-30 00:06:37,144 | ⚠ POSSIBLE PORT SCAN DETECTED
2026-05-30 00:06:37,799 | ⚠ POSSIBLE PORT SCAN DETECTED
2026-05-30 00:06:38,806 | ⚠ POSSIBLE PORT SCAN DETECTED
2026-05-30 00:06:39,824 | ⚠ POSSIBLE PORT SCAN DETECTED
2026-05-30 00:06:40,165 | ⚠ POSSIBLE PORT SCAN DETECTED
2026-05-30 00:06:40,835 | ⚠ POSSIBLE PORT SCAN DETECTED
2026-05-30 00:06:41,871 | ⚠ POSSIBLE PORT SCAN DETECTED
2026-05-30 00:06:42,248 | ⚠ POSSIBLE PORT SCAN DETECTED
2026-05-30 00:06:42,878 | ⚠ POSSIBLE PORT SCAN DETECTED
2026-05-30 00:06:43,897 | ⚠ POSSIBLE PORT SCAN DETECTED
2026-05-30 00:06:44,911 | ⚠ POSSIBLE PORT SCAN DETECTED
2026-05-30 00:06:45,183 | ⚠ BANDWIDTH SPIKE DETECTED
2026-05-30 00:06:45,183 | ⚠ POSSIBLE PORT SCAN DETECTED
2026-05-30 00:06:45,920 | ⚠ POSSIBLE PORT SCAN DETECTED
2026-05-30 00:06:46,930 | ⚠ POSSIBLE PORT SCAN DETECTED
2026-05-30 00:06:47,940 | ⚠ POSSIBLE PORT SCAN DETECTED
2026-05-30 00:06:48,949 | ⚠ POSSIBLE PORT SCAN DETECTED
2026-05-30 00:06:49,079 | ⚠ POSSIBLE PORT SCAN DETECTED
2026-05-30 00:06:49,400 | ⚠ POSSIBLE PORT SCAN DETECTED
2026-05-30 00:06:49,967 | ⚠ POSSIBLE PORT SCAN DETECTED
2026-05-30 00:06:50,197 | ⚠ BANDWIDTH SPIKE DETECTED
2026-05-30 00:06:50,197 | ⚠ POSSIBLE PORT SCAN DETECTED
2026-05-30 00:06:50,977 | ⚠ POSSIBLE PORT SCAN DETECTED
2026-05-30 00:06:51,984 | ⚠ POSSIBLE PORT SCAN DETECTED
2026-05-30 00:06:52,990 | ⚠ POSSIBLE PORT SCAN DETECTED
2026-05-30 00:06:53,997 | ⚠ POSSIBLE PORT SCAN DETECTED
2026-05-30 00:06:55,000 | ⚠ POSSIBLE PORT SCAN DETECTED
2026-05-30 00:06:55,207 | ⚠ BANDWIDTH SPIKE DETECTED
2026-05-30 00:06:55,207 | ⚠ POSSIBLE PORT SCAN DETECTED
2026-05-30 00:06:56,004 | ⚠ POSSIBLE PORT SCAN DETECTED
2026-05-30 00:06:57,011 | ⚠ POSSIBLE PORT SCAN DETECTED
2026-05-30 00:06:58,025 | ⚠ POSSIBLE PORT SCAN DETECTED
2026-05-30 00:06:59,050 | ⚠ POSSIBLE PORT SCAN DETECTED
2026-05-30 00:07:00,052 | ⚠ POSSIBLE PORT SCAN DETECTED
2026-05-30 00:07:00,231 | ⚠ BANDWIDTH SPIKE DETECTED
2026-05-30 00:07:00,232 | ⚠ POSSIBLE PORT SCAN DETECTED
2026-05-30 00:07:01,057 | ⚠ POSSIBLE PORT SCAN DETECTED
2026-05-30 00:07:02,063 | ⚠ POSSIBLE PORT SCAN DETECTED
2026-05-30 00:07:03,066 | ⚠ POSSIBLE PORT SCAN DETECTED
2026-05-30 00:07:03,112 | ⚠ POSSIBLE PORT SCAN DETECTED
2026-05-30 00:07:04,074 | ⚠ POSSIBLE PORT SCAN DETECTED
2026-05-30 00:07:05,100 | ⚠ POSSIBLE PORT SCAN DETECTED
2026-05-30 00:07:05,239 | ⚠ BANDWIDTH SPIKE DETECTED
2026-05-30 00:07:05,239 | ⚠ POSSIBLE PORT SCAN DETECTED
2026-05-30 00:07:06,104 | ⚠ POSSIBLE PORT SCAN DETECTED
2026-05-30 00:07:07,106 | ⚠ POSSIBLE PORT SCAN DETECTED
2026-05-30 00:07:08,109 | ⚠ POSSIBLE PORT SCAN DETECTED
2026-05-30 00:07:09,113 | ⚠ POSSIBLE PORT SCAN DETECTED
2026-05-30 00:07:10,123 | ⚠ POSSIBLE PORT SCAN DETECTED
2026-05-30 00:07:10,246 | ⚠ BANDWIDTH SPIKE DETECTED
2026-05-30 00:07:10,247 | ⚠ POSSIBLE PORT SCAN DETECTED
2026-05-30 00:07:11,126 | ⚠ POSSIBLE PORT SCAN DETECTED
2026-05-30 00:07:12,131 | ⚠ POSSIBLE PORT SCAN DETECTED
2026-05-30 00:07:13,134 | ⚠ POSSIBLE PORT SCAN DETECTED
2026-05-30 00:07:14,138 | ⚠ POSSIBLE PORT SCAN DETECTED
2026-05-30 00:07:15,151 | ⚠ POSSIBLE PORT SCAN DETECTED
2026-05-30 00:07:15,253 | ⚠ BANDWIDTH SPIKE DETECTED
2026-05-30 00:07:15,256 | ⚠ POSSIBLE PORT SCAN DETECTED
2026-05-30 00:07:16,157 | ⚠ POSSIBLE PORT SCAN DETECTED
2026-05-30 00:07:17,162 | ⚠ POSSIBLE PORT SCAN DETECTED
2026-05-30 00:07:18,191 | ⚠ POSSIBLE PORT SCAN DETECTED
2026-05-30 00:07:19,205 | ⚠ POSSIBLE PORT SCAN DETECTED
2026-05-30 00:07:20,222 | ⚠ POSSIBLE PORT SCAN DETECTED
2026-05-30 00:07:20,266 | ⚠ BANDWIDTH SPIKE DETECTED
2026-05-30 00:07:20,266 | ⚠ POSSIBLE PORT SCAN DETECTED
2026-05-30 00:07:20,366 | ⚠ POSSIBLE PORT SCAN DETECTED
2026-05-30 00:07:21,230 | ⚠ POSSIBLE PORT SCAN DETECTED
2026-05-30 00:07:22,235 | ⚠ POSSIBLE PORT SCAN DETECTED
2026-05-30 00:07:23,262 | ⚠ POSSIBLE PORT SCAN DETECTED
2026-05-30 00:07:23,350 | ⚠ POSSIBLE PORT SCAN DETECTED
2026-05-30 00:07:24,274 | ⚠ POSSIBLE PORT SCAN DETECTED
2026-05-30 00:07:25,275 | ⚠ BANDWIDTH SPIKE DETECTED
2026-05-30 00:07:25,276 | ⚠ POSSIBLE PORT SCAN DETECTED
2026-05-30 00:07:25,278 | ⚠ POSSIBLE PORT SCAN DETECTED
2026-05-30 00:07:26,293 | ⚠ POSSIBLE PORT SCAN DETECTED
2026-05-30 00:07:27,298 | ⚠ POSSIBLE PORT SCAN DETECTED
2026-05-30 00:07:28,306 | ⚠ POSSIBLE PORT SCAN DETECTED
2026-05-30 00:07:29,322 | ⚠ POSSIBLE PORT SCAN DETECTED
2026-05-30 00:07:30,298 | ⚠ BANDWIDTH SPIKE DETECTED
2026-05-30 00:07:30,298 | ⚠ POSSIBLE PORT SCAN DETECTED
2026-05-30 00:07:30,325 | ⚠ POSSIBLE PORT SCAN DETECTED
2026-05-30 00:07:31,329 | ⚠ POSSIBLE PORT SCAN DETECTED
2026-05-30 00:07:32,337 | ⚠ POSSIBLE PORT SCAN DETECTED
2026-05-30 00:07:33,347 | ⚠ POSSIBLE PORT SCAN DETECTED
2026-05-30 00:07:34,367 | ⚠ POSSIBLE PORT SCAN DETECTED
2026-05-30 00:07:35,307 | ⚠ BANDWIDTH SPIKE DETECTED
2026-05-30 00:07:35,307 | ⚠ POSSIBLE PORT SCAN DETECTED
2026-05-30 00:07:35,372 | ⚠ POSSIBLE PORT SCAN DETECTED
2026-05-30 00:07:36,377 | ⚠ POSSIBLE PORT SCAN DETECTED
2026-05-30 00:07:37,383 | ⚠ POSSIBLE PORT SCAN DETECTED
2026-05-30 00:07:38,391 | ⚠ POSSIBLE PORT SCAN DETECTED
2026-05-30 00:07:39,399 | ⚠ POSSIBLE PORT SCAN DETECTED
2026-05-30 00:07:40,317 | ⚠ BANDWIDTH SPIKE DETECTED
2026-05-30 00:07:40,318 | ⚠ POSSIBLE PORT SCAN DETECTED
2026-05-30 00:07:40,403 | ⚠ POSSIBLE PORT SCAN DETECTED
2026-05-30 00:07:41,413 | ⚠ POSSIBLE PORT SCAN DETECTED
2026-05-30 00:07:42,423 | ⚠ POSSIBLE PORT SCAN DETECTED
2026-05-30 00:07:43,432 | ⚠ POSSIBLE PORT SCAN DETECTED
2026-05-30 00:07:43,853 | ⚠ POSSIBLE PORT SCAN DETECTED
2026-05-30 00:07:44,440 | ⚠ POSSIBLE PORT SCAN DETECTED
2026-05-30 00:07:45,331 | ⚠ BANDWIDTH SPIKE DETECTED
2026-05-30 00:07:45,332 | ⚠ POSSIBLE PORT SCAN DETECTED
2026-05-30 00:07:45,444 | ⚠ POSSIBLE PORT SCAN DETECTED
2026-05-30 00:07:46,451 | ⚠ POSSIBLE PORT SCAN DETECTED
2026-05-30 00:07:47,455 | ⚠ POSSIBLE PORT SCAN DETECTED
2026-05-30 00:07:48,459 | ⚠ POSSIBLE PORT SCAN DETECTED
2026-05-30 00:07:49,467 | ⚠ POSSIBLE PORT SCAN DETECTED
2026-05-30 00:07:50,353 | ⚠ BANDWIDTH SPIKE DETECTED
2026-05-30 00:07:50,354 | ⚠ POSSIBLE PORT SCAN DETECTED
2026-05-30 00:07:50,471 | ⚠ POSSIBLE PORT SCAN DETECTED
2026-05-30 00:07:51,319 | ⚠ POSSIBLE PORT SCAN DETECTED
2026-05-30 00:07:51,481 | ⚠ POSSIBLE PORT SCAN DETECTED
2026-05-30 00:07:52,489 | ⚠ POSSIBLE PORT SCAN DETECTED
2026-05-30 00:07:53,522 | ⚠ POSSIBLE PORT SCAN DETECTED
2026-05-30 00:07:53,948 | ⚠ POSSIBLE PORT SCAN DETECTED
2026-05-30 00:07:54,526 | ⚠ POSSIBLE PORT SCAN DETECTED
2026-05-30 00:07:55,370 | ⚠ BANDWIDTH SPIKE DETECTED
2026-05-30 00:07:55,371 | ⚠ POSSIBLE PORT SCAN DETECTED
2026-05-30 00:07:55,541 | ⚠ POSSIBLE PORT SCAN DETECTED
2026-05-30 00:07:56,555 | ⚠ POSSIBLE PORT SCAN DETECTED
2026-05-30 00:07:57,564 | ⚠ POSSIBLE PORT SCAN DETECTED
2026-05-30 00:07:58,576 | ⚠ POSSIBLE PORT SCAN DETECTED
2026-05-30 00:07:59,046 | ⚠ POSSIBLE PORT SCAN DETECTED
2026-05-30 00:07:59,582 | ⚠ POSSIBLE PORT SCAN DETECTED
2026-05-30 00:08:00,385 | ⚠ POSSIBLE PORT SCAN DETECTED
2026-05-30 00:08:00,596 | ⚠ POSSIBLE PORT SCAN DETECTED
2026-05-30 00:08:01,607 | ⚠ POSSIBLE PORT SCAN DETECTED
2026-05-30 00:08:02,618 | ⚠ POSSIBLE PORT SCAN DETECTED
2026-05-30 00:08:03,629 | ⚠ POSSIBLE PORT SCAN DETECTED
2026-05-30 00:08:04,134 | ⚠ POSSIBLE PORT SCAN DETECTED
2026-05-30 00:08:04,638 | ⚠ POSSIBLE PORT SCAN DETECTED
2026-05-30 00:08:05,405 | ⚠ POSSIBLE PORT SCAN DETECTED
2026-05-30 00:08:05,649 | ⚠ POSSIBLE PORT SCAN DETECTED
2026-05-30 00:08:06,660 | ⚠ POSSIBLE PORT SCAN DETECTED
2026-05-30 00:08:07,669 | ⚠ POSSIBLE PORT SCAN DETECTED
2026-05-30 00:08:08,681 | ⚠ POSSIBLE PORT SCAN DETECTED
2026-05-30 00:08:09,689 | ⚠ POSSIBLE PORT SCAN DETECTED
2026-05-30 00:08:10,419 | ⚠ POSSIBLE PORT SCAN DETECTED
2026-05-30 00:08:10,695 | ⚠ POSSIBLE PORT SCAN DETECTED
2026-05-30 00:08:11,708 | ⚠ POSSIBLE PORT SCAN DETECTED
2026-05-30 00:08:12,716 | ⚠ POSSIBLE PORT SCAN DETECTED
2026-05-30 00:08:13,745 | ⚠ POSSIBLE PORT SCAN DETECTED
2026-05-30 00:08:14,774 | ⚠ POSSIBLE PORT SCAN DETECTED
2026-05-30 00:08:15,435 | ⚠ POSSIBLE PORT SCAN DETECTED
2026-05-30 00:08:15,785 | ⚠ POSSIBLE PORT SCAN DETECTED
2026-05-30 00:08:16,798 | ⚠ POSSIBLE PORT SCAN DETECTED
2026-05-30 00:08:17,823 | ⚠ POSSIBLE PORT SCAN DETECTED
2026-05-30 00:08:18,834 | ⚠ POSSIBLE PORT SCAN DETECTED
2026-05-30 00:08:18,887 | ⚠ POSSIBLE PORT SCAN DETECTED
2026-05-30 00:08:19,843 | ⚠ POSSIBLE PORT SCAN DETECTED
2026-05-30 00:08:20,447 | ⚠ POSSIBLE PORT SCAN DETECTED
2026-05-30 00:08:20,855 | ⚠ POSSIBLE PORT SCAN DETECTED
2026-05-30 00:08:21,866 | ⚠ POSSIBLE PORT SCAN DETECTED
2026-05-30 00:08:22,248 | ⚠ POSSIBLE PORT SCAN DETECTED
2026-05-30 00:08:22,875 | ⚠ POSSIBLE PORT SCAN DETECTED
2026-05-30 00:08:23,880 | ⚠ POSSIBLE PORT SCAN DETECTED
2026-05-30 00:08:24,893 | ⚠ POSSIBLE PORT SCAN DETECTED
2026-05-30 00:08:25,468 | ⚠ POSSIBLE PORT SCAN DETECTED
2026-05-30 00:08:25,905 | ⚠ POSSIBLE PORT SCAN DETECTED
2026-05-30 00:08:26,919 | ⚠ POSSIBLE PORT SCAN DETECTED
2026-05-30 00:08:27,930 | ⚠ POSSIBLE PORT SCAN DETECTED
2026-05-30 00:08:28,940 | ⚠ POSSIBLE PORT SCAN DETECTED
2026-05-30 00:08:29,953 | ⚠ POSSIBLE PORT SCAN DETECTED
2026-05-30 00:08:30,485 | ⚠ POSSIBLE PORT SCAN DETECTED
2026-05-30 00:08:30,964 | ⚠ POSSIBLE PORT SCAN DETECTED
2026-05-30 00:08:31,973 | ⚠ POSSIBLE PORT SCAN DETECTED
2026-05-30 00:08:32,982 | ⚠ POSSIBLE PORT SCAN DETECTED
2026-05-30 00:08:33,987 | ⚠ POSSIBLE PORT SCAN DETECTED
2026-05-30 00:08:34,998 | ⚠ POSSIBLE PORT SCAN DETECTED
2026-05-30 00:08:35,501 | ⚠ POSSIBLE PORT SCAN DETECTED
2026-05-30 00:08:36,030 | ⚠ POSSIBLE PORT SCAN DETECTED
2026-05-30 00:08:37,038 | ⚠ POSSIBLE PORT SCAN DETECTED
2026-05-30 00:08:38,048 | ⚠ POSSIBLE PORT SCAN DETECTED
2026-05-30 00:08:39,053 | ⚠ POSSIBLE PORT SCAN DETECTED
2026-05-30 00:08:39,204 | ⚠ POSSIBLE PORT SCAN DETECTED
2026-05-30 00:08:40,072 | ⚠ POSSIBLE PORT SCAN DETECTED
2026-05-30 00:08:40,516 | ⚠ POSSIBLE PORT SCAN DETECTED
2026-05-30 00:08:41,085 | ⚠ POSSIBLE PORT SCAN DETECTED
2026-05-30 00:08:42,096 | ⚠ POSSIBLE PORT SCAN DETECTED
2026-05-30 00:08:43,118 | ⚠ POSSIBLE PORT SCAN DETECTED
2026-05-30 00:08:44,124 | ⚠ POSSIBLE PORT SCAN DETECTED
2026-05-30 00:08:45,134 | ⚠ POSSIBLE PORT SCAN DETECTED
2026-05-30 00:08:45,535 | ⚠ POSSIBLE PORT SCAN DETECTED
2026-05-30 00:08:46,142 | ⚠ POSSIBLE PORT SCAN DETECTED
2026-05-30 00:08:47,152 | ⚠ POSSIBLE PORT SCAN DETECTED
2026-05-30 00:08:48,172 | ⚠ POSSIBLE PORT SCAN DETECTED
2026-05-30 00:08:49,192 | ⚠ POSSIBLE PORT SCAN DETECTED
2026-05-30 00:08:50,208 | ⚠ POSSIBLE PORT SCAN DETECTED
2026-05-30 00:08:50,552 | ⚠ POSSIBLE PORT SCAN DETECTED
2026-05-30 00:08:51,222 | ⚠ POSSIBLE PORT SCAN DETECTED
2026-05-30 00:08:52,239 | ⚠ POSSIBLE PORT SCAN DETECTED
2026-05-30 00:08:53,216 | ⚠ POSSIBLE PORT SCAN DETECTED
2026-05-30 00:08:53,250 | ⚠ POSSIBLE PORT SCAN DETECTED
2026-05-30 00:08:53,535 | ⚠ POSSIBLE PORT SCAN DETECTED
2026-05-30 00:08:54,259 | ⚠ POSSIBLE PORT SCAN DETECTED
2026-05-30 00:08:55,270 | ⚠ POSSIBLE PORT SCAN DETECTED
2026-05-30 00:08:55,565 | ⚠ POSSIBLE PORT SCAN DETECTED
2026-05-30 00:08:56,281 | ⚠ POSSIBLE PORT SCAN DETECTED
2026-05-30 00:08:57,290 | ⚠ POSSIBLE PORT SCAN DETECTED
2026-05-30 00:08:58,304 | ⚠ POSSIBLE PORT SCAN DETECTED
2026-05-30 00:08:58,783 | ⚠ POSSIBLE PORT SCAN DETECTED
2026-05-30 00:08:59,310 | ⚠ POSSIBLE PORT SCAN DETECTED
2026-05-30 00:09:00,332 | ⚠ POSSIBLE PORT SCAN DETECTED
2026-05-30 00:09:00,580 | ⚠ POSSIBLE PORT SCAN DETECTED
2026-05-30 00:09:01,339 | ⚠ POSSIBLE PORT SCAN DETECTED
2026-05-30 00:09:02,350 | ⚠ POSSIBLE PORT SCAN DETECTED
2026-05-30 00:09:03,364 | ⚠ POSSIBLE PORT SCAN DETECTED
2026-05-30 00:09:04,382 | ⚠ POSSIBLE PORT SCAN DETECTED
2026-05-30 00:09:05,389 | ⚠ POSSIBLE PORT SCAN DETECTED
2026-05-30 00:09:05,483 | ⚠ POSSIBLE PORT SCAN DETECTED
2026-05-30 00:09:05,590 | ⚠ BANDWIDTH SPIKE DETECTED
2026-05-30 00:09:05,590 | ⚠ POSSIBLE PORT SCAN DETECTED
2026-05-30 00:09:06,393 | ⚠ POSSIBLE PORT SCAN DETECTED
2026-05-30 00:09:07,397 | ⚠ POSSIBLE PORT SCAN DETECTED
2026-05-30 00:09:08,410 | ⚠ POSSIBLE PORT SCAN DETECTED
2026-05-30 00:09:09,420 | ⚠ POSSIBLE PORT SCAN DETECTED
2026-05-30 00:09:10,429 | ⚠ POSSIBLE PORT SCAN DETECTED
2026-05-30 00:09:10,620 | ⚠ BANDWIDTH SPIKE DETECTED
2026-05-30 00:09:10,621 | ⚠ POSSIBLE PORT SCAN DETECTED
2026-05-30 00:09:11,461 | ⚠ POSSIBLE PORT SCAN DETECTED
2026-05-30 00:09:12,472 | ⚠ POSSIBLE PORT SCAN DETECTED
2026-05-30 00:09:13,481 | ⚠ POSSIBLE PORT SCAN DETECTED
2026-05-30 00:09:14,495 | ⚠ POSSIBLE PORT SCAN DETECTED
2026-05-30 00:09:15,501 | ⚠ POSSIBLE PORT SCAN DETECTED
2026-05-30 00:09:15,633 | ⚠ BANDWIDTH SPIKE DETECTED
2026-05-30 00:09:15,633 | ⚠ POSSIBLE PORT SCAN DETECTED
2026-05-30 00:09:16,505 | ⚠ POSSIBLE PORT SCAN DETECTED
2026-05-30 00:09:17,515 | ⚠ POSSIBLE PORT SCAN DETECTED
2026-05-30 00:09:18,528 | ⚠ POSSIBLE PORT SCAN DETECTED
2026-05-30 00:09:18,571 | ⚠ POSSIBLE PORT SCAN DETECTED
2026-05-30 00:09:19,544 | ⚠ POSSIBLE PORT SCAN DETECTED
2026-05-30 00:09:20,554 | ⚠ POSSIBLE PORT SCAN DETECTED
2026-05-30 00:09:20,647 | ⚠ POSSIBLE PORT SCAN DETECTED
2026-05-30 00:09:21,562 | ⚠ POSSIBLE PORT SCAN DETECTED
2026-05-30 00:09:22,573 | ⚠ POSSIBLE PORT SCAN DETECTED
2026-05-30 00:09:23,578 | ⚠ POSSIBLE PORT SCAN DETECTED
2026-05-30 00:09:24,585 | ⚠ POSSIBLE PORT SCAN DETECTED
2026-05-30 00:09:24,840 | ⚠ POSSIBLE PORT SCAN DETECTED
2026-05-30 00:09:25,592 | ⚠ POSSIBLE PORT SCAN DETECTED
2026-05-30 00:09:25,652 | ⚠ BANDWIDTH SPIKE DETECTED
2026-05-30 00:09:25,652 | ⚠ POSSIBLE PORT SCAN DETECTED
2026-05-30 00:09:26,596 | ⚠ POSSIBLE PORT SCAN DETECTED
2026-05-30 00:09:27,603 | ⚠ POSSIBLE PORT SCAN DETECTED
2026-05-30 00:09:28,608 | ⚠ POSSIBLE PORT SCAN DETECTED
2026-05-30 00:09:29,616 | ⚠ POSSIBLE PORT SCAN DETECTED
2026-05-30 00:09:30,620 | ⚠ POSSIBLE PORT SCAN DETECTED
2026-05-30 00:09:30,665 | ⚠ BANDWIDTH SPIKE DETECTED
2026-05-30 00:09:30,666 | ⚠ POSSIBLE PORT SCAN DETECTED
2026-05-30 00:09:31,629 | ⚠ POSSIBLE PORT SCAN DETECTED
2026-05-30 00:09:32,639 | ⚠ POSSIBLE PORT SCAN DETECTED
2026-05-30 00:09:33,644 | ⚠ POSSIBLE PORT SCAN DETECTED
2026-05-30 00:09:34,652 | ⚠ POSSIBLE PORT SCAN DETECTED
2026-05-30 00:09:35,659 | ⚠ POSSIBLE PORT SCAN DETECTED
2026-05-30 00:09:35,680 | ⚠ BANDWIDTH SPIKE DETECTED
2026-05-30 00:09:35,681 | ⚠ POSSIBLE PORT SCAN DETECTED
2026-05-30 00:09:36,668 | ⚠ POSSIBLE PORT SCAN DETECTED
2026-05-30 00:09:37,674 | ⚠ POSSIBLE PORT SCAN DETECTED
2026-05-30 00:09:38,684 | ⚠ POSSIBLE PORT SCAN DETECTED
2026-05-30 00:09:38,733 | ⚠ POSSIBLE PORT SCAN DETECTED
2026-05-30 00:09:39,689 | ⚠ POSSIBLE PORT SCAN DETECTED
2026-05-30 00:09:40,695 | ⚠ BANDWIDTH SPIKE DETECTED
2026-05-30 00:09:40,695 | ⚠ POSSIBLE PORT SCAN DETECTED
2026-05-30 00:09:40,701 | ⚠ POSSIBLE PORT SCAN DETECTED
2026-05-30 00:09:41,711 | ⚠ POSSIBLE PORT SCAN DETECTED
2026-05-30 00:09:42,722 | ⚠ POSSIBLE PORT SCAN DETECTED
2026-05-30 00:09:43,731 | ⚠ POSSIBLE PORT SCAN DETECTED
2026-05-30 00:09:44,761 | ⚠ POSSIBLE PORT SCAN DETECTED
2026-05-30 00:09:45,705 | ⚠ BANDWIDTH SPIKE DETECTED
2026-05-30 00:09:45,705 | ⚠ POSSIBLE PORT SCAN DETECTED
2026-05-30 00:09:45,765 | ⚠ POSSIBLE PORT SCAN DETECTED
2026-05-30 00:09:46,771 | ⚠ POSSIBLE PORT SCAN DETECTED
2026-05-30 00:09:47,790 | ⚠ POSSIBLE PORT SCAN DETECTED
2026-05-30 00:09:48,795 | ⚠ POSSIBLE PORT SCAN DETECTED
2026-05-30 00:09:49,804 | ⚠ POSSIBLE PORT SCAN DETECTED
2026-05-30 00:09:50,720 | ⚠ BANDWIDTH SPIKE DETECTED
2026-05-30 00:09:50,720 | ⚠ POSSIBLE PORT SCAN DETECTED
2026-05-30 00:09:50,814 | ⚠ POSSIBLE PORT SCAN DETECTED
2026-05-30 00:09:51,822 | ⚠ POSSIBLE PORT SCAN DETECTED
2026-05-30 00:09:52,828 | ⚠ POSSIBLE PORT SCAN DETECTED
2026-05-30 00:09:53,837 | ⚠ POSSIBLE PORT SCAN DETECTED
2026-05-30 00:09:54,850 | ⚠ POSSIBLE PORT SCAN DETECTED
2026-05-30 00:09:55,726 | ⚠ BANDWIDTH SPIKE DETECTED
2026-05-30 00:09:55,727 | ⚠ POSSIBLE PORT SCAN DETECTED
2026-05-30 00:09:55,857 | ⚠ POSSIBLE PORT SCAN DETECTED
2026-05-30 00:09:56,095 | ⚠ POSSIBLE PORT SCAN DETECTED
2026-05-30 00:09:56,862 | ⚠ POSSIBLE PORT SCAN DETECTED
2026-05-30 00:09:57,874 | ⚠ POSSIBLE PORT SCAN DETECTED
2026-05-30 00:09:58,884 | ⚠ POSSIBLE PORT SCAN DETECTED
2026-05-30 00:09:58,956 | ⚠ POSSIBLE PORT SCAN DETECTED
2026-05-30 00:09:59,891 | ⚠ POSSIBLE PORT SCAN DETECTED
2026-05-30 00:10:00,732 | ⚠ BANDWIDTH SPIKE DETECTED
2026-05-30 00:10:00,732 | ⚠ POSSIBLE PORT SCAN DETECTED
2026-05-30 00:10:00,902 | ⚠ POSSIBLE PORT SCAN DETECTED
2026-05-30 00:10:01,906 | ⚠ POSSIBLE PORT SCAN DETECTED
2026-05-30 00:10:02,917 | ⚠ POSSIBLE PORT SCAN DETECTED
2026-05-30 00:10:03,940 | ⚠ POSSIBLE PORT SCAN DETECTED
2026-05-30 00:10:04,033 | ⚠ POSSIBLE PORT SCAN DETECTED
2026-05-30 00:10:04,948 | ⚠ POSSIBLE PORT SCAN DETECTED
2026-05-30 00:10:05,745 | ⚠ BANDWIDTH SPIKE DETECTED
2026-05-30 00:10:05,745 | ⚠ POSSIBLE PORT SCAN DETECTED
2026-05-30 00:10:05,977 | ⚠ POSSIBLE PORT SCAN DETECTED
2026-05-30 00:10:06,983 | ⚠ POSSIBLE PORT SCAN DETECTED
2026-05-30 00:10:07,991 | ⚠ POSSIBLE PORT SCAN DETECTED
2026-05-30 00:10:08,994 | ⚠ POSSIBLE PORT SCAN DETECTED
2026-05-30 00:10:09,999 | ⚠ POSSIBLE PORT SCAN DETECTED
2026-05-30 00:10:10,760 | ⚠ BANDWIDTH SPIKE DETECTED
2026-05-30 00:10:10,760 | ⚠ POSSIBLE PORT SCAN DETECTED
2026-05-30 00:10:11,006 | ⚠ POSSIBLE PORT SCAN DETECTED
2026-05-30 00:10:12,011 | ⚠ POSSIBLE PORT SCAN DETECTED
2026-05-30 00:10:13,023 | ⚠ POSSIBLE PORT SCAN DETECTED
2026-05-30 00:10:14,030 | ⚠ POSSIBLE PORT SCAN DETECTED
2026-05-30 00:10:14,644 | ⚠ POSSIBLE PORT SCAN DETECTED
2026-05-30 00:10:15,035 | ⚠ POSSIBLE PORT SCAN DETECTED
2026-05-30 00:10:15,771 | ⚠ BANDWIDTH SPIKE DETECTED
2026-05-30 00:10:15,771 | ⚠ POSSIBLE PORT SCAN DETECTED
2026-05-30 00:10:16,139 | ⚠ POSSIBLE PORT SCAN DETECTED
2026-05-30 00:10:17,184 | ⚠ POSSIBLE PORT SCAN DETECTED
2026-05-30 00:10:18,197 | ⚠ POSSIBLE PORT SCAN DETECTED
2026-05-30 00:10:19,210 | ⚠ POSSIBLE PORT SCAN DETECTED
2026-05-30 00:10:19,741 | ⚠ POSSIBLE PORT SCAN DETECTED
2026-05-30 00:10:20,219 | ⚠ POSSIBLE PORT SCAN DETECTED
2026-05-30 00:10:20,785 | ⚠ POSSIBLE PORT SCAN DETECTED
2026-05-30 00:10:21,231 | ⚠ POSSIBLE PORT SCAN DETECTED
2026-05-30 00:10:22,244 | ⚠ POSSIBLE PORT SCAN DETECTED
2026-05-30 00:10:23,253 | ⚠ POSSIBLE PORT SCAN DETECTED
2026-05-30 00:10:24,262 | ⚠ POSSIBLE PORT SCAN DETECTED
2026-05-30 00:10:25,270 | ⚠ POSSIBLE PORT SCAN DETECTED
2026-05-30 00:10:25,814 | ⚠ POSSIBLE PORT SCAN DETECTED
2026-05-30 00:10:26,279 | ⚠ POSSIBLE PORT SCAN DETECTED
2026-05-30 00:10:26,992 | ⚠ POSSIBLE PORT SCAN DETECTED
2026-05-30 00:10:27,289 | ⚠ POSSIBLE PORT SCAN DETECTED
2026-05-30 00:10:28,295 | ⚠ POSSIBLE PORT SCAN DETECTED
2026-05-30 00:10:29,309 | ⚠ POSSIBLE PORT SCAN DETECTED
2026-05-30 00:10:30,320 | ⚠ POSSIBLE PORT SCAN DETECTED
2026-05-30 00:10:30,825 | ⚠ POSSIBLE PORT SCAN DETECTED
2026-05-30 00:10:31,330 | ⚠ POSSIBLE PORT SCAN DETECTED
2026-05-30 00:10:32,133 | ⚠ POSSIBLE PORT SCAN DETECTED
2026-05-30 00:10:32,224 | ⚠ POSSIBLE PORT SCAN DETECTED
2026-05-30 00:10:32,340 | ⚠ POSSIBLE PORT SCAN DETECTED
2026-05-30 00:10:33,356 | ⚠ POSSIBLE PORT SCAN DETECTED
2026-05-30 00:10:34,367 | ⚠ POSSIBLE PORT SCAN DETECTED
2026-05-30 00:10:35,378 | ⚠ POSSIBLE PORT SCAN DETECTED
2026-05-30 00:10:35,841 | ⚠ POSSIBLE PORT SCAN DETECTED
2026-05-30 00:10:36,394 | ⚠ POSSIBLE PORT SCAN DETECTED
2026-05-30 00:10:37,320 | ⚠ POSSIBLE PORT SCAN DETECTED
2026-05-30 00:10:37,397 | ⚠ POSSIBLE PORT SCAN DETECTED
2026-05-30 00:10:38,410 | ⚠ POSSIBLE PORT SCAN DETECTED
2026-05-30 00:10:39,420 | ⚠ POSSIBLE PORT SCAN DETECTED
2026-05-30 00:10:40,424 | ⚠ POSSIBLE PORT SCAN DETECTED
2026-05-30 00:10:40,848 | ⚠ BANDWIDTH SPIKE DETECTED
2026-05-30 00:10:40,852 | ⚠ POSSIBLE PORT SCAN DETECTED
2026-05-30 00:10:41,427 | ⚠ POSSIBLE PORT SCAN DETECTED
2026-05-30 00:10:42,417 | ⚠ POSSIBLE PORT SCAN DETECTED
2026-05-30 00:10:42,430 | ⚠ POSSIBLE PORT SCAN DETECTED
2026-05-30 00:10:43,440 | ⚠ POSSIBLE PORT SCAN DETECTED
2026-05-30 00:10:44,468 | ⚠ POSSIBLE PORT SCAN DETECTED
2026-05-30 00:10:45,479 | ⚠ POSSIBLE PORT SCAN DETECTED
2026-05-30 00:10:45,865 | ⚠ BANDWIDTH SPIKE DETECTED
2026-05-30 00:10:45,865 | ⚠ POSSIBLE PORT SCAN DETECTED
2026-05-30 00:10:46,487 | ⚠ POSSIBLE PORT SCAN DETECTED
2026-05-30 00:10:47,525 | ⚠ POSSIBLE PORT SCAN DETECTED
2026-05-30 00:10:48,538 | ⚠ POSSIBLE PORT SCAN DETECTED
2026-05-30 00:10:49,554 | ⚠ POSSIBLE PORT SCAN DETECTED
2026-05-30 00:10:50,569 | ⚠ POSSIBLE PORT SCAN DETECTED
2026-05-30 00:10:50,874 | ⚠ BANDWIDTH SPIKE DETECTED
2026-05-30 00:10:50,874 | ⚠ POSSIBLE PORT SCAN DETECTED
2026-05-30 00:10:51,573 | ⚠ POSSIBLE PORT SCAN DETECTED
2026-05-30 00:10:52,583 | ⚠ POSSIBLE PORT SCAN DETECTED
2026-05-30 00:10:53,591 | ⚠ POSSIBLE PORT SCAN DETECTED
2026-05-30 00:10:54,601 | ⚠ POSSIBLE PORT SCAN DETECTED
2026-05-30 00:10:54,656 | ⚠ POSSIBLE PORT SCAN DETECTED
2026-05-30 00:10:55,633 | ⚠ POSSIBLE PORT SCAN DETECTED
2026-05-30 00:10:55,885 | ⚠ BANDWIDTH SPIKE DETECTED
2026-05-30 00:10:55,886 | ⚠ POSSIBLE PORT SCAN DETECTED
2026-05-30 00:10:56,645 | ⚠ POSSIBLE PORT SCAN DETECTED
2026-05-30 00:10:57,653 | ⚠ POSSIBLE PORT SCAN DETECTED
2026-05-30 00:10:57,873 | ⚠ POSSIBLE PORT SCAN DETECTED
2026-05-30 00:10:58,661 | ⚠ POSSIBLE PORT SCAN DETECTED
2026-05-30 00:10:59,666 | ⚠ POSSIBLE PORT SCAN DETECTED
2026-05-30 00:10:59,757 | ⚠ POSSIBLE PORT SCAN DETECTED
2026-05-30 00:11:00,673 | ⚠ POSSIBLE PORT SCAN DETECTED
2026-05-30 00:11:00,899 | ⚠ BANDWIDTH SPIKE DETECTED
2026-05-30 00:11:00,900 | ⚠ POSSIBLE PORT SCAN DETECTED
2026-05-30 00:11:01,681 | ⚠ POSSIBLE PORT SCAN DETECTED
2026-05-30 00:11:02,691 | ⚠ POSSIBLE PORT SCAN DETECTED
2026-05-30 00:11:03,716 | ⚠ POSSIBLE PORT SCAN DETECTED
2026-05-30 00:11:04,731 | ⚠ POSSIBLE PORT SCAN DETECTED
2026-05-30 00:11:05,740 | ⚠ POSSIBLE PORT SCAN DETECTED
2026-05-30 00:11:05,913 | ⚠ BANDWIDTH SPIKE DETECTED
2026-05-30 00:11:05,915 | ⚠ POSSIBLE PORT SCAN DETECTED
2026-05-30 00:11:06,749 | ⚠ POSSIBLE PORT SCAN DETECTED
2026-05-30 00:11:07,754 | ⚠ POSSIBLE PORT SCAN DETECTED
2026-05-30 00:11:08,763 | ⚠ POSSIBLE PORT SCAN DETECTED
2026-05-30 00:11:09,771 | ⚠ POSSIBLE PORT SCAN DETECTED
2026-05-30 00:11:10,778 | ⚠ POSSIBLE PORT SCAN DETECTED
2026-05-30 00:11:10,927 | ⚠ BANDWIDTH SPIKE DETECTED
2026-05-30 00:11:10,928 | ⚠ POSSIBLE PORT SCAN DETECTED
2026-05-30 00:11:11,787 | ⚠ POSSIBLE PORT SCAN DETECTED
2026-05-30 00:11:12,798 | ⚠ POSSIBLE PORT SCAN DETECTED
2026-05-30 00:11:13,805 | ⚠ POSSIBLE PORT SCAN DETECTED
2026-05-30 00:11:14,810 | ⚠ POSSIBLE PORT SCAN DETECTED
2026-05-30 00:11:14,856 | ⚠ POSSIBLE PORT SCAN DETECTED
2026-05-30 00:11:15,822 | ⚠ POSSIBLE PORT SCAN DETECTED
2026-05-30 00:11:15,938 | ⚠ BANDWIDTH SPIKE DETECTED
2026-05-30 00:11:15,938 | ⚠ POSSIBLE PORT SCAN DETECTED
2026-05-30 00:11:16,833 | ⚠ POSSIBLE PORT SCAN DETECTED
2026-05-30 00:11:17,841 | ⚠ POSSIBLE PORT SCAN DETECTED
2026-05-30 00:11:18,852 | ⚠ POSSIBLE PORT SCAN DETECTED
2026-05-30 00:11:19,852 | ⚠ POSSIBLE PORT SCAN DETECTED
2026-05-30 00:11:19,864 | ⚠ POSSIBLE PORT SCAN DETECTED
2026-05-30 00:11:20,871 | ⚠ POSSIBLE PORT SCAN DETECTED
2026-05-30 00:11:20,952 | ⚠ BANDWIDTH SPIKE DETECTED
2026-05-30 00:11:20,953 | ⚠ POSSIBLE PORT SCAN DETECTED
2026-05-30 00:11:21,885 | ⚠ POSSIBLE PORT SCAN DETECTED
2026-05-30 00:11:22,893 | ⚠ POSSIBLE PORT SCAN DETECTED
2026-05-30 00:11:23,906 | ⚠ POSSIBLE PORT SCAN DETECTED
2026-05-30 00:11:24,918 | ⚠ POSSIBLE PORT SCAN DETECTED
2026-05-30 00:11:25,928 | ⚠ POSSIBLE PORT SCAN DETECTED
2026-05-30 00:11:25,979 | ⚠ BANDWIDTH SPIKE DETECTED
2026-05-30 00:11:25,979 | ⚠ POSSIBLE PORT SCAN DETECTED
2026-05-30 00:11:26,937 | ⚠ POSSIBLE PORT SCAN DETECTED
2026-05-30 00:11:27,963 | ⚠ POSSIBLE PORT SCAN DETECTED
2026-05-30 00:11:28,974 | ⚠ POSSIBLE PORT SCAN DETECTED
2026-05-30 00:11:28,982 | ⚠ POSSIBLE PORT SCAN DETECTED
2026-05-30 00:11:29,990 | ⚠ POSSIBLE PORT SCAN DETECTED
2026-05-30 00:11:30,987 | ⚠ BANDWIDTH SPIKE DETECTED
2026-05-30 00:11:30,988 | ⚠ POSSIBLE PORT SCAN DETECTED
2026-05-30 00:11:30,993 | ⚠ POSSIBLE PORT SCAN DETECTED
2026-05-30 00:11:32,010 | ⚠ POSSIBLE PORT SCAN DETECTED
2026-05-30 00:11:33,040 | ⚠ POSSIBLE PORT SCAN DETECTED
2026-05-30 00:11:34,048 | ⚠ POSSIBLE PORT SCAN DETECTED
2026-05-30 00:11:35,058 | ⚠ POSSIBLE PORT SCAN DETECTED
2026-05-30 00:11:35,096 | ⚠ POSSIBLE PORT SCAN DETECTED
2026-05-30 00:11:36,012 | ⚠ BANDWIDTH SPIKE DETECTED
2026-05-30 00:11:36,013 | ⚠ POSSIBLE PORT SCAN DETECTED
2026-05-30 00:11:36,065 | ⚠ POSSIBLE PORT SCAN DETECTED
2026-05-30 00:11:37,113 | ⚠ POSSIBLE PORT SCAN DETECTED
2026-05-30 00:11:38,128 | ⚠ POSSIBLE PORT SCAN DETECTED
2026-05-30 00:11:39,132 | ⚠ POSSIBLE PORT SCAN DETECTED
2026-05-30 00:11:40,160 | ⚠ POSSIBLE PORT SCAN DETECTED
2026-05-30 00:11:41,060 | ⚠ BANDWIDTH SPIKE DETECTED
2026-05-30 00:11:41,060 | ⚠ POSSIBLE PORT SCAN DETECTED
2026-05-30 00:11:41,166 | ⚠ POSSIBLE PORT SCAN DETECTED
2026-05-30 00:11:42,172 | ⚠ POSSIBLE PORT SCAN DETECTED
2026-05-30 00:11:43,180 | ⚠ POSSIBLE PORT SCAN DETECTED
2026-05-30 00:11:44,218 | ⚠ POSSIBLE PORT SCAN DETECTED
2026-05-30 00:11:45,231 | ⚠ POSSIBLE PORT SCAN DETECTED
2026-05-30 00:11:46,069 | ⚠ BANDWIDTH SPIKE DETECTED
2026-05-30 00:11:46,070 | ⚠ POSSIBLE PORT SCAN DETECTED
2026-05-30 00:11:46,238 | ⚠ POSSIBLE PORT SCAN DETECTED
2026-05-30 00:11:47,247 | ⚠ POSSIBLE PORT SCAN DETECTED
2026-05-30 00:11:48,272 | ⚠ POSSIBLE PORT SCAN DETECTED
2026-05-30 00:11:49,284 | ⚠ POSSIBLE PORT SCAN DETECTED
2026-05-30 00:11:50,294 | ⚠ POSSIBLE PORT SCAN DETECTED
2026-05-30 00:11:51,076 | ⚠ BANDWIDTH SPIKE DETECTED
2026-05-30 00:11:51,077 | ⚠ POSSIBLE PORT SCAN DETECTED
2026-05-30 00:11:51,298 | ⚠ POSSIBLE PORT SCAN DETECTED
2026-05-30 00:11:52,310 | ⚠ POSSIBLE PORT SCAN DETECTED
2026-05-30 00:11:53,383 | ⚠ POSSIBLE PORT SCAN DETECTED
2026-05-30 00:11:54,390 | ⚠ POSSIBLE PORT SCAN DETECTED
2026-05-30 00:11:55,402 | ⚠ POSSIBLE PORT SCAN DETECTED
2026-05-30 00:11:56,113 | ⚠ BANDWIDTH SPIKE DETECTED
2026-05-30 00:11:56,114 | ⚠ POSSIBLE PORT SCAN DETECTED
2026-05-30 00:11:56,415 | ⚠ POSSIBLE PORT SCAN DETECTED
2026-05-30 00:11:57,432 | ⚠ POSSIBLE PORT SCAN DETECTED
2026-05-30 00:11:58,440 | ⚠ POSSIBLE PORT SCAN DETECTED
2026-05-30 00:11:59,452 | ⚠ POSSIBLE PORT SCAN DETECTED
2026-05-30 00:11:59,966 | ⚠ POSSIBLE PORT SCAN DETECTED
2026-05-30 00:12:00,456 | ⚠ POSSIBLE PORT SCAN DETECTED
2026-05-30 00:12:01,128 | ⚠ BANDWIDTH SPIKE DETECTED
2026-05-30 00:12:01,128 | ⚠ POSSIBLE PORT SCAN DETECTED
2026-05-30 00:12:01,461 | ⚠ POSSIBLE PORT SCAN DETECTED
2026-05-30 00:12:02,470 | ⚠ POSSIBLE PORT SCAN DETECTED
2026-05-30 00:12:03,478 | ⚠ POSSIBLE PORT SCAN DETECTED
2026-05-30 00:12:04,482 | ⚠ POSSIBLE PORT SCAN DETECTED
2026-05-30 00:12:05,497 | ⚠ POSSIBLE PORT SCAN DETECTED
2026-05-30 00:12:06,139 | ⚠ BANDWIDTH SPIKE DETECTED
2026-05-30 00:12:06,139 | ⚠ POSSIBLE PORT SCAN DETECTED
2026-05-30 00:12:06,505 | ⚠ POSSIBLE PORT SCAN DETECTED
2026-05-30 00:12:07,519 | ⚠ POSSIBLE PORT SCAN DETECTED
2026-05-30 00:12:08,547 | ⚠ POSSIBLE PORT SCAN DETECTED
2026-05-30 00:12:09,555 | ⚠ POSSIBLE PORT SCAN DETECTED
2026-05-30 00:12:10,567 | ⚠ POSSIBLE PORT SCAN DETECTED
2026-05-30 00:12:11,152 | ⚠ BANDWIDTH SPIKE DETECTED
2026-05-30 00:12:11,155 | ⚠ POSSIBLE PORT SCAN DETECTED
2026-05-30 00:12:11,585 | ⚠ POSSIBLE PORT SCAN DETECTED
2026-05-30 00:12:12,599 | ⚠ POSSIBLE PORT SCAN DETECTED
2026-05-30 00:12:13,615 | ⚠ POSSIBLE PORT SCAN DETECTED
2026-05-30 00:12:14,624 | ⚠ POSSIBLE PORT SCAN DETECTED
2026-05-30 00:12:15,636 | ⚠ POSSIBLE PORT SCAN DETECTED
2026-05-30 00:12:15,804 | ⚠ POSSIBLE PORT SCAN DETECTED
2026-05-30 00:12:16,188 | ⚠ POSSIBLE PORT SCAN DETECTED
2026-05-30 00:12:16,652 | ⚠ POSSIBLE PORT SCAN DETECTED
2026-05-30 00:12:17,662 | ⚠ POSSIBLE PORT SCAN DETECTED
2026-05-30 00:12:18,666 | ⚠ POSSIBLE PORT SCAN DETECTED
2026-05-30 00:12:19,674 | ⚠ POSSIBLE PORT SCAN DETECTED
2026-05-30 00:12:20,683 | ⚠ POSSIBLE PORT SCAN DETECTED
2026-05-30 00:12:21,214 | ⚠ BANDWIDTH SPIKE DETECTED
2026-05-30 00:12:21,214 | ⚠ POSSIBLE PORT SCAN DETECTED
2026-05-30 00:12:21,692 | ⚠ POSSIBLE PORT SCAN DETECTED
2026-05-30 00:12:22,702 | ⚠ POSSIBLE PORT SCAN DETECTED
2026-05-30 00:12:23,710 | ⚠ POSSIBLE PORT SCAN DETECTED
2026-05-30 00:12:24,728 | ⚠ POSSIBLE PORT SCAN DETECTED
2026-05-30 00:12:25,731 | ⚠ POSSIBLE PORT SCAN DETECTED
2026-05-30 00:12:26,228 | ⚠ BANDWIDTH SPIKE DETECTED
2026-05-30 00:12:26,228 | ⚠ POSSIBLE PORT SCAN DETECTED
2026-05-30 00:12:26,736 | ⚠ POSSIBLE PORT SCAN DETECTED
2026-05-30 00:12:27,775 | ⚠ POSSIBLE PORT SCAN DETECTED
2026-05-30 00:12:28,785 | ⚠ POSSIBLE PORT SCAN DETECTED
2026-05-30 00:12:29,792 | ⚠ POSSIBLE PORT SCAN DETECTED
2026-05-30 00:12:30,798 | ⚠ POSSIBLE PORT SCAN DETECTED
2026-05-30 00:12:30,878 | ⚠ POSSIBLE PORT SCAN DETECTED
2026-05-30 00:12:31,233 | ⚠ BANDWIDTH SPIKE DETECTED
2026-05-30 00:12:31,233 | ⚠ POSSIBLE PORT SCAN DETECTED
2026-05-30 00:12:31,806 | ⚠ POSSIBLE PORT SCAN DETECTED
2026-05-30 00:12:32,814 | ⚠ POSSIBLE PORT SCAN DETECTED
2026-05-30 00:12:33,825 | ⚠ POSSIBLE PORT SCAN DETECTED
2026-05-30 00:12:34,837 | ⚠ POSSIBLE PORT SCAN DETECTED
2026-05-30 00:12:35,842 | ⚠ POSSIBLE PORT SCAN DETECTED
2026-05-30 00:12:36,252 | ⚠ BANDWIDTH SPIKE DETECTED
2026-05-30 00:12:36,252 | ⚠ POSSIBLE PORT SCAN DETECTED
2026-05-30 00:12:36,852 | ⚠ POSSIBLE PORT SCAN DETECTED
2026-05-30 00:12:37,862 | ⚠ POSSIBLE PORT SCAN DETECTED
2026-05-30 00:12:38,866 | ⚠ POSSIBLE PORT SCAN DETECTED
2026-05-30 00:12:39,875 | ⚠ POSSIBLE PORT SCAN DETECTED
2026-05-30 00:12:40,885 | ⚠ POSSIBLE PORT SCAN DETECTED
2026-05-30 00:12:41,260 | ⚠ BANDWIDTH SPIKE DETECTED
2026-05-30 00:12:41,260 | ⚠ POSSIBLE PORT SCAN DETECTED
2026-05-30 00:12:41,888 | ⚠ POSSIBLE PORT SCAN DETECTED
2026-05-30 00:12:42,891 | ⚠ POSSIBLE PORT SCAN DETECTED
2026-05-30 00:12:43,903 | ⚠ POSSIBLE PORT SCAN DETECTED
2026-05-30 00:12:44,930 | ⚠ POSSIBLE PORT SCAN DETECTED
2026-05-30 00:12:45,940 | ⚠ POSSIBLE PORT SCAN DETECTED
2026-05-30 00:12:46,268 | ⚠ BANDWIDTH SPIKE DETECTED
2026-05-30 00:12:46,268 | ⚠ POSSIBLE PORT SCAN DETECTED
2026-05-30 00:12:46,943 | ⚠ POSSIBLE PORT SCAN DETECTED
2026-05-30 00:12:47,948 | ⚠ POSSIBLE PORT SCAN DETECTED
2026-05-30 00:12:48,960 | ⚠ POSSIBLE PORT SCAN DETECTED
2026-05-30 00:12:49,984 | ⚠ POSSIBLE PORT SCAN DETECTED
2026-05-30 00:12:50,990 | ⚠ POSSIBLE PORT SCAN DETECTED
2026-05-30 00:12:51,278 | ⚠ BANDWIDTH SPIKE DETECTED
2026-05-30 00:12:51,279 | ⚠ POSSIBLE PORT SCAN DETECTED
2026-05-30 00:12:52,001 | ⚠ POSSIBLE PORT SCAN DETECTED
2026-05-30 00:12:53,009 | ⚠ POSSIBLE PORT SCAN DETECTED
2026-05-30 00:12:54,019 | ⚠ POSSIBLE PORT SCAN DETECTED
2026-05-30 00:12:55,032 | ⚠ POSSIBLE PORT SCAN DETECTED
2026-05-30 00:12:56,046 | ⚠ POSSIBLE PORT SCAN DETECTED
2026-05-30 00:12:56,288 | ⚠ POSSIBLE PORT SCAN DETECTED
2026-05-30 00:12:57,056 | ⚠ POSSIBLE PORT SCAN DETECTED
2026-05-30 00:12:58,061 | ⚠ POSSIBLE PORT SCAN DETECTED
2026-05-30 00:12:59,071 | ⚠ POSSIBLE PORT SCAN DETECTED
2026-05-30 00:13:00,084 | ⚠ POSSIBLE PORT SCAN DETECTED
2026-05-30 00:13:01,087 | ⚠ POSSIBLE PORT SCAN DETECTED
2026-05-30 00:13:01,303 | ⚠ BANDWIDTH SPIKE DETECTED
2026-05-30 00:13:01,304 | ⚠ POSSIBLE PORT SCAN DETECTED
2026-05-30 00:13:01,643 | ⚠ POSSIBLE PORT SCAN DETECTED
2026-05-30 00:13:02,095 | ⚠ POSSIBLE PORT SCAN DETECTED
2026-05-30 00:13:03,100 | ⚠ POSSIBLE PORT SCAN DETECTED
2026-05-30 00:13:04,110 | ⚠ POSSIBLE PORT SCAN DETECTED
2026-05-30 00:13:05,121 | ⚠ POSSIBLE PORT SCAN DETECTED
2026-05-30 00:13:06,131 | ⚠ POSSIBLE PORT SCAN DETECTED
2026-05-30 00:13:06,317 | ⚠ POSSIBLE PORT SCAN DETECTED
2026-05-30 00:13:07,139 | ⚠ POSSIBLE PORT SCAN DETECTED
2026-05-30 00:13:08,146 | ⚠ POSSIBLE PORT SCAN DETECTED
2026-05-30 00:13:09,150 | ⚠ POSSIBLE PORT SCAN DETECTED
2026-05-30 00:13:10,158 | ⚠ POSSIBLE PORT SCAN DETECTED
2026-05-30 00:13:11,167 | ⚠ POSSIBLE PORT SCAN DETECTED
2026-05-30 00:13:11,330 | ⚠ POSSIBLE PORT SCAN DETECTED
2026-05-30 00:13:12,177 | ⚠ POSSIBLE PORT SCAN DETECTED
2026-05-30 00:13:13,187 | ⚠ POSSIBLE PORT SCAN DETECTED
2026-05-30 00:13:14,190 | ⚠ POSSIBLE PORT SCAN DETECTED
2026-05-30 00:13:15,199 | ⚠ POSSIBLE PORT SCAN DETECTED
2026-05-30 00:13:16,205 | ⚠ POSSIBLE PORT SCAN DETECTED
2026-05-30 00:13:16,299 | ⚠ POSSIBLE PORT SCAN DETECTED
2026-05-30 00:13:16,338 | ⚠ BANDWIDTH SPIKE DETECTED
2026-05-30 00:13:16,338 | ⚠ POSSIBLE PORT SCAN DETECTED
2026-05-30 00:13:17,222 | ⚠ POSSIBLE PORT SCAN DETECTED
2026-05-30 00:13:18,238 | ⚠ POSSIBLE PORT SCAN DETECTED
2026-05-30 00:13:19,242 | ⚠ POSSIBLE PORT SCAN DETECTED
2026-05-30 00:13:20,266 | ⚠ POSSIBLE PORT SCAN DETECTED
2026-05-30 00:13:21,269 | ⚠ POSSIBLE PORT SCAN DETECTED
2026-05-30 00:13:21,360 | ⚠ BANDWIDTH SPIKE DETECTED
2026-05-30 00:13:21,360 | ⚠ POSSIBLE PORT SCAN DETECTED
2026-05-30 00:13:22,272 | ⚠ POSSIBLE PORT SCAN DETECTED
2026-05-30 00:13:23,275 | ⚠ POSSIBLE PORT SCAN DETECTED
2026-05-30 00:13:24,282 | ⚠ POSSIBLE PORT SCAN DETECTED
2026-05-30 00:13:25,293 | ⚠ POSSIBLE PORT SCAN DETECTED
2026-05-30 00:13:26,303 | ⚠ POSSIBLE PORT SCAN DETECTED
2026-05-30 00:13:26,368 | ⚠ BANDWIDTH SPIKE DETECTED
2026-05-30 00:13:26,369 | ⚠ POSSIBLE PORT SCAN DETECTED
2026-05-30 00:13:27,312 | ⚠ POSSIBLE PORT SCAN DETECTED
2026-05-30 00:13:28,320 | ⚠ POSSIBLE PORT SCAN DETECTED
2026-05-30 00:13:29,326 | ⚠ POSSIBLE PORT SCAN DETECTED
2026-05-30 00:13:30,338 | ⚠ POSSIBLE PORT SCAN DETECTED
2026-05-30 00:13:31,352 | ⚠ POSSIBLE PORT SCAN DETECTED
2026-05-30 00:13:31,395 | ⚠ POSSIBLE PORT SCAN DETECTED
2026-05-30 00:13:32,359 | ⚠ POSSIBLE PORT SCAN DETECTED
2026-05-30 00:13:32,399 | ⚠ POSSIBLE PORT SCAN DETECTED
2026-05-30 00:13:33,369 | ⚠ POSSIBLE PORT SCAN DETECTED
2026-05-30 00:13:34,380 | ⚠ POSSIBLE PORT SCAN DETECTED
2026-05-30 00:13:35,389 | ⚠ POSSIBLE PORT SCAN DETECTED
2026-05-30 00:13:36,408 | ⚠ POSSIBLE PORT SCAN DETECTED
2026-05-30 00:13:36,409 | ⚠ POSSIBLE PORT SCAN DETECTED
2026-05-30 00:13:37,421 | ⚠ POSSIBLE PORT SCAN DETECTED
2026-05-30 00:13:38,434 | ⚠ POSSIBLE PORT SCAN DETECTED
2026-05-30 00:13:39,441 | ⚠ POSSIBLE PORT SCAN DETECTED
2026-05-30 00:13:40,449 | ⚠ POSSIBLE PORT SCAN DETECTED
2026-05-30 00:13:41,424 | ⚠ POSSIBLE PORT SCAN DETECTED
2026-05-30 00:13:41,455 | ⚠ POSSIBLE PORT SCAN DETECTED
2026-05-30 00:13:41,753 | ⚠ POSSIBLE PORT SCAN DETECTED
2026-05-30 00:13:42,464 | ⚠ POSSIBLE PORT SCAN DETECTED
2026-05-30 00:13:43,473 | ⚠ POSSIBLE PORT SCAN DETECTED
2026-05-30 00:13:44,482 | ⚠ POSSIBLE PORT SCAN DETECTED
2026-05-30 00:13:45,490 | ⚠ POSSIBLE PORT SCAN DETECTED
2026-05-30 00:13:46,436 | ⚠ POSSIBLE PORT SCAN DETECTED
2026-05-30 00:13:46,498 | ⚠ POSSIBLE PORT SCAN DETECTED
2026-05-30 00:13:46,814 | ⚠ POSSIBLE PORT SCAN DETECTED
2026-05-30 00:13:47,517 | ⚠ POSSIBLE PORT SCAN DETECTED
2026-05-30 00:13:48,528 | ⚠ POSSIBLE PORT SCAN DETECTED
2026-05-30 00:13:49,542 | ⚠ POSSIBLE PORT SCAN DETECTED
2026-05-30 00:13:50,554 | ⚠ POSSIBLE PORT SCAN DETECTED
2026-05-30 00:13:51,450 | ⚠ POSSIBLE PORT SCAN DETECTED
2026-05-30 00:13:51,564 | ⚠ POSSIBLE PORT SCAN DETECTED
2026-05-30 00:13:52,573 | ⚠ POSSIBLE PORT SCAN DETECTED
2026-05-30 00:13:52,603 | ⚠ POSSIBLE PORT SCAN DETECTED
2026-05-30 00:13:53,584 | ⚠ POSSIBLE PORT SCAN DETECTED
2026-05-30 00:13:54,602 | ⚠ POSSIBLE PORT SCAN DETECTED
2026-05-30 00:13:55,606 | ⚠ POSSIBLE PORT SCAN DETECTED
2026-05-30 00:13:56,461 | ⚠ POSSIBLE PORT SCAN DETECTED
2026-05-30 00:13:56,619 | ⚠ POSSIBLE PORT SCAN DETECTED
2026-05-30 00:13:57,651 | ⚠ POSSIBLE PORT SCAN DETECTED
2026-05-30 00:13:58,659 | ⚠ POSSIBLE PORT SCAN DETECTED
2026-05-30 00:13:59,669 | ⚠ POSSIBLE PORT SCAN DETECTED
2026-05-30 00:14:00,536 | ⚠ POSSIBLE PORT SCAN DETECTED
2026-05-30 00:14:00,679 | ⚠ POSSIBLE PORT SCAN DETECTED
2026-05-30 00:14:01,478 | ⚠ POSSIBLE PORT SCAN DETECTED
2026-05-30 00:14:01,690 | ⚠ POSSIBLE PORT SCAN DETECTED
2026-05-30 00:14:02,702 | ⚠ POSSIBLE PORT SCAN DETECTED
2026-05-30 00:14:03,200 | ⚠ POSSIBLE PORT SCAN DETECTED
2026-05-30 00:14:03,712 | ⚠ POSSIBLE PORT SCAN DETECTED
2026-05-30 00:14:04,718 | ⚠ POSSIBLE PORT SCAN DETECTED
2026-05-30 00:14:05,729 | ⚠ POSSIBLE PORT SCAN DETECTED
2026-05-30 00:14:06,489 | ⚠ POSSIBLE PORT SCAN DETECTED
2026-05-30 00:14:06,738 | ⚠ POSSIBLE PORT SCAN DETECTED
2026-05-30 00:14:07,749 | ⚠ POSSIBLE PORT SCAN DETECTED
2026-05-30 00:14:08,761 | ⚠ POSSIBLE PORT SCAN DETECTED
2026-05-30 00:14:09,773 | ⚠ POSSIBLE PORT SCAN DETECTED
2026-05-30 00:14:10,074 | ⚠ POSSIBLE PORT SCAN DETECTED
2026-05-30 00:14:10,787 | ⚠ POSSIBLE PORT SCAN DETECTED
2026-05-30 00:14:11,497 | ⚠ POSSIBLE PORT SCAN DETECTED
2026-05-30 00:14:11,802 | ⚠ POSSIBLE PORT SCAN DETECTED
2026-05-30 00:14:12,811 | ⚠ POSSIBLE PORT SCAN DETECTED
2026-05-30 00:14:13,819 | ⚠ POSSIBLE PORT SCAN DETECTED
2026-05-30 00:14:14,824 | ⚠ POSSIBLE PORT SCAN DETECTED
2026-05-30 00:14:15,834 | ⚠ POSSIBLE PORT SCAN DETECTED
2026-05-30 00:14:16,514 | ⚠ POSSIBLE PORT SCAN DETECTED
2026-05-30 00:14:16,843 | ⚠ POSSIBLE PORT SCAN DETECTED
2026-05-30 00:14:17,855 | ⚠ POSSIBLE PORT SCAN DETECTED
2026-05-30 00:14:18,867 | ⚠ POSSIBLE PORT SCAN DETECTED
2026-05-30 00:14:19,876 | ⚠ POSSIBLE PORT SCAN DETECTED
2026-05-30 00:14:20,888 | ⚠ POSSIBLE PORT SCAN DETECTED
2026-05-30 00:14:21,531 | ⚠ POSSIBLE PORT SCAN DETECTED
2026-05-30 00:14:21,897 | ⚠ POSSIBLE PORT SCAN DETECTED
2026-05-30 00:14:22,907 | ⚠ POSSIBLE PORT SCAN DETECTED
2026-05-30 00:14:23,922 | ⚠ POSSIBLE PORT SCAN DETECTED
2026-05-30 00:14:24,936 | ⚠ POSSIBLE PORT SCAN DETECTED
2026-05-30 00:14:25,947 | ⚠ POSSIBLE PORT SCAN DETECTED
2026-05-30 00:14:26,544 | ⚠ POSSIBLE PORT SCAN DETECTED
2026-05-30 00:14:26,955 | ⚠ POSSIBLE PORT SCAN DETECTED
2026-05-30 00:14:27,964 | ⚠ POSSIBLE PORT SCAN DETECTED
2026-05-30 00:14:28,973 | ⚠ POSSIBLE PORT SCAN DETECTED
2026-05-30 00:14:29,986 | ⚠ POSSIBLE PORT SCAN DETECTED
2026-05-30 00:14:30,034 | ⚠ POSSIBLE PORT SCAN DETECTED
2026-05-30 00:14:30,995 | ⚠ POSSIBLE PORT SCAN DETECTED
2026-05-30 00:14:31,558 | ⚠ POSSIBLE PORT SCAN DETECTED
2026-05-30 00:14:32,008 | ⚠ POSSIBLE PORT SCAN DETECTED
2026-05-30 00:14:33,017 | ⚠ POSSIBLE PORT SCAN DETECTED
2026-05-30 00:14:33,920 | ⚠ POSSIBLE PORT SCAN DETECTED
2026-05-30 00:14:34,029 | ⚠ POSSIBLE PORT SCAN DETECTED
2026-05-30 00:14:35,044 | ⚠ POSSIBLE PORT SCAN DETECTED
2026-05-30 00:14:36,057 | ⚠ POSSIBLE PORT SCAN DETECTED
2026-05-30 00:14:36,572 | ⚠ POSSIBLE PORT SCAN DETECTED
2026-05-30 00:14:37,072 | ⚠ POSSIBLE PORT SCAN DETECTED
2026-05-30 00:14:38,080 | ⚠ POSSIBLE PORT SCAN DETECTED
2026-05-30 00:14:39,092 | ⚠ POSSIBLE PORT SCAN DETECTED
2026-05-30 00:14:40,105 | ⚠ POSSIBLE PORT SCAN DETECTED
2026-05-30 00:14:41,118 | ⚠ POSSIBLE PORT SCAN DETECTED
2026-05-30 00:14:41,587 | ⚠ POSSIBLE PORT SCAN DETECTED
2026-05-30 00:14:42,131 | ⚠ POSSIBLE PORT SCAN DETECTED
2026-05-30 00:14:43,143 | ⚠ POSSIBLE PORT SCAN DETECTED
2026-05-30 00:14:44,152 | ⚠ POSSIBLE PORT SCAN DETECTED
2026-05-30 00:14:45,163 | ⚠ POSSIBLE PORT SCAN DETECTED
2026-05-30 00:14:46,178 | ⚠ POSSIBLE PORT SCAN DETECTED
2026-05-30 00:14:46,604 | ⚠ POSSIBLE PORT SCAN DETECTED
2026-05-30 00:14:47,185 | ⚠ POSSIBLE PORT SCAN DETECTED
2026-05-30 00:14:48,194 | ⚠ POSSIBLE PORT SCAN DETECTED
2026-05-30 00:14:49,200 | ⚠ POSSIBLE PORT SCAN DETECTED
2026-05-30 00:14:50,207 | ⚠ POSSIBLE PORT SCAN DETECTED
2026-05-30 00:14:50,336 | ⚠ POSSIBLE PORT SCAN DETECTED
2026-05-30 00:14:51,219 | ⚠ POSSIBLE PORT SCAN DETECTED
2026-05-30 00:14:51,616 | ⚠ POSSIBLE PORT SCAN DETECTED
2026-05-30 00:14:52,230 | ⚠ POSSIBLE PORT SCAN DETECTED
2026-05-30 00:14:53,238 | ⚠ POSSIBLE PORT SCAN DETECTED
2026-05-30 00:14:54,243 | ⚠ POSSIBLE PORT SCAN DETECTED
2026-05-30 00:14:55,253 | ⚠ POSSIBLE PORT SCAN DETECTED
2026-05-30 00:14:56,262 | ⚠ POSSIBLE PORT SCAN DETECTED
2026-05-30 00:14:56,629 | ⚠ POSSIBLE PORT SCAN DETECTED
2026-05-30 00:14:57,273 | ⚠ POSSIBLE PORT SCAN DETECTED
2026-05-30 00:14:58,098 | ⚠ POSSIBLE PORT SCAN DETECTED
2026-05-30 00:14:58,284 | ⚠ POSSIBLE PORT SCAN DETECTED
2026-05-30 00:14:59,295 | ⚠ POSSIBLE PORT SCAN DETECTED
2026-05-30 00:15:00,303 | ⚠ POSSIBLE PORT SCAN DETECTED
2026-05-30 00:15:01,313 | ⚠ POSSIBLE PORT SCAN DETECTED
2026-05-30 00:15:01,646 | ⚠ POSSIBLE PORT SCAN DETECTED
2026-05-30 00:15:02,330 | ⚠ POSSIBLE PORT SCAN DETECTED
2026-05-30 00:15:03,179 | ⚠ POSSIBLE PORT SCAN DETECTED
2026-05-30 00:15:03,337 | ⚠ POSSIBLE PORT SCAN DETECTED
2026-05-30 00:15:04,350 | ⚠ POSSIBLE PORT SCAN DETECTED
2026-05-30 00:15:04,636 | ⚠ POSSIBLE PORT SCAN DETECTED
2026-05-30 00:15:05,371 | ⚠ POSSIBLE PORT SCAN DETECTED
2026-05-30 00:15:06,419 | ⚠ POSSIBLE PORT SCAN DETECTED
2026-05-30 00:15:06,462 | ⚠ POSSIBLE PORT SCAN DETECTED
2026-05-30 00:15:06,661 | ⚠ POSSIBLE PORT SCAN DETECTED
2026-05-30 00:15:07,423 | ⚠ POSSIBLE PORT SCAN DETECTED
2026-05-30 00:15:08,174 | ⚠ POSSIBLE PORT SCAN DETECTED
2026-05-30 00:15:08,434 | ⚠ POSSIBLE PORT SCAN DETECTED
2026-05-30 00:15:09,442 | ⚠ POSSIBLE PORT SCAN DETECTED
2026-05-30 00:15:10,451 | ⚠ POSSIBLE PORT SCAN DETECTED
2026-05-30 00:15:11,461 | ⚠ POSSIBLE PORT SCAN DETECTED
2026-05-30 00:15:11,672 | ⚠ POSSIBLE PORT SCAN DETECTED
2026-05-30 00:15:12,468 | ⚠ POSSIBLE PORT SCAN DETECTED
2026-05-30 00:15:13,177 | ⚠ POSSIBLE PORT SCAN DETECTED
2026-05-30 00:15:13,479 | ⚠ POSSIBLE PORT SCAN DETECTED
2026-05-30 00:15:14,489 | ⚠ POSSIBLE PORT SCAN DETECTED
2026-05-30 00:15:15,503 | ⚠ POSSIBLE PORT SCAN DETECTED
2026-05-30 00:15:16,512 | ⚠ POSSIBLE PORT SCAN DETECTED
2026-05-30 00:15:16,684 | ⚠ POSSIBLE PORT SCAN DETECTED
2026-05-30 00:15:17,524 | ⚠ POSSIBLE PORT SCAN DETECTED
2026-05-30 00:15:18,195 | ⚠ POSSIBLE PORT SCAN DETECTED
2026-05-30 00:15:18,535 | ⚠ POSSIBLE PORT SCAN DETECTED
2026-05-30 00:15:19,551 | ⚠ POSSIBLE PORT SCAN DETECTED
2026-05-30 00:15:20,562 | ⚠ POSSIBLE PORT SCAN DETECTED
2026-05-30 00:15:21,571 | ⚠ POSSIBLE PORT SCAN DETECTED
2026-05-30 00:15:21,696 | ⚠ POSSIBLE PORT SCAN DETECTED
2026-05-30 00:15:22,587 | ⚠ POSSIBLE PORT SCAN DETECTED
2026-05-30 00:15:23,192 | ⚠ POSSIBLE PORT SCAN DETECTED
2026-05-30 00:15:23,593 | ⚠ POSSIBLE PORT SCAN DETECTED
2026-05-30 00:15:24,607 | ⚠ POSSIBLE PORT SCAN DETECTED
2026-05-30 00:15:25,620 | ⚠ POSSIBLE PORT SCAN DETECTED
2026-05-30 00:15:26,639 | ⚠ POSSIBLE PORT SCAN DETECTED
2026-05-30 00:15:26,706 | ⚠ POSSIBLE PORT SCAN DETECTED
2026-05-30 00:15:27,654 | ⚠ POSSIBLE PORT SCAN DETECTED
2026-05-30 00:15:28,217 | ⚠ POSSIBLE PORT SCAN DETECTED
2026-05-30 00:15:28,669 | ⚠ POSSIBLE PORT SCAN DETECTED
2026-05-30 00:15:29,683 | ⚠ POSSIBLE PORT SCAN DETECTED
2026-05-30 00:15:30,698 | ⚠ POSSIBLE PORT SCAN DETECTED
2026-05-30 00:15:31,711 | ⚠ POSSIBLE PORT SCAN DETECTED
2026-05-30 00:15:31,720 | ⚠ POSSIBLE PORT SCAN DETECTED
2026-05-30 00:15:32,736 | ⚠ POSSIBLE PORT SCAN DETECTED
2026-05-30 00:15:33,199 | ⚠ POSSIBLE PORT SCAN DETECTED
2026-05-30 00:15:33,757 | ⚠ POSSIBLE PORT SCAN DETECTED
2026-05-30 00:15:34,769 | ⚠ POSSIBLE PORT SCAN DETECTED
2026-05-30 00:15:35,786 | ⚠ POSSIBLE PORT SCAN DETECTED
2026-05-30 00:15:36,365 | ⚠ POSSIBLE PORT SCAN DETECTED
2026-05-30 00:15:36,738 | ⚠ POSSIBLE PORT SCAN DETECTED
2026-05-30 00:15:36,793 | ⚠ POSSIBLE PORT SCAN DETECTED
2026-05-30 00:15:37,799 | ⚠ POSSIBLE PORT SCAN DETECTED
2026-05-30 00:15:38,203 | ⚠ POSSIBLE PORT SCAN DETECTED
2026-05-30 00:15:38,811 | ⚠ POSSIBLE PORT SCAN DETECTED
2026-05-30 00:15:39,822 | ⚠ POSSIBLE PORT SCAN DETECTED
2026-05-30 00:15:40,836 | ⚠ POSSIBLE PORT SCAN DETECTED
2026-05-30 00:15:41,748 | ⚠ POSSIBLE PORT SCAN DETECTED
2026-05-30 00:15:41,848 | ⚠ POSSIBLE PORT SCAN DETECTED
2026-05-30 00:15:42,860 | ⚠ POSSIBLE PORT SCAN DETECTED
2026-05-30 00:15:43,207 | ⚠ POSSIBLE PORT SCAN DETECTED
2026-05-30 00:15:43,873 | ⚠ POSSIBLE PORT SCAN DETECTED
2026-05-30 00:15:44,887 | ⚠ POSSIBLE PORT SCAN DETECTED
2026-05-30 00:15:45,897 | ⚠ POSSIBLE PORT SCAN DETECTED
2026-05-30 00:15:46,763 | ⚠ POSSIBLE PORT SCAN DETECTED
2026-05-30 00:15:46,905 | ⚠ POSSIBLE PORT SCAN DETECTED
2026-05-30 00:15:47,916 | ⚠ POSSIBLE PORT SCAN DETECTED
2026-05-30 00:15:48,210 | ⚠ POSSIBLE PORT SCAN DETECTED
2026-05-30 00:15:48,935 | ⚠ POSSIBLE PORT SCAN DETECTED
2026-05-30 00:15:49,948 | ⚠ POSSIBLE PORT SCAN DETECTED
2026-05-30 00:15:50,957 | ⚠ POSSIBLE PORT SCAN DETECTED
2026-05-30 00:15:51,775 | ⚠ POSSIBLE PORT SCAN DETECTED
2026-05-30 00:15:51,971 | ⚠ POSSIBLE PORT SCAN DETECTED
2026-05-30 00:15:52,986 | ⚠ POSSIBLE PORT SCAN DETECTED
2026-05-30 00:15:53,214 | ⚠ POSSIBLE PORT SCAN DETECTED
2026-05-30 00:15:54,001 | ⚠ POSSIBLE PORT SCAN DETECTED
2026-05-30 00:15:55,011 | ⚠ POSSIBLE PORT SCAN DETECTED
2026-05-30 00:15:56,022 | ⚠ POSSIBLE PORT SCAN DETECTED
2026-05-30 00:15:56,790 | ⚠ POSSIBLE PORT SCAN DETECTED
2026-05-30 00:15:57,033 | ⚠ POSSIBLE PORT SCAN DETECTED
2026-05-30 00:15:58,046 | ⚠ POSSIBLE PORT SCAN DETECTED
2026-05-30 00:15:58,225 | ⚠ POSSIBLE PORT SCAN DETECTED
2026-05-30 00:15:59,069 | ⚠ POSSIBLE PORT SCAN DETECTED
2026-05-30 00:16:00,088 | ⚠ POSSIBLE PORT SCAN DETECTED
2026-05-30 00:16:01,098 | ⚠ POSSIBLE PORT SCAN DETECTED
2026-05-30 00:16:01,803 | ⚠ POSSIBLE PORT SCAN DETECTED
2026-05-30 00:16:02,107 | ⚠ POSSIBLE PORT SCAN DETECTED
2026-05-30 00:16:03,117 | ⚠ POSSIBLE PORT SCAN DETECTED
2026-05-30 00:16:03,545 | ⚠ POSSIBLE PORT SCAN DETECTED
2026-05-30 00:16:04,127 | ⚠ POSSIBLE PORT SCAN DETECTED
2026-05-30 00:16:05,133 | ⚠ POSSIBLE PORT SCAN DETECTED
2026-05-30 00:16:06,140 | ⚠ POSSIBLE PORT SCAN DETECTED
2026-05-30 00:16:06,814 | ⚠ POSSIBLE PORT SCAN DETECTED
2026-05-30 00:16:06,993 | ⚠ POSSIBLE PORT SCAN DETECTED
2026-05-30 00:16:07,147 | ⚠ POSSIBLE PORT SCAN DETECTED
2026-05-30 00:16:08,159 | ⚠ POSSIBLE PORT SCAN DETECTED
2026-05-30 00:16:09,169 | ⚠ POSSIBLE PORT SCAN DETECTED
2026-05-30 00:16:10,177 | ⚠ POSSIBLE PORT SCAN DETECTED
2026-05-30 00:16:11,186 | ⚠ POSSIBLE PORT SCAN DETECTED
2026-05-30 00:16:11,385 | ⚠ POSSIBLE PORT SCAN DETECTED
2026-05-30 00:16:11,825 | ⚠ POSSIBLE PORT SCAN DETECTED
2026-05-30 00:16:12,193 | ⚠ POSSIBLE PORT SCAN DETECTED
2026-05-30 00:16:13,201 | ⚠ POSSIBLE PORT SCAN DETECTED
2026-05-30 00:16:14,213 | ⚠ POSSIBLE PORT SCAN DETECTED
2026-05-30 00:16:15,222 | ⚠ POSSIBLE PORT SCAN DETECTED
2026-05-30 00:16:16,231 | ⚠ POSSIBLE PORT SCAN DETECTED
2026-05-30 00:16:16,834 | ⚠ POSSIBLE PORT SCAN DETECTED
2026-05-30 00:16:17,238 | ⚠ POSSIBLE PORT SCAN DETECTED
2026-05-30 00:16:18,252 | ⚠ POSSIBLE PORT SCAN DETECTED
2026-05-30 00:16:19,258 | ⚠ POSSIBLE PORT SCAN DETECTED
2026-05-30 00:16:20,269 | ⚠ POSSIBLE PORT SCAN DETECTED
2026-05-30 00:16:21,280 | ⚠ POSSIBLE PORT SCAN DETECTED
2026-05-30 00:16:21,845 | ⚠ POSSIBLE PORT SCAN DETECTED
2026-05-30 00:16:22,288 | ⚠ POSSIBLE PORT SCAN DETECTED
2026-05-30 00:16:23,299 | ⚠ POSSIBLE PORT SCAN DETECTED
2026-05-30 00:16:23,712 | ⚠ POSSIBLE PORT SCAN DETECTED
2026-05-30 00:16:24,304 | ⚠ POSSIBLE PORT SCAN DETECTED
2026-05-30 00:16:25,314 | ⚠ POSSIBLE PORT SCAN DETECTED
2026-05-30 00:16:26,323 | ⚠ POSSIBLE PORT SCAN DETECTED
2026-05-30 00:16:26,855 | ⚠ POSSIBLE PORT SCAN DETECTED
2026-05-30 00:16:27,331 | ⚠ POSSIBLE PORT SCAN DETECTED
2026-05-30 00:16:28,341 | ⚠ POSSIBLE PORT SCAN DETECTED
2026-05-30 00:16:29,345 | ⚠ POSSIBLE PORT SCAN DETECTED
2026-05-30 00:16:30,354 | ⚠ POSSIBLE PORT SCAN DETECTED
2026-05-30 00:16:31,361 | ⚠ POSSIBLE PORT SCAN DETECTED
2026-05-30 00:16:31,864 | ⚠ POSSIBLE PORT SCAN DETECTED
2026-05-30 00:16:32,367 | ⚠ POSSIBLE PORT SCAN DETECTED
2026-05-30 00:16:33,374 | ⚠ POSSIBLE PORT SCAN DETECTED
2026-05-30 00:16:34,378 | ⚠ POSSIBLE PORT SCAN DETECTED
2026-05-30 00:16:35,388 | ⚠ POSSIBLE PORT SCAN DETECTED
2026-05-30 00:16:36,399 | ⚠ POSSIBLE PORT SCAN DETECTED
2026-05-30 00:16:36,878 | ⚠ POSSIBLE PORT SCAN DETECTED
2026-05-30 00:16:37,408 | ⚠ POSSIBLE PORT SCAN DETECTED
2026-05-30 00:16:37,582 | ⚠ POSSIBLE PORT SCAN DETECTED
2026-05-30 00:16:38,419 | ⚠ POSSIBLE PORT SCAN DETECTED
2026-05-30 00:16:39,425 | ⚠ POSSIBLE PORT SCAN DETECTED
2026-05-30 00:16:40,433 | ⚠ POSSIBLE PORT SCAN DETECTED
2026-05-30 00:16:41,448 | ⚠ POSSIBLE PORT SCAN DETECTED
2026-05-30 00:16:41,890 | ⚠ POSSIBLE PORT SCAN DETECTED
2026-05-30 00:16:42,455 | ⚠ POSSIBLE PORT SCAN DETECTED
2026-05-30 00:16:43,464 | ⚠ POSSIBLE PORT SCAN DETECTED
2026-05-30 00:16:44,474 | ⚠ POSSIBLE PORT SCAN DETECTED
2026-05-30 00:16:45,484 | ⚠ POSSIBLE PORT SCAN DETECTED
2026-05-30 00:16:46,490 | ⚠ POSSIBLE PORT SCAN DETECTED
2026-05-30 00:16:46,903 | ⚠ POSSIBLE PORT SCAN DETECTED
2026-05-30 00:16:47,496 | ⚠ POSSIBLE PORT SCAN DETECTED
2026-05-30 00:16:48,506 | ⚠ POSSIBLE PORT SCAN DETECTED
2026-05-30 00:16:49,518 | ⚠ POSSIBLE PORT SCAN DETECTED
2026-05-30 00:16:50,529 | ⚠ POSSIBLE PORT SCAN DETECTED
2026-05-30 00:16:51,538 | ⚠ POSSIBLE PORT SCAN DETECTED
2026-05-30 00:16:51,918 | ⚠ POSSIBLE PORT SCAN DETECTED
2026-05-30 00:16:52,546 | ⚠ POSSIBLE PORT SCAN DETECTED
2026-05-30 00:16:53,554 | ⚠ POSSIBLE PORT SCAN DETECTED
2026-05-30 00:16:54,562 | ⚠ POSSIBLE PORT SCAN DETECTED
2026-05-30 00:16:55,571 | ⚠ POSSIBLE PORT SCAN DETECTED
2026-05-30 00:16:56,581 | ⚠ POSSIBLE PORT SCAN DETECTED
2026-05-30 00:16:56,927 | ⚠ POSSIBLE PORT SCAN DETECTED
2026-05-30 00:16:57,589 | ⚠ POSSIBLE PORT SCAN DETECTED
2026-05-30 00:16:58,601 | ⚠ POSSIBLE PORT SCAN DETECTED
2026-05-30 00:16:59,610 | ⚠ POSSIBLE PORT SCAN DETECTED
2026-05-30 00:16:59,638 | ⚠ POSSIBLE PORT SCAN DETECTED
2026-05-30 00:17:00,621 | ⚠ POSSIBLE PORT SCAN DETECTED
2026-05-30 00:17:01,632 | ⚠ POSSIBLE PORT SCAN DETECTED
2026-05-30 00:17:01,942 | ⚠ POSSIBLE PORT SCAN DETECTED
2026-05-30 00:17:02,641 | ⚠ POSSIBLE PORT SCAN DETECTED
2026-05-30 00:17:03,651 | ⚠ POSSIBLE PORT SCAN DETECTED
2026-05-30 00:17:04,663 | ⚠ POSSIBLE PORT SCAN DETECTED
2026-05-30 00:17:05,673 | ⚠ POSSIBLE PORT SCAN DETECTED
2026-05-30 00:17:06,683 | ⚠ POSSIBLE PORT SCAN DETECTED
2026-05-30 00:17:06,966 | ⚠ POSSIBLE PORT SCAN DETECTED
2026-05-30 00:17:07,691 | ⚠ POSSIBLE PORT SCAN DETECTED
2026-05-30 00:17:08,107 | ⚠ POSSIBLE PORT SCAN DETECTED
2026-05-30 00:17:08,699 | ⚠ POSSIBLE PORT SCAN DETECTED
2026-05-30 00:17:09,704 | ⚠ POSSIBLE PORT SCAN DETECTED
2026-05-30 00:17:10,713 | ⚠ POSSIBLE PORT SCAN DETECTED
2026-05-30 00:17:11,738 | ⚠ POSSIBLE PORT SCAN DETECTED
2026-05-30 00:17:11,979 | ⚠ POSSIBLE PORT SCAN DETECTED
2026-05-30 00:17:12,389 | ⚠ POSSIBLE PORT SCAN DETECTED
2026-05-30 00:17:12,747 | ⚠ POSSIBLE PORT SCAN DETECTED
2026-05-30 00:17:13,752 | ⚠ POSSIBLE PORT SCAN DETECTED
2026-05-30 00:17:14,758 | ⚠ POSSIBLE PORT SCAN DETECTED
2026-05-30 00:17:15,772 | ⚠ POSSIBLE PORT SCAN DETECTED
2026-05-30 00:17:16,789 | ⚠ POSSIBLE PORT SCAN DETECTED
2026-05-30 00:17:16,985 | ⚠ BANDWIDTH SPIKE DETECTED
2026-05-30 00:17:16,986 | ⚠ POSSIBLE PORT SCAN DETECTED
2026-05-30 00:17:17,366 | ⚠ POSSIBLE PORT SCAN DETECTED
2026-05-30 00:17:17,796 | ⚠ POSSIBLE PORT SCAN DETECTED
2026-05-30 00:17:18,807 | ⚠ POSSIBLE PORT SCAN DETECTED
2026-05-30 00:17:19,817 | ⚠ POSSIBLE PORT SCAN DETECTED
2026-05-30 00:17:20,853 | ⚠ POSSIBLE PORT SCAN DETECTED
2026-05-30 00:17:21,865 | ⚠ POSSIBLE PORT SCAN DETECTED
2026-05-30 00:17:21,997 | ⚠ BANDWIDTH SPIKE DETECTED
2026-05-30 00:17:21,998 | ⚠ POSSIBLE PORT SCAN DETECTED
2026-05-30 00:17:22,594 | ⚠ POSSIBLE PORT SCAN DETECTED
2026-05-30 00:17:22,874 | ⚠ POSSIBLE PORT SCAN DETECTED
2026-05-30 00:17:23,881 | ⚠ POSSIBLE PORT SCAN DETECTED
2026-05-30 00:17:24,898 | ⚠ POSSIBLE PORT SCAN DETECTED
2026-05-30 00:17:25,908 | ⚠ POSSIBLE PORT SCAN DETECTED
2026-05-30 00:17:26,914 | ⚠ POSSIBLE PORT SCAN DETECTED
2026-05-30 00:17:27,012 | ⚠ BANDWIDTH SPIKE DETECTED
2026-05-30 00:17:27,012 | ⚠ POSSIBLE PORT SCAN DETECTED
2026-05-30 00:17:27,924 | ⚠ POSSIBLE PORT SCAN DETECTED
2026-05-30 00:17:28,471 | ⚠ POSSIBLE PORT SCAN DETECTED
2026-05-30 00:17:28,934 | ⚠ POSSIBLE PORT SCAN DETECTED
2026-05-30 00:17:29,940 | ⚠ POSSIBLE PORT SCAN DETECTED
2026-05-30 00:17:30,950 | ⚠ POSSIBLE PORT SCAN DETECTED
2026-05-30 00:17:31,962 | ⚠ POSSIBLE PORT SCAN DETECTED
2026-05-30 00:17:32,021 | ⚠ POSSIBLE PORT SCAN DETECTED
2026-05-30 00:17:32,970 | ⚠ POSSIBLE PORT SCAN DETECTED
2026-05-30 00:17:33,974 | ⚠ POSSIBLE PORT SCAN DETECTED
2026-05-30 00:17:34,982 | ⚠ POSSIBLE PORT SCAN DETECTED
2026-05-30 00:17:36,008 | ⚠ POSSIBLE PORT SCAN DETECTED
2026-05-30 00:17:37,017 | ⚠ POSSIBLE PORT SCAN DETECTED
2026-05-30 00:17:37,027 | ⚠ BANDWIDTH SPIKE DETECTED
2026-05-30 00:17:37,027 | ⚠ POSSIBLE PORT SCAN DETECTED
2026-05-30 00:17:38,023 | ⚠ POSSIBLE PORT SCAN DETECTED
2026-05-30 00:17:38,689 | ⚠ POSSIBLE PORT SCAN DETECTED
2026-05-30 00:17:39,031 | ⚠ POSSIBLE PORT SCAN DETECTED
2026-05-30 00:17:39,045 | ⚠ POSSIBLE PORT SCAN DETECTED
2026-05-30 00:17:40,036 | ⚠ POSSIBLE PORT SCAN DETECTED
2026-05-30 00:17:41,053 | ⚠ POSSIBLE PORT SCAN DETECTED
2026-05-30 00:17:42,035 | ⚠ POSSIBLE PORT SCAN DETECTED
2026-05-30 00:17:42,062 | ⚠ POSSIBLE PORT SCAN DETECTED
2026-05-30 00:17:43,070 | ⚠ POSSIBLE PORT SCAN DETECTED
2026-05-30 00:17:44,077 | ⚠ POSSIBLE PORT SCAN DETECTED
2026-05-30 00:17:45,089 | ⚠ POSSIBLE PORT SCAN DETECTED
2026-05-30 00:17:46,098 | ⚠ POSSIBLE PORT SCAN DETECTED
2026-05-30 00:17:47,044 | ⚠ POSSIBLE PORT SCAN DETECTED
2026-05-30 00:17:47,107 | ⚠ POSSIBLE PORT SCAN DETECTED
2026-05-30 00:17:48,117 | ⚠ POSSIBLE PORT SCAN DETECTED
2026-05-30 00:17:49,123 | ⚠ POSSIBLE PORT SCAN DETECTED
2026-05-30 00:17:50,130 | ⚠ POSSIBLE PORT SCAN DETECTED
2026-05-30 00:17:51,165 | ⚠ POSSIBLE PORT SCAN DETECTED
2026-05-30 00:17:52,081 | ⚠ BANDWIDTH SPIKE DETECTED
2026-05-30 00:17:52,082 | ⚠ POSSIBLE PORT SCAN DETECTED
2026-05-30 00:17:52,172 | ⚠ POSSIBLE PORT SCAN DETECTED
2026-05-30 00:17:53,182 | ⚠ POSSIBLE PORT SCAN DETECTED
2026-05-30 00:17:54,208 | ⚠ POSSIBLE PORT SCAN DETECTED
2026-05-30 00:17:55,218 | ⚠ POSSIBLE PORT SCAN DETECTED
2026-05-30 00:17:56,226 | ⚠ POSSIBLE PORT SCAN DETECTED
2026-05-30 00:17:57,091 | ⚠ BANDWIDTH SPIKE DETECTED
2026-05-30 00:17:57,093 | ⚠ POSSIBLE PORT SCAN DETECTED
2026-05-30 00:17:57,245 | ⚠ POSSIBLE PORT SCAN DETECTED
2026-05-30 00:17:58,253 | ⚠ POSSIBLE PORT SCAN DETECTED
2026-05-30 00:17:59,265 | ⚠ POSSIBLE PORT SCAN DETECTED
2026-05-30 00:18:00,275 | ⚠ POSSIBLE PORT SCAN DETECTED
2026-05-30 00:18:00,342 | ⚠ POSSIBLE PORT SCAN DETECTED
2026-05-30 00:18:01,286 | ⚠ POSSIBLE PORT SCAN DETECTED
2026-05-30 00:18:02,145 | ⚠ BANDWIDTH SPIKE DETECTED
2026-05-30 00:18:02,145 | ⚠ POSSIBLE PORT SCAN DETECTED
2026-05-30 00:18:02,300 | ⚠ POSSIBLE PORT SCAN DETECTED
2026-05-30 00:18:03,307 | ⚠ POSSIBLE PORT SCAN DETECTED
2026-05-30 00:18:04,317 | ⚠ POSSIBLE PORT SCAN DETECTED
2026-05-30 00:18:05,324 | ⚠ POSSIBLE PORT SCAN DETECTED
2026-05-30 00:18:06,337 | ⚠ POSSIBLE PORT SCAN DETECTED
2026-05-30 00:18:07,150 | ⚠ BANDWIDTH SPIKE DETECTED
2026-05-30 00:18:07,150 | ⚠ POSSIBLE PORT SCAN DETECTED
2026-05-30 00:18:07,348 | ⚠ POSSIBLE PORT SCAN DETECTED
2026-05-30 00:18:08,370 | ⚠ POSSIBLE PORT SCAN DETECTED
2026-05-30 00:18:09,375 | ⚠ POSSIBLE PORT SCAN DETECTED
2026-05-30 00:18:09,536 | ⚠ POSSIBLE PORT SCAN DETECTED
2026-05-30 00:18:10,385 | ⚠ POSSIBLE PORT SCAN DETECTED
2026-05-30 00:18:11,391 | ⚠ POSSIBLE PORT SCAN DETECTED
2026-05-30 00:18:12,183 | ⚠ BANDWIDTH SPIKE DETECTED
2026-05-30 00:18:12,184 | ⚠ POSSIBLE PORT SCAN DETECTED
2026-05-30 00:18:12,401 | ⚠ POSSIBLE PORT SCAN DETECTED
2026-05-30 00:18:13,408 | ⚠ POSSIBLE PORT SCAN DETECTED
2026-05-30 00:18:14,414 | ⚠ POSSIBLE PORT SCAN DETECTED
2026-05-30 00:18:15,425 | ⚠ POSSIBLE PORT SCAN DETECTED
2026-05-30 00:18:16,432 | ⚠ POSSIBLE PORT SCAN DETECTED
2026-05-30 00:18:17,196 | ⚠ BANDWIDTH SPIKE DETECTED
2026-05-30 00:18:17,196 | ⚠ POSSIBLE PORT SCAN DETECTED
2026-05-30 00:18:17,440 | ⚠ POSSIBLE PORT SCAN DETECTED
2026-05-30 00:18:18,452 | ⚠ POSSIBLE PORT SCAN DETECTED
2026-05-30 00:18:19,458 | ⚠ POSSIBLE PORT SCAN DETECTED
2026-05-30 00:18:20,468 | ⚠ POSSIBLE PORT SCAN DETECTED
2026-05-30 00:18:21,477 | ⚠ POSSIBLE PORT SCAN DETECTED
2026-05-30 00:18:22,211 | ⚠ BANDWIDTH SPIKE DETECTED
2026-05-30 00:18:22,212 | ⚠ POSSIBLE PORT SCAN DETECTED
2026-05-30 00:18:22,237 | ⚠ POSSIBLE PORT SCAN DETECTED
2026-05-30 00:18:22,487 | ⚠ POSSIBLE PORT SCAN DETECTED
2026-05-30 00:18:23,499 | ⚠ POSSIBLE PORT SCAN DETECTED
2026-05-30 00:18:24,510 | ⚠ POSSIBLE PORT SCAN DETECTED
2026-05-30 00:18:25,560 | ⚠ POSSIBLE PORT SCAN DETECTED
2026-05-30 00:18:26,568 | ⚠ POSSIBLE PORT SCAN DETECTED
2026-05-30 00:18:27,221 | ⚠ POSSIBLE PORT SCAN DETECTED
2026-05-30 00:18:27,579 | ⚠ POSSIBLE PORT SCAN DETECTED
2026-05-30 00:18:28,585 | ⚠ POSSIBLE PORT SCAN DETECTED
2026-05-30 00:18:29,599 | ⚠ POSSIBLE PORT SCAN DETECTED
2026-05-30 00:18:30,607 | ⚠ POSSIBLE PORT SCAN DETECTED
2026-05-30 00:18:31,617 | ⚠ POSSIBLE PORT SCAN DETECTED
2026-05-30 00:18:32,231 | ⚠ BANDWIDTH SPIKE DETECTED
2026-05-30 00:18:32,231 | ⚠ POSSIBLE PORT SCAN DETECTED
2026-05-30 00:18:32,643 | ⚠ POSSIBLE PORT SCAN DETECTED
2026-05-30 00:18:33,654 | ⚠ POSSIBLE PORT SCAN DETECTED
2026-05-30 00:18:34,666 | ⚠ POSSIBLE PORT SCAN DETECTED
2026-05-30 00:18:35,691 | ⚠ POSSIBLE PORT SCAN DETECTED
2026-05-30 00:18:36,695 | ⚠ POSSIBLE PORT SCAN DETECTED
2026-05-30 00:18:37,244 | ⚠ BANDWIDTH SPIKE DETECTED
2026-05-30 00:18:37,245 | ⚠ POSSIBLE PORT SCAN DETECTED
2026-05-30 00:18:37,703 | ⚠ POSSIBLE PORT SCAN DETECTED
2026-05-30 00:18:38,714 | ⚠ POSSIBLE PORT SCAN DETECTED
2026-05-30 00:18:39,721 | ⚠ POSSIBLE PORT SCAN DETECTED
2026-05-30 00:18:40,391 | ⚠ POSSIBLE PORT SCAN DETECTED
2026-05-30 00:18:40,724 | ⚠ POSSIBLE PORT SCAN DETECTED
2026-05-30 00:18:41,728 | ⚠ POSSIBLE PORT SCAN DETECTED
2026-05-30 00:18:42,258 | ⚠ BANDWIDTH SPIKE DETECTED
2026-05-30 00:18:42,259 | ⚠ POSSIBLE PORT SCAN DETECTED
2026-05-30 00:18:42,737 | ⚠ POSSIBLE PORT SCAN DETECTED
2026-05-30 00:18:43,748 | ⚠ POSSIBLE PORT SCAN DETECTED
2026-05-30 00:18:44,824 | ⚠ POSSIBLE PORT SCAN DETECTED
2026-05-30 00:18:45,842 | ⚠ POSSIBLE PORT SCAN DETECTED
2026-05-30 00:18:46,851 | ⚠ POSSIBLE PORT SCAN DETECTED
2026-05-30 00:18:47,267 | ⚠ BANDWIDTH SPIKE DETECTED
2026-05-30 00:18:47,267 | ⚠ POSSIBLE PORT SCAN DETECTED
2026-05-30 00:18:47,860 | ⚠ POSSIBLE PORT SCAN DETECTED
2026-05-30 00:18:48,877 | ⚠ POSSIBLE PORT SCAN DETECTED
2026-05-30 00:18:49,889 | ⚠ POSSIBLE PORT SCAN DETECTED
2026-05-30 00:18:50,903 | ⚠ POSSIBLE PORT SCAN DETECTED
2026-05-30 00:18:51,913 | ⚠ POSSIBLE PORT SCAN DETECTED
2026-05-30 00:18:52,283 | ⚠ BANDWIDTH SPIKE DETECTED
2026-05-30 00:18:52,285 | ⚠ POSSIBLE PORT SCAN DETECTED
2026-05-30 00:18:52,918 | ⚠ POSSIBLE PORT SCAN DETECTED
2026-05-30 00:18:53,944 | ⚠ POSSIBLE PORT SCAN DETECTED
2026-05-30 00:18:54,953 | ⚠ POSSIBLE PORT SCAN DETECTED
2026-05-30 00:18:55,963 | ⚠ POSSIBLE PORT SCAN DETECTED
2026-05-30 00:18:56,981 | ⚠ POSSIBLE PORT SCAN DETECTED
2026-05-30 00:18:57,317 | ⚠ BANDWIDTH SPIKE DETECTED
2026-05-30 00:18:57,317 | ⚠ POSSIBLE PORT SCAN DETECTED
2026-05-30 00:18:58,006 | ⚠ POSSIBLE PORT SCAN DETECTED
2026-05-30 00:18:59,025 | ⚠ POSSIBLE PORT SCAN DETECTED
2026-05-30 00:19:00,039 | ⚠ POSSIBLE PORT SCAN DETECTED
2026-05-30 00:19:01,048 | ⚠ POSSIBLE PORT SCAN DETECTED
2026-05-30 00:19:02,057 | ⚠ POSSIBLE PORT SCAN DETECTED
2026-05-30 00:19:02,333 | ⚠ BANDWIDTH SPIKE DETECTED
2026-05-30 00:19:02,333 | ⚠ POSSIBLE PORT SCAN DETECTED
2026-05-30 00:19:03,066 | ⚠ POSSIBLE PORT SCAN DETECTED
2026-05-30 00:19:04,075 | ⚠ POSSIBLE PORT SCAN DETECTED
2026-05-30 00:19:04,164 | ⚠ POSSIBLE PORT SCAN DETECTED
2026-05-30 00:19:05,086 | ⚠ POSSIBLE PORT SCAN DETECTED
2026-05-30 00:19:06,098 | ⚠ POSSIBLE PORT SCAN DETECTED
2026-05-30 00:19:07,110 | ⚠ POSSIBLE PORT SCAN DETECTED
2026-05-30 00:19:07,355 | ⚠ BANDWIDTH SPIKE DETECTED
2026-05-30 00:19:07,356 | ⚠ POSSIBLE PORT SCAN DETECTED
2026-05-30 00:19:08,122 | ⚠ POSSIBLE PORT SCAN DETECTED
2026-05-30 00:19:09,134 | ⚠ POSSIBLE PORT SCAN DETECTED
2026-05-30 00:19:10,151 | ⚠ POSSIBLE PORT SCAN DETECTED
2026-05-30 00:19:11,113 | ⚠ POSSIBLE PORT SCAN DETECTED
2026-05-30 00:19:11,181 | ⚠ POSSIBLE PORT SCAN DETECTED
2026-05-30 00:19:12,194 | ⚠ POSSIBLE PORT SCAN DETECTED
2026-05-30 00:19:12,368 | ⚠ BANDWIDTH SPIKE DETECTED
2026-05-30 00:19:12,369 | ⚠ POSSIBLE PORT SCAN DETECTED
2026-05-30 00:19:13,197 | ⚠ POSSIBLE PORT SCAN DETECTED
2026-05-30 00:19:14,201 | ⚠ POSSIBLE PORT SCAN DETECTED
2026-05-30 00:19:15,208 | ⚠ POSSIBLE PORT SCAN DETECTED
2026-05-30 00:19:16,216 | ⚠ POSSIBLE PORT SCAN DETECTED
2026-05-30 00:19:17,254 | ⚠ POSSIBLE PORT SCAN DETECTED
2026-05-30 00:19:17,375 | ⚠ BANDWIDTH SPIKE DETECTED
2026-05-30 00:19:17,375 | ⚠ POSSIBLE PORT SCAN DETECTED
2026-05-30 00:19:18,266 | ⚠ POSSIBLE PORT SCAN DETECTED
2026-05-30 00:19:19,274 | ⚠ POSSIBLE PORT SCAN DETECTED
2026-05-30 00:19:20,279 | ⚠ POSSIBLE PORT SCAN DETECTED
2026-05-30 00:19:21,287 | ⚠ POSSIBLE PORT SCAN DETECTED
2026-05-30 00:19:22,296 | ⚠ POSSIBLE PORT SCAN DETECTED
2026-05-30 00:19:22,404 | ⚠ POSSIBLE PORT SCAN DETECTED
2026-05-30 00:19:23,303 | ⚠ POSSIBLE PORT SCAN DETECTED
2026-05-30 00:19:24,314 | ⚠ POSSIBLE PORT SCAN DETECTED
2026-05-30 00:19:25,321 | ⚠ POSSIBLE PORT SCAN DETECTED
2026-05-30 00:19:26,332 | ⚠ POSSIBLE PORT SCAN DETECTED
2026-05-30 00:19:27,341 | ⚠ POSSIBLE PORT SCAN DETECTED
2026-05-30 00:19:27,417 | ⚠ POSSIBLE PORT SCAN DETECTED
2026-05-30 00:19:28,350 | ⚠ POSSIBLE PORT SCAN DETECTED
2026-05-30 00:19:29,359 | ⚠ POSSIBLE PORT SCAN DETECTED
2026-05-30 00:19:30,378 | ⚠ POSSIBLE PORT SCAN DETECTED
2026-05-30 00:19:31,424 | ⚠ POSSIBLE PORT SCAN DETECTED
2026-05-30 00:19:32,429 | ⚠ POSSIBLE PORT SCAN DETECTED
2026-05-30 00:19:32,434 | ⚠ POSSIBLE PORT SCAN DETECTED
2026-05-30 00:19:33,441 | ⚠ POSSIBLE PORT SCAN DETECTED
2026-05-30 00:19:34,446 | ⚠ POSSIBLE PORT SCAN DETECTED
2026-05-30 00:19:35,468 | ⚠ POSSIBLE PORT SCAN DETECTED
2026-05-30 00:19:36,481 | ⚠ POSSIBLE PORT SCAN DETECTED
2026-05-30 00:19:37,442 | ⚠ BANDWIDTH SPIKE DETECTED
2026-05-30 00:19:37,443 | ⚠ POSSIBLE PORT SCAN DETECTED
2026-05-30 00:19:37,490 | ⚠ POSSIBLE PORT SCAN DETECTED
2026-05-30 00:19:38,498 | ⚠ POSSIBLE PORT SCAN DETECTED
2026-05-30 00:19:39,504 | ⚠ POSSIBLE PORT SCAN DETECTED
2026-05-30 00:19:40,513 | ⚠ POSSIBLE PORT SCAN DETECTED
2026-05-30 00:19:40,768 | ⚠ POSSIBLE PORT SCAN DETECTED
2026-05-30 00:19:41,521 | ⚠ POSSIBLE PORT SCAN DETECTED
2026-05-30 00:19:42,106 | ⚠ POSSIBLE PORT SCAN DETECTED
2026-05-30 00:19:42,450 | ⚠ BANDWIDTH SPIKE DETECTED
2026-05-30 00:19:42,451 | ⚠ POSSIBLE PORT SCAN DETECTED
2026-05-30 00:19:42,529 | ⚠ POSSIBLE PORT SCAN DETECTED
2026-05-30 00:19:43,541 | ⚠ POSSIBLE PORT SCAN DETECTED
2026-05-30 00:19:44,549 | ⚠ POSSIBLE PORT SCAN DETECTED
2026-05-30 00:19:45,574 | ⚠ POSSIBLE PORT SCAN DETECTED
2026-05-30 00:19:46,583 | ⚠ POSSIBLE PORT SCAN DETECTED
2026-05-30 00:19:47,476 | ⚠ BANDWIDTH SPIKE DETECTED
2026-05-30 00:19:47,476 | ⚠ POSSIBLE PORT SCAN DETECTED
2026-05-30 00:19:47,590 | ⚠ POSSIBLE PORT SCAN DETECTED
2026-05-30 00:19:48,598 | ⚠ POSSIBLE PORT SCAN DETECTED
2026-05-30 00:19:49,604 | ⚠ POSSIBLE PORT SCAN DETECTED
2026-05-30 00:19:50,614 | ⚠ POSSIBLE PORT SCAN DETECTED
2026-05-30 00:19:51,622 | ⚠ POSSIBLE PORT SCAN DETECTED
2026-05-30 00:19:52,490 | ⚠ POSSIBLE PORT SCAN DETECTED
2026-05-30 00:19:52,631 | ⚠ POSSIBLE PORT SCAN DETECTED
2026-05-30 00:19:53,640 | ⚠ POSSIBLE PORT SCAN DETECTED
2026-05-30 00:19:54,653 | ⚠ POSSIBLE PORT SCAN DETECTED
2026-05-30 00:19:55,665 | ⚠ POSSIBLE PORT SCAN DETECTED
2026-05-30 00:19:56,674 | ⚠ POSSIBLE PORT SCAN DETECTED
2026-05-30 00:19:57,504 | ⚠ POSSIBLE PORT SCAN DETECTED
2026-05-30 00:19:57,684 | ⚠ POSSIBLE PORT SCAN DETECTED
2026-05-30 00:19:58,696 | ⚠ POSSIBLE PORT SCAN DETECTED
2026-05-30 00:19:59,718 | ⚠ POSSIBLE PORT SCAN DETECTED
2026-05-30 00:20:00,727 | ⚠ POSSIBLE PORT SCAN DETECTED
2026-05-30 00:20:01,750 | ⚠ POSSIBLE PORT SCAN DETECTED
2026-05-30 00:20:02,533 | ⚠ POSSIBLE PORT SCAN DETECTED
2026-05-30 00:20:02,760 | ⚠ POSSIBLE PORT SCAN DETECTED
2026-05-30 00:20:03,857 | ⚠ POSSIBLE PORT SCAN DETECTED
2026-05-30 00:20:04,861 | ⚠ POSSIBLE PORT SCAN DETECTED
2026-05-30 00:20:05,870 | ⚠ POSSIBLE PORT SCAN DETECTED
2026-05-30 00:20:06,882 | ⚠ POSSIBLE PORT SCAN DETECTED
2026-05-30 00:20:07,542 | ⚠ POSSIBLE PORT SCAN DETECTED
2026-05-30 00:20:07,893 | ⚠ POSSIBLE PORT SCAN DETECTED
2026-05-30 00:20:08,902 | ⚠ POSSIBLE PORT SCAN DETECTED
2026-05-30 00:20:09,908 | ⚠ POSSIBLE PORT SCAN DETECTED
2026-05-30 00:20:10,916 | ⚠ POSSIBLE PORT SCAN DETECTED
2026-05-30 00:20:11,929 | ⚠ POSSIBLE PORT SCAN DETECTED
2026-05-30 00:20:12,559 | ⚠ POSSIBLE PORT SCAN DETECTED
2026-05-30 00:20:12,937 | ⚠ POSSIBLE PORT SCAN DETECTED
2026-05-30 00:20:13,329 | ⚠ POSSIBLE PORT SCAN DETECTED
2026-05-30 00:20:13,945 | ⚠ POSSIBLE PORT SCAN DETECTED
2026-05-30 00:20:14,951 | ⚠ POSSIBLE PORT SCAN DETECTED
2026-05-30 00:20:15,973 | ⚠ POSSIBLE PORT SCAN DETECTED
2026-05-30 00:20:16,988 | ⚠ POSSIBLE PORT SCAN DETECTED
2026-05-30 00:20:17,567 | ⚠ POSSIBLE PORT SCAN DETECTED
2026-05-30 00:20:17,999 | ⚠ POSSIBLE PORT SCAN DETECTED
2026-05-30 00:20:19,016 | ⚠ POSSIBLE PORT SCAN DETECTED
2026-05-30 00:20:20,025 | ⚠ POSSIBLE PORT SCAN DETECTED
2026-05-30 00:20:21,036 | ⚠ POSSIBLE PORT SCAN DETECTED
2026-05-30 00:20:22,047 | ⚠ POSSIBLE PORT SCAN DETECTED
2026-05-30 00:20:22,584 | ⚠ POSSIBLE PORT SCAN DETECTED
2026-05-30 00:20:23,055 | ⚠ POSSIBLE PORT SCAN DETECTED
2026-05-30 00:20:24,068 | ⚠ POSSIBLE PORT SCAN DETECTED
2026-05-30 00:20:25,081 | ⚠ POSSIBLE PORT SCAN DETECTED
2026-05-30 00:20:26,090 | ⚠ POSSIBLE PORT SCAN DETECTED
2026-05-30 00:20:27,099 | ⚠ POSSIBLE PORT SCAN DETECTED
2026-05-30 00:20:27,595 | ⚠ POSSIBLE PORT SCAN DETECTED
2026-05-30 00:20:28,107 | ⚠ POSSIBLE PORT SCAN DETECTED
2026-05-30 00:20:29,118 | ⚠ POSSIBLE PORT SCAN DETECTED
2026-05-30 00:20:30,126 | ⚠ POSSIBLE PORT SCAN DETECTED
2026-05-30 00:20:31,138 | ⚠ POSSIBLE PORT SCAN DETECTED
2026-05-30 00:20:32,147 | ⚠ POSSIBLE PORT SCAN DETECTED
2026-05-30 00:20:32,607 | ⚠ POSSIBLE PORT SCAN DETECTED
2026-05-30 00:20:33,156 | ⚠ POSSIBLE PORT SCAN DETECTED
2026-05-30 00:20:34,166 | ⚠ POSSIBLE PORT SCAN DETECTED
2026-05-30 00:20:35,175 | ⚠ POSSIBLE PORT SCAN DETECTED
2026-05-30 00:20:36,185 | ⚠ POSSIBLE PORT SCAN DETECTED
2026-05-30 00:20:37,196 | ⚠ POSSIBLE PORT SCAN DETECTED
2026-05-30 00:20:37,619 | ⚠ POSSIBLE PORT SCAN DETECTED
2026-05-30 00:20:38,205 | ⚠ POSSIBLE PORT SCAN DETECTED
2026-05-30 00:20:39,217 | ⚠ POSSIBLE PORT SCAN DETECTED
2026-05-30 00:20:40,225 | ⚠ POSSIBLE PORT SCAN DETECTED
2026-05-30 00:20:41,233 | ⚠ POSSIBLE PORT SCAN DETECTED
2026-05-30 00:20:42,241 | ⚠ POSSIBLE PORT SCAN DETECTED
2026-05-30 00:20:42,635 | ⚠ POSSIBLE PORT SCAN DETECTED
2026-05-30 00:20:43,254 | ⚠ POSSIBLE PORT SCAN DETECTED
2026-05-30 00:20:44,262 | ⚠ POSSIBLE PORT SCAN DETECTED
2026-05-30 00:20:44,358 | ⚠ POSSIBLE PORT SCAN DETECTED
2026-05-30 00:20:45,272 | ⚠ POSSIBLE PORT SCAN DETECTED
2026-05-30 00:20:46,276 | ⚠ POSSIBLE PORT SCAN DETECTED
2026-05-30 00:20:47,287 | ⚠ POSSIBLE PORT SCAN DETECTED
2026-05-30 00:20:47,649 | ⚠ POSSIBLE PORT SCAN DETECTED
2026-05-30 00:20:48,295 | ⚠ POSSIBLE PORT SCAN DETECTED
2026-05-30 00:20:49,306 | ⚠ POSSIBLE PORT SCAN DETECTED
2026-05-30 00:20:50,319 | ⚠ POSSIBLE PORT SCAN DETECTED
2026-05-30 00:20:51,328 | ⚠ POSSIBLE PORT SCAN DETECTED
2026-05-30 00:20:52,338 | ⚠ POSSIBLE PORT SCAN DETECTED
2026-05-30 00:20:52,665 | ⚠ POSSIBLE PORT SCAN DETECTED
2026-05-30 00:20:53,346 | ⚠ POSSIBLE PORT SCAN DETECTED
2026-05-30 00:20:54,357 | ⚠ POSSIBLE PORT SCAN DETECTED
2026-05-30 00:20:55,369 | ⚠ POSSIBLE PORT SCAN DETECTED
2026-05-30 00:20:56,381 | ⚠ POSSIBLE PORT SCAN DETECTED
2026-05-30 00:20:57,392 | ⚠ POSSIBLE PORT SCAN DETECTED
2026-05-30 00:20:57,677 | ⚠ POSSIBLE PORT SCAN DETECTED
2026-05-30 00:20:58,406 | ⚠ POSSIBLE PORT SCAN DETECTED
2026-05-30 00:20:59,417 | ⚠ POSSIBLE PORT SCAN DETECTED
2026-05-30 00:21:00,425 | ⚠ POSSIBLE PORT SCAN DETECTED
2026-05-30 00:21:01,438 | ⚠ POSSIBLE PORT SCAN DETECTED
2026-05-30 00:21:02,452 | ⚠ POSSIBLE PORT SCAN DETECTED
2026-05-30 00:21:02,691 | ⚠ POSSIBLE PORT SCAN DETECTED
2026-05-30 00:21:03,458 | ⚠ POSSIBLE PORT SCAN DETECTED
2026-05-30 00:21:04,463 | ⚠ POSSIBLE PORT SCAN DETECTED
2026-05-30 00:21:05,475 | ⚠ POSSIBLE PORT SCAN DETECTED
2026-05-30 00:21:06,485 | ⚠ POSSIBLE PORT SCAN DETECTED
2026-05-30 00:21:07,496 | ⚠ POSSIBLE PORT SCAN DETECTED
2026-05-30 00:21:07,705 | ⚠ POSSIBLE PORT SCAN DETECTED
2026-05-30 00:21:08,505 | ⚠ POSSIBLE PORT SCAN DETECTED
2026-05-30 00:21:09,509 | ⚠ POSSIBLE PORT SCAN DETECTED
2026-05-30 00:21:10,519 | ⚠ POSSIBLE PORT SCAN DETECTED
2026-05-30 00:21:11,527 | ⚠ POSSIBLE PORT SCAN DETECTED
2026-05-30 00:21:12,538 | ⚠ POSSIBLE PORT SCAN DETECTED
2026-05-30 00:21:12,721 | ⚠ POSSIBLE PORT SCAN DETECTED
2026-05-30 00:21:13,548 | ⚠ POSSIBLE PORT SCAN DETECTED
2026-05-30 00:21:14,555 | ⚠ POSSIBLE PORT SCAN DETECTED
2026-05-30 00:21:15,373 | ⚠ POSSIBLE PORT SCAN DETECTED
2026-05-30 00:21:15,561 | ⚠ POSSIBLE PORT SCAN DETECTED
2026-05-30 00:21:16,566 | ⚠ POSSIBLE PORT SCAN DETECTED
2026-05-30 00:21:17,575 | ⚠ POSSIBLE PORT SCAN DETECTED
2026-05-30 00:21:17,735 | ⚠ POSSIBLE PORT SCAN DETECTED
2026-05-30 00:21:18,584 | ⚠ POSSIBLE PORT SCAN DETECTED
2026-05-30 00:21:19,590 | ⚠ POSSIBLE PORT SCAN DETECTED
2026-05-30 00:21:20,600 | ⚠ POSSIBLE PORT SCAN DETECTED
2026-05-30 00:21:21,609 | ⚠ POSSIBLE PORT SCAN DETECTED
2026-05-30 00:21:22,160 | ⚠ POSSIBLE PORT SCAN DETECTED
2026-05-30 00:21:22,619 | ⚠ POSSIBLE PORT SCAN DETECTED
2026-05-30 00:21:22,744 | ⚠ POSSIBLE PORT SCAN DETECTED
2026-05-30 00:21:23,628 | ⚠ POSSIBLE PORT SCAN DETECTED
2026-05-30 00:21:24,636 | ⚠ POSSIBLE PORT SCAN DETECTED
2026-05-30 00:21:25,644 | ⚠ POSSIBLE PORT SCAN DETECTED
2026-05-30 00:21:26,654 | ⚠ POSSIBLE PORT SCAN DETECTED
2026-05-30 00:21:27,661 | ⚠ POSSIBLE PORT SCAN DETECTED
2026-05-30 00:21:27,762 | ⚠ POSSIBLE PORT SCAN DETECTED
2026-05-30 00:21:28,672 | ⚠ POSSIBLE PORT SCAN DETECTED
2026-05-30 00:21:29,681 | ⚠ POSSIBLE PORT SCAN DETECTED
2026-05-30 00:21:30,690 | ⚠ POSSIBLE PORT SCAN DETECTED
2026-05-30 00:21:31,700 | ⚠ POSSIBLE PORT SCAN DETECTED
2026-05-30 00:21:32,711 | ⚠ POSSIBLE PORT SCAN DETECTED
2026-05-30 00:21:32,776 | ⚠ POSSIBLE PORT SCAN DETECTED
2026-05-30 00:21:33,722 | ⚠ POSSIBLE PORT SCAN DETECTED
2026-05-30 00:21:34,727 | ⚠ POSSIBLE PORT SCAN DETECTED
2026-05-30 00:21:35,738 | ⚠ POSSIBLE PORT SCAN DETECTED
2026-05-30 00:21:36,744 | ⚠ POSSIBLE PORT SCAN DETECTED
2026-05-30 00:21:37,755 | ⚠ POSSIBLE PORT SCAN DETECTED
2026-05-30 00:21:37,791 | ⚠ POSSIBLE PORT SCAN DETECTED
2026-05-30 00:21:38,764 | ⚠ POSSIBLE PORT SCAN DETECTED
2026-05-30 00:21:39,774 | ⚠ POSSIBLE PORT SCAN DETECTED
2026-05-30 00:21:40,789 | ⚠ POSSIBLE PORT SCAN DETECTED
2026-05-30 00:21:41,797 | ⚠ POSSIBLE PORT SCAN DETECTED
2026-05-30 00:21:42,805 | ⚠ POSSIBLE PORT SCAN DETECTED
2026-05-30 00:21:42,808 | ⚠ POSSIBLE PORT SCAN DETECTED
2026-05-30 00:21:43,820 | ⚠ POSSIBLE PORT SCAN DETECTED
2026-05-30 00:21:44,832 | ⚠ POSSIBLE PORT SCAN DETECTED
2026-05-30 00:21:45,841 | ⚠ POSSIBLE PORT SCAN DETECTED
2026-05-30 00:21:46,333 | ⚠ POSSIBLE PORT SCAN DETECTED
2026-05-30 00:21:46,852 | ⚠ POSSIBLE PORT SCAN DETECTED
2026-05-30 00:21:47,827 | ⚠ POSSIBLE PORT SCAN DETECTED
2026-05-30 00:21:47,856 | ⚠ POSSIBLE PORT SCAN DETECTED
2026-05-30 00:21:48,863 | ⚠ POSSIBLE PORT SCAN DETECTED
2026-05-30 00:21:49,871 | ⚠ POSSIBLE PORT SCAN DETECTED
2026-05-30 00:21:50,875 | ⚠ POSSIBLE PORT SCAN DETECTED
2026-05-30 00:21:51,881 | ⚠ POSSIBLE PORT SCAN DETECTED
2026-05-30 00:21:52,838 | ⚠ BANDWIDTH SPIKE DETECTED
2026-05-30 00:21:52,842 | ⚠ POSSIBLE PORT SCAN DETECTED
2026-05-30 00:21:52,891 | ⚠ POSSIBLE PORT SCAN DETECTED
2026-05-30 00:21:53,918 | ⚠ POSSIBLE PORT SCAN DETECTED
2026-05-30 00:21:54,922 | ⚠ POSSIBLE PORT SCAN DETECTED
2026-05-30 00:21:55,926 | ⚠ POSSIBLE PORT SCAN DETECTED
2026-05-30 00:21:56,933 | ⚠ POSSIBLE PORT SCAN DETECTED
2026-05-30 00:21:57,863 | ⚠ BANDWIDTH SPIKE DETECTED
2026-05-30 00:21:57,866 | ⚠ POSSIBLE PORT SCAN DETECTED
2026-05-30 00:21:57,959 | ⚠ POSSIBLE PORT SCAN DETECTED
2026-05-30 00:21:58,401 | ⚠ POSSIBLE PORT SCAN DETECTED
2026-05-30 00:21:58,985 | ⚠ POSSIBLE PORT SCAN DETECTED
2026-05-30 00:21:59,990 | ⚠ POSSIBLE PORT SCAN DETECTED
2026-05-30 00:22:01,008 | ⚠ POSSIBLE PORT SCAN DETECTED
2026-05-30 00:22:02,033 | ⚠ POSSIBLE PORT SCAN DETECTED
2026-05-30 00:22:02,884 | ⚠ BANDWIDTH SPIKE DETECTED
2026-05-30 00:22:02,885 | ⚠ POSSIBLE PORT SCAN DETECTED
2026-05-30 00:22:03,047 | ⚠ POSSIBLE PORT SCAN DETECTED
2026-05-30 00:22:03,419 | ⚠ POSSIBLE PORT SCAN DETECTED
2026-05-30 00:22:04,064 | ⚠ POSSIBLE PORT SCAN DETECTED
2026-05-30 00:22:05,102 | ⚠ POSSIBLE PORT SCAN DETECTED
2026-05-30 00:22:06,192 | ⚠ POSSIBLE PORT SCAN DETECTED
2026-05-30 00:22:07,207 | ⚠ POSSIBLE PORT SCAN DETECTED
2026-05-30 00:22:07,905 | ⚠ BANDWIDTH SPIKE DETECTED
2026-05-30 00:22:07,906 | ⚠ POSSIBLE PORT SCAN DETECTED
2026-05-30 00:22:08,237 | ⚠ POSSIBLE PORT SCAN DETECTED
2026-05-30 00:22:09,241 | ⚠ POSSIBLE PORT SCAN DETECTED
2026-05-30 00:22:09,774 | ⚠ POSSIBLE PORT SCAN DETECTED
2026-05-30 00:22:10,245 | ⚠ POSSIBLE PORT SCAN DETECTED
2026-05-30 00:22:11,266 | ⚠ POSSIBLE PORT SCAN DETECTED
2026-05-30 00:22:12,272 | ⚠ POSSIBLE PORT SCAN DETECTED
2026-05-30 00:22:12,929 | ⚠ BANDWIDTH SPIKE DETECTED
2026-05-30 00:22:12,929 | ⚠ POSSIBLE PORT SCAN DETECTED
2026-05-30 00:22:13,282 | ⚠ POSSIBLE PORT SCAN DETECTED
2026-05-30 00:22:14,286 | ⚠ POSSIBLE PORT SCAN DETECTED
2026-05-30 00:22:15,296 | ⚠ POSSIBLE PORT SCAN DETECTED
2026-05-30 00:22:16,305 | ⚠ POSSIBLE PORT SCAN DETECTED
2026-05-30 00:22:17,316 | ⚠ POSSIBLE PORT SCAN DETECTED
2026-05-30 00:22:17,378 | ⚠ POSSIBLE PORT SCAN DETECTED
2026-05-30 00:22:17,935 | ⚠ BANDWIDTH SPIKE DETECTED
2026-05-30 00:22:17,936 | ⚠ POSSIBLE PORT SCAN DETECTED
2026-05-30 00:22:18,323 | ⚠ POSSIBLE PORT SCAN DETECTED
2026-05-30 00:22:19,329 | ⚠ POSSIBLE PORT SCAN DETECTED
2026-05-30 00:22:20,341 | ⚠ POSSIBLE PORT SCAN DETECTED
2026-05-30 00:22:21,359 | ⚠ POSSIBLE PORT SCAN DETECTED
2026-05-30 00:22:22,376 | ⚠ POSSIBLE PORT SCAN DETECTED
2026-05-30 00:22:22,950 | ⚠ POSSIBLE PORT SCAN DETECTED
2026-05-30 00:22:23,384 | ⚠ POSSIBLE PORT SCAN DETECTED
2026-05-30 00:22:24,395 | ⚠ POSSIBLE PORT SCAN DETECTED
2026-05-30 00:22:25,408 | ⚠ POSSIBLE PORT SCAN DETECTED
2026-05-30 00:22:26,429 | ⚠ POSSIBLE PORT SCAN DETECTED
2026-05-30 00:22:27,438 | ⚠ POSSIBLE PORT SCAN DETECTED
2026-05-30 00:22:27,965 | ⚠ POSSIBLE PORT SCAN DETECTED
2026-05-30 00:22:28,452 | ⚠ POSSIBLE PORT SCAN DETECTED
2026-05-30 00:22:29,464 | ⚠ POSSIBLE PORT SCAN DETECTED
2026-05-30 00:22:30,485 | ⚠ POSSIBLE PORT SCAN DETECTED
2026-05-30 00:22:31,498 | ⚠ POSSIBLE PORT SCAN DETECTED
2026-05-30 00:22:32,510 | ⚠ POSSIBLE PORT SCAN DETECTED
2026-05-30 00:22:32,984 | ⚠ POSSIBLE PORT SCAN DETECTED
2026-05-30 00:22:33,519 | ⚠ POSSIBLE PORT SCAN DETECTED
2026-05-30 00:22:34,527 | ⚠ POSSIBLE PORT SCAN DETECTED
2026-05-30 00:22:35,536 | ⚠ POSSIBLE PORT SCAN DETECTED
2026-05-30 00:22:36,545 | ⚠ POSSIBLE PORT SCAN DETECTED
2026-05-30 00:22:37,556 | ⚠ POSSIBLE PORT SCAN DETECTED
2026-05-30 00:22:38,002 | ⚠ POSSIBLE PORT SCAN DETECTED
2026-05-30 00:22:38,565 | ⚠ POSSIBLE PORT SCAN DETECTED
2026-05-30 00:22:39,570 | ⚠ POSSIBLE PORT SCAN DETECTED
2026-05-30 00:22:39,689 | ⚠ POSSIBLE PORT SCAN DETECTED
2026-05-30 00:22:40,582 | ⚠ POSSIBLE PORT SCAN DETECTED
2026-05-30 00:22:41,594 | ⚠ POSSIBLE PORT SCAN DETECTED
2026-05-30 00:22:42,603 | ⚠ POSSIBLE PORT SCAN DETECTED
2026-05-30 00:22:43,015 | ⚠ POSSIBLE PORT SCAN DETECTED
2026-05-30 00:22:43,609 | ⚠ POSSIBLE PORT SCAN DETECTED
2026-05-30 00:22:44,616 | ⚠ POSSIBLE PORT SCAN DETECTED
2026-05-30 00:22:45,628 | ⚠ POSSIBLE PORT SCAN DETECTED
2026-05-30 00:22:46,638 | ⚠ POSSIBLE PORT SCAN DETECTED
2026-05-30 00:22:47,649 | ⚠ POSSIBLE PORT SCAN DETECTED
2026-05-30 00:22:48,029 | ⚠ POSSIBLE PORT SCAN DETECTED
2026-05-30 00:22:48,597 | ⚠ POSSIBLE PORT SCAN DETECTED
2026-05-30 00:22:48,663 | ⚠ POSSIBLE PORT SCAN DETECTED
2026-05-30 00:22:49,675 | ⚠ POSSIBLE PORT SCAN DETECTED
2026-05-30 00:22:50,682 | ⚠ POSSIBLE PORT SCAN DETECTED
2026-05-30 00:22:51,690 | ⚠ POSSIBLE PORT SCAN DETECTED
2026-05-30 00:22:52,701 | ⚠ POSSIBLE PORT SCAN DETECTED
2026-05-30 00:22:53,044 | ⚠ POSSIBLE PORT SCAN DETECTED
2026-05-30 00:22:53,709 | ⚠ POSSIBLE PORT SCAN DETECTED
2026-05-30 00:22:54,717 | ⚠ POSSIBLE PORT SCAN DETECTED
2026-05-30 00:22:55,729 | ⚠ POSSIBLE PORT SCAN DETECTED
2026-05-30 00:22:56,743 | ⚠ POSSIBLE PORT SCAN DETECTED
2026-05-30 00:22:57,754 | ⚠ POSSIBLE PORT SCAN DETECTED
2026-05-30 00:22:58,060 | ⚠ POSSIBLE PORT SCAN DETECTED
2026-05-30 00:22:58,765 | ⚠ POSSIBLE PORT SCAN DETECTED
2026-05-30 00:22:59,778 | ⚠ POSSIBLE PORT SCAN DETECTED
2026-05-30 00:23:00,058 | ⚠ POSSIBLE PORT SCAN DETECTED
2026-05-30 00:23:00,792 | ⚠ POSSIBLE PORT SCAN DETECTED
2026-05-30 00:23:01,807 | ⚠ POSSIBLE PORT SCAN DETECTED
2026-05-30 00:23:02,822 | ⚠ POSSIBLE PORT SCAN DETECTED
2026-05-30 00:23:03,070 | ⚠ POSSIBLE PORT SCAN DETECTED
2026-05-30 00:23:03,832 | ⚠ POSSIBLE PORT SCAN DETECTED
2026-05-30 00:23:04,847 | ⚠ POSSIBLE PORT SCAN DETECTED
2026-05-30 00:23:05,862 | ⚠ POSSIBLE PORT SCAN DETECTED
2026-05-30 00:23:06,873 | ⚠ POSSIBLE PORT SCAN DETECTED
2026-05-30 00:23:07,884 | ⚠ POSSIBLE PORT SCAN DETECTED
2026-05-30 00:23:08,085 | ⚠ POSSIBLE PORT SCAN DETECTED
2026-05-30 00:23:08,895 | ⚠ POSSIBLE PORT SCAN DETECTED
2026-05-30 00:23:09,906 | ⚠ POSSIBLE PORT SCAN DETECTED
2026-05-30 00:23:10,915 | ⚠ POSSIBLE PORT SCAN DETECTED
2026-05-30 00:23:11,922 | ⚠ POSSIBLE PORT SCAN DETECTED
2026-05-30 00:23:12,930 | ⚠ POSSIBLE PORT SCAN DETECTED
2026-05-30 00:23:13,100 | ⚠ POSSIBLE PORT SCAN DETECTED
2026-05-30 00:23:13,939 | ⚠ POSSIBLE PORT SCAN DETECTED
2026-05-30 00:23:14,950 | ⚠ POSSIBLE PORT SCAN DETECTED
2026-05-30 00:23:15,960 | ⚠ POSSIBLE PORT SCAN DETECTED
2026-05-30 00:23:16,971 | ⚠ POSSIBLE PORT SCAN DETECTED
2026-05-30 00:23:17,980 | ⚠ POSSIBLE PORT SCAN DETECTED
2026-05-30 00:23:18,115 | ⚠ POSSIBLE PORT SCAN DETECTED
2026-05-30 00:23:18,988 | ⚠ POSSIBLE PORT SCAN DETECTED
2026-05-30 00:23:19,691 | ⚠ POSSIBLE PORT SCAN DETECTED
2026-05-30 00:23:19,996 | ⚠ POSSIBLE PORT SCAN DETECTED
2026-05-30 00:23:21,002 | ⚠ POSSIBLE PORT SCAN DETECTED
2026-05-30 00:23:22,010 | ⚠ POSSIBLE PORT SCAN DETECTED
2026-05-30 00:23:23,019 | ⚠ POSSIBLE PORT SCAN DETECTED
2026-05-30 00:23:23,126 | ⚠ POSSIBLE PORT SCAN DETECTED
2026-05-30 00:23:24,027 | ⚠ POSSIBLE PORT SCAN DETECTED
2026-05-30 00:23:25,032 | ⚠ POSSIBLE PORT SCAN DETECTED
2026-05-30 00:23:26,042 | ⚠ POSSIBLE PORT SCAN DETECTED
2026-05-30 00:23:27,052 | ⚠ POSSIBLE PORT SCAN DETECTED
2026-05-30 00:23:28,060 | ⚠ POSSIBLE PORT SCAN DETECTED
2026-05-30 00:23:28,138 | ⚠ POSSIBLE PORT SCAN DETECTED
2026-05-30 00:23:29,070 | ⚠ POSSIBLE PORT SCAN DETECTED
2026-05-30 00:23:30,077 | ⚠ POSSIBLE PORT SCAN DETECTED
2026-05-30 00:23:31,086 | ⚠ POSSIBLE PORT SCAN DETECTED
2026-05-30 00:23:32,093 | ⚠ POSSIBLE PORT SCAN DETECTED
2026-05-30 00:23:33,102 | ⚠ POSSIBLE PORT SCAN DETECTED
2026-05-30 00:23:33,151 | ⚠ POSSIBLE PORT SCAN DETECTED
2026-05-30 00:23:34,111 | ⚠ POSSIBLE PORT SCAN DETECTED
2026-05-30 00:23:35,119 | ⚠ POSSIBLE PORT SCAN DETECTED
2026-05-30 00:23:36,129 | ⚠ POSSIBLE PORT SCAN DETECTED
2026-05-30 00:23:37,139 | ⚠ POSSIBLE PORT SCAN DETECTED
2026-05-30 00:23:38,152 | ⚠ POSSIBLE PORT SCAN DETECTED
2026-05-30 00:23:38,157 | ⚠ POSSIBLE PORT SCAN DETECTED
2026-05-30 00:23:39,157 | ⚠ POSSIBLE PORT SCAN DETECTED
2026-05-30 00:23:39,222 | ⚠ POSSIBLE PORT SCAN DETECTED
2026-05-30 00:23:40,172 | ⚠ POSSIBLE PORT SCAN DETECTED
2026-05-30 00:23:41,183 | ⚠ POSSIBLE PORT SCAN DETECTED
2026-05-30 00:23:42,191 | ⚠ POSSIBLE PORT SCAN DETECTED
2026-05-30 00:23:43,166 | ⚠ POSSIBLE PORT SCAN DETECTED
2026-05-30 00:23:43,204 | ⚠ POSSIBLE PORT SCAN DETECTED
2026-05-30 00:23:44,162 | ⚠ POSSIBLE PORT SCAN DETECTED
2026-05-30 00:23:44,214 | ⚠ POSSIBLE PORT SCAN DETECTED
2026-05-30 00:23:45,221 | ⚠ POSSIBLE PORT SCAN DETECTED
2026-05-30 00:23:46,230 | ⚠ POSSIBLE PORT SCAN DETECTED
2026-05-30 00:23:47,241 | ⚠ POSSIBLE PORT SCAN DETECTED
2026-05-30 00:23:48,173 | ⚠ POSSIBLE PORT SCAN DETECTED
2026-05-30 00:23:48,253 | ⚠ POSSIBLE PORT SCAN DETECTED
2026-05-30 00:23:49,180 | ⚠ POSSIBLE PORT SCAN DETECTED
2026-05-30 00:23:49,263 | ⚠ POSSIBLE PORT SCAN DETECTED
2026-05-30 00:23:50,272 | ⚠ POSSIBLE PORT SCAN DETECTED
2026-05-30 00:23:50,818 | ⚠ POSSIBLE PORT SCAN DETECTED
2026-05-30 00:23:51,285 | ⚠ POSSIBLE PORT SCAN DETECTED
2026-05-30 00:23:52,288 | ⚠ POSSIBLE PORT SCAN DETECTED
2026-05-30 00:23:53,184 | ⚠ POSSIBLE PORT SCAN DETECTED
2026-05-30 00:23:53,299 | ⚠ POSSIBLE PORT SCAN DETECTED
2026-05-30 00:23:54,234 | ⚠ POSSIBLE PORT SCAN DETECTED
2026-05-30 00:23:54,308 | ⚠ POSSIBLE PORT SCAN DETECTED
2026-05-30 00:23:55,326 | ⚠ POSSIBLE PORT SCAN DETECTED
2026-05-30 00:23:56,335 | ⚠ POSSIBLE PORT SCAN DETECTED
2026-05-30 00:23:57,344 | ⚠ POSSIBLE PORT SCAN DETECTED
2026-05-30 00:23:58,199 | ⚠ POSSIBLE PORT SCAN DETECTED
2026-05-30 00:23:58,351 | ⚠ POSSIBLE PORT SCAN DETECTED
2026-05-30 00:23:59,362 | ⚠ POSSIBLE PORT SCAN DETECTED
2026-05-30 00:23:59,580 | ⚠ POSSIBLE PORT SCAN DETECTED
2026-05-30 00:24:00,372 | ⚠ POSSIBLE PORT SCAN DETECTED
2026-05-30 00:24:01,387 | ⚠ POSSIBLE PORT SCAN DETECTED
2026-05-30 00:24:02,405 | ⚠ POSSIBLE PORT SCAN DETECTED
2026-05-30 00:24:03,217 | ⚠ POSSIBLE PORT SCAN DETECTED
2026-05-30 00:24:03,415 | ⚠ POSSIBLE PORT SCAN DETECTED
2026-05-30 00:24:04,425 | ⚠ POSSIBLE PORT SCAN DETECTED
2026-05-30 00:24:04,579 | ⚠ POSSIBLE PORT SCAN DETECTED
2026-05-30 00:24:05,433 | ⚠ POSSIBLE PORT SCAN DETECTED
2026-05-30 00:24:06,441 | ⚠ POSSIBLE PORT SCAN DETECTED
2026-05-30 00:24:07,451 | ⚠ POSSIBLE PORT SCAN DETECTED
2026-05-30 00:24:08,227 | ⚠ POSSIBLE PORT SCAN DETECTED
2026-05-30 00:24:08,459 | ⚠ POSSIBLE PORT SCAN DETECTED
2026-05-30 00:24:09,469 | ⚠ POSSIBLE PORT SCAN DETECTED
2026-05-30 00:24:09,572 | ⚠ POSSIBLE PORT SCAN DETECTED
2026-05-30 00:24:10,476 | ⚠ POSSIBLE PORT SCAN DETECTED
2026-05-30 00:24:11,482 | ⚠ POSSIBLE PORT SCAN DETECTED
2026-05-30 00:24:12,492 | ⚠ POSSIBLE PORT SCAN DETECTED
2026-05-30 00:24:13,237 | ⚠ POSSIBLE PORT SCAN DETECTED
2026-05-30 00:24:13,505 | ⚠ POSSIBLE PORT SCAN DETECTED
2026-05-30 00:24:14,520 | ⚠ POSSIBLE PORT SCAN DETECTED
2026-05-30 00:24:14,605 | ⚠ POSSIBLE PORT SCAN DETECTED
2026-05-30 00:24:15,528 | ⚠ POSSIBLE PORT SCAN DETECTED
2026-05-30 00:24:16,537 | ⚠ POSSIBLE PORT SCAN DETECTED
2026-05-30 00:24:17,550 | ⚠ POSSIBLE PORT SCAN DETECTED
2026-05-30 00:24:18,252 | ⚠ POSSIBLE PORT SCAN DETECTED
2026-05-30 00:24:18,558 | ⚠ POSSIBLE PORT SCAN DETECTED
2026-05-30 00:24:19,565 | ⚠ POSSIBLE PORT SCAN DETECTED
2026-05-30 00:24:20,577 | ⚠ POSSIBLE PORT SCAN DETECTED
2026-05-30 00:24:20,660 | ⚠ POSSIBLE PORT SCAN DETECTED
2026-05-30 00:24:21,590 | ⚠ POSSIBLE PORT SCAN DETECTED
2026-05-30 00:24:21,879 | ⚠ POSSIBLE PORT SCAN DETECTED
2026-05-30 00:24:22,599 | ⚠ POSSIBLE PORT SCAN DETECTED
2026-05-30 00:24:23,269 | ⚠ POSSIBLE PORT SCAN DETECTED
2026-05-30 00:24:23,602 | ⚠ POSSIBLE PORT SCAN DETECTED
2026-05-30 00:24:24,608 | ⚠ POSSIBLE PORT SCAN DETECTED
2026-05-30 00:24:25,618 | ⚠ POSSIBLE PORT SCAN DETECTED
2026-05-30 00:24:26,628 | ⚠ POSSIBLE PORT SCAN DETECTED
2026-05-30 00:24:27,641 | ⚠ POSSIBLE PORT SCAN DETECTED
2026-05-30 00:24:28,280 | ⚠ POSSIBLE PORT SCAN DETECTED
2026-05-30 00:24:28,650 | ⚠ POSSIBLE PORT SCAN DETECTED
2026-05-30 00:24:29,655 | ⚠ POSSIBLE PORT SCAN DETECTED
2026-05-30 00:24:30,664 | ⚠ POSSIBLE PORT SCAN DETECTED
2026-05-30 00:24:31,672 | ⚠ POSSIBLE PORT SCAN DETECTED
2026-05-30 00:24:32,688 | ⚠ POSSIBLE PORT SCAN DETECTED
2026-05-30 00:24:33,292 | ⚠ POSSIBLE PORT SCAN DETECTED
2026-05-30 00:24:33,704 | ⚠ POSSIBLE PORT SCAN DETECTED
2026-05-30 00:24:34,411 | ⚠ POSSIBLE PORT SCAN DETECTED
2026-05-30 00:24:34,719 | ⚠ POSSIBLE PORT SCAN DETECTED
2026-05-30 00:24:35,741 | ⚠ POSSIBLE PORT SCAN DETECTED
2026-05-30 00:24:36,749 | ⚠ POSSIBLE PORT SCAN DETECTED
2026-05-30 00:24:37,758 | ⚠ POSSIBLE PORT SCAN DETECTED
2026-05-30 00:24:38,304 | ⚠ POSSIBLE PORT SCAN DETECTED
2026-05-30 00:24:38,772 | ⚠ POSSIBLE PORT SCAN DETECTED
2026-05-30 00:24:39,407 | ⚠ POSSIBLE PORT SCAN DETECTED
2026-05-30 00:24:39,781 | ⚠ POSSIBLE PORT SCAN DETECTED
2026-05-30 00:24:40,792 | ⚠ POSSIBLE PORT SCAN DETECTED
2026-05-30 00:24:41,804 | ⚠ POSSIBLE PORT SCAN DETECTED
2026-05-30 00:24:42,907 | ⚠ POSSIBLE PORT SCAN DETECTED
2026-05-30 00:24:43,318 | ⚠ POSSIBLE PORT SCAN DETECTED
2026-05-30 00:24:43,911 | ⚠ POSSIBLE PORT SCAN DETECTED
2026-05-30 00:24:44,409 | ⚠ POSSIBLE PORT SCAN DETECTED
2026-05-30 00:24:44,922 | ⚠ POSSIBLE PORT SCAN DETECTED
2026-05-30 00:24:45,936 | ⚠ POSSIBLE PORT SCAN DETECTED
2026-05-30 00:24:46,947 | ⚠ POSSIBLE PORT SCAN DETECTED
2026-05-30 00:24:47,957 | ⚠ POSSIBLE PORT SCAN DETECTED
2026-05-30 00:24:48,329 | ⚠ POSSIBLE PORT SCAN DETECTED
2026-05-30 00:24:48,968 | ⚠ POSSIBLE PORT SCAN DETECTED
2026-05-30 00:24:49,441 | ⚠ POSSIBLE PORT SCAN DETECTED
2026-05-30 00:24:49,975 | ⚠ POSSIBLE PORT SCAN DETECTED
2026-05-30 00:24:50,989 | ⚠ POSSIBLE PORT SCAN DETECTED
2026-05-30 00:24:52,000 | ⚠ POSSIBLE PORT SCAN DETECTED
2026-05-30 00:24:52,945 | ⚠ POSSIBLE PORT SCAN DETECTED
2026-05-30 00:24:53,008 | ⚠ POSSIBLE PORT SCAN DETECTED
2026-05-30 00:24:53,334 | ⚠ POSSIBLE PORT SCAN DETECTED
2026-05-30 00:24:54,020 | ⚠ POSSIBLE PORT SCAN DETECTED
2026-05-30 00:24:54,517 | ⚠ POSSIBLE PORT SCAN DETECTED
2026-05-30 00:24:55,028 | ⚠ POSSIBLE PORT SCAN DETECTED
2026-05-30 00:24:56,039 | ⚠ POSSIBLE PORT SCAN DETECTED
2026-05-30 00:24:57,052 | ⚠ POSSIBLE PORT SCAN DETECTED
2026-05-30 00:24:58,064 | ⚠ POSSIBLE PORT SCAN DETECTED
2026-05-30 00:24:58,343 | ⚠ POSSIBLE PORT SCAN DETECTED
2026-05-30 00:24:59,079 | ⚠ POSSIBLE PORT SCAN DETECTED
2026-05-30 00:25:00,090 | ⚠ POSSIBLE PORT SCAN DETECTED
2026-05-30 00:25:01,101 | ⚠ POSSIBLE PORT SCAN DETECTED
2026-05-30 00:25:01,281 | ⚠ POSSIBLE PORT SCAN DETECTED
2026-05-30 00:25:02,111 | ⚠ POSSIBLE PORT SCAN DETECTED
2026-05-30 00:25:03,122 | ⚠ POSSIBLE PORT SCAN DETECTED
2026-05-30 00:25:03,357 | ⚠ POSSIBLE PORT SCAN DETECTED
2026-05-30 00:25:04,135 | ⚠ POSSIBLE PORT SCAN DETECTED
2026-05-30 00:25:05,145 | ⚠ POSSIBLE PORT SCAN DETECTED
2026-05-30 00:25:06,154 | ⚠ POSSIBLE PORT SCAN DETECTED
2026-05-30 00:25:07,162 | ⚠ POSSIBLE PORT SCAN DETECTED
2026-05-30 00:25:08,173 | ⚠ POSSIBLE PORT SCAN DETECTED
2026-05-30 00:25:08,369 | ⚠ POSSIBLE PORT SCAN DETECTED
2026-05-30 00:25:09,182 | ⚠ POSSIBLE PORT SCAN DETECTED
2026-05-30 00:25:10,191 | ⚠ POSSIBLE PORT SCAN DETECTED
2026-05-30 00:25:11,203 | ⚠ POSSIBLE PORT SCAN DETECTED
2026-05-30 00:25:12,213 | ⚠ POSSIBLE PORT SCAN DETECTED
2026-05-30 00:25:13,221 | ⚠ POSSIBLE PORT SCAN DETECTED
2026-05-30 00:25:13,382 | ⚠ POSSIBLE PORT SCAN DETECTED
2026-05-30 00:25:14,229 | ⚠ POSSIBLE PORT SCAN DETECTED
2026-05-30 00:25:14,687 | ⚠ POSSIBLE PORT SCAN DETECTED
2026-05-30 00:25:15,240 | ⚠ POSSIBLE PORT SCAN DETECTED
2026-05-30 00:25:16,251 | ⚠ POSSIBLE PORT SCAN DETECTED
2026-05-30 00:25:17,260 | ⚠ POSSIBLE PORT SCAN DETECTED
2026-05-30 00:25:18,268 | ⚠ POSSIBLE PORT SCAN DETECTED
2026-05-30 00:25:18,394 | ⚠ POSSIBLE PORT SCAN DETECTED
2026-05-30 00:25:19,276 | ⚠ POSSIBLE PORT SCAN DETECTED
2026-05-30 00:25:20,286 | ⚠ POSSIBLE PORT SCAN DETECTED
2026-05-30 00:25:21,301 | ⚠ POSSIBLE PORT SCAN DETECTED
2026-05-30 00:25:22,310 | ⚠ POSSIBLE PORT SCAN DETECTED
2026-05-30 00:25:23,320 | ⚠ POSSIBLE PORT SCAN DETECTED
2026-05-30 00:25:23,405 | ⚠ POSSIBLE PORT SCAN DETECTED
2026-05-30 00:25:23,879 | ⚠ POSSIBLE PORT SCAN DETECTED
2026-05-30 00:25:24,335 | ⚠ POSSIBLE PORT SCAN DETECTED
2026-05-30 00:25:25,340 | ⚠ POSSIBLE PORT SCAN DETECTED
2026-05-30 00:25:26,351 | ⚠ POSSIBLE PORT SCAN DETECTED
2026-05-30 00:25:27,361 | ⚠ POSSIBLE PORT SCAN DETECTED
2026-05-30 00:25:28,371 | ⚠ POSSIBLE PORT SCAN DETECTED
2026-05-30 00:25:28,418 | ⚠ POSSIBLE PORT SCAN DETECTED
2026-05-30 00:25:29,380 | ⚠ POSSIBLE PORT SCAN DETECTED
2026-05-30 00:25:30,388 | ⚠ POSSIBLE PORT SCAN DETECTED
2026-05-30 00:25:31,396 | ⚠ POSSIBLE PORT SCAN DETECTED
2026-05-30 00:25:31,431 | ⚠ POSSIBLE PORT SCAN DETECTED
2026-05-30 00:25:32,406 | ⚠ POSSIBLE PORT SCAN DETECTED
2026-05-30 00:25:33,419 | ⚠ POSSIBLE PORT SCAN DETECTED
2026-05-30 00:25:33,427 | ⚠ POSSIBLE PORT SCAN DETECTED
2026-05-30 00:25:34,439 | ⚠ POSSIBLE PORT SCAN DETECTED
2026-05-30 00:25:35,455 | ⚠ POSSIBLE PORT SCAN DETECTED
2026-05-30 00:25:36,411 | ⚠ POSSIBLE PORT SCAN DETECTED
2026-05-30 00:25:36,467 | ⚠ POSSIBLE PORT SCAN DETECTED
2026-05-30 00:25:37,475 | ⚠ POSSIBLE PORT SCAN DETECTED
2026-05-30 00:25:38,448 | ⚠ POSSIBLE PORT SCAN DETECTED
2026-05-30 00:25:38,488 | ⚠ POSSIBLE PORT SCAN DETECTED
2026-05-30 00:25:39,497 | ⚠ POSSIBLE PORT SCAN DETECTED
2026-05-30 00:25:39,556 | ⚠ POSSIBLE PORT SCAN DETECTED
2026-05-30 00:25:40,506 | ⚠ POSSIBLE PORT SCAN DETECTED
2026-05-30 00:25:41,416 | ⚠ POSSIBLE PORT SCAN DETECTED
2026-05-30 00:25:41,514 | ⚠ POSSIBLE PORT SCAN DETECTED
2026-05-30 00:25:42,520 | ⚠ POSSIBLE PORT SCAN DETECTED
2026-05-30 00:25:43,457 | ⚠ POSSIBLE PORT SCAN DETECTED
2026-05-30 00:25:43,533 | ⚠ POSSIBLE PORT SCAN DETECTED
2026-05-30 00:25:44,541 | ⚠ POSSIBLE PORT SCAN DETECTED
2026-05-30 00:25:45,549 | ⚠ POSSIBLE PORT SCAN DETECTED
2026-05-30 00:25:46,428 | ⚠ POSSIBLE PORT SCAN DETECTED
2026-05-30 00:25:46,556 | ⚠ POSSIBLE PORT SCAN DETECTED
2026-05-30 00:25:47,565 | ⚠ POSSIBLE PORT SCAN DETECTED
2026-05-30 00:25:48,470 | ⚠ POSSIBLE PORT SCAN DETECTED
2026-05-30 00:25:48,575 | ⚠ POSSIBLE PORT SCAN DETECTED
2026-05-30 00:25:49,590 | ⚠ POSSIBLE PORT SCAN DETECTED
2026-05-30 00:25:50,599 | ⚠ POSSIBLE PORT SCAN DETECTED
2026-05-30 00:25:51,429 | ⚠ POSSIBLE PORT SCAN DETECTED
2026-05-30 00:25:51,612 | ⚠ POSSIBLE PORT SCAN DETECTED
2026-05-30 00:25:52,624 | ⚠ POSSIBLE PORT SCAN DETECTED
2026-05-30 00:25:53,483 | ⚠ POSSIBLE PORT SCAN DETECTED
2026-05-30 00:25:53,629 | ⚠ POSSIBLE PORT SCAN DETECTED
2026-05-30 00:25:54,635 | ⚠ POSSIBLE PORT SCAN DETECTED
2026-05-30 00:25:54,665 | ⚠ POSSIBLE PORT SCAN DETECTED
2026-05-30 00:25:55,645 | ⚠ POSSIBLE PORT SCAN DETECTED
2026-05-30 00:25:56,433 | ⚠ POSSIBLE PORT SCAN DETECTED
2026-05-30 00:25:56,650 | ⚠ POSSIBLE PORT SCAN DETECTED
2026-05-30 00:25:57,661 | ⚠ POSSIBLE PORT SCAN DETECTED
2026-05-30 00:25:58,491 | ⚠ POSSIBLE PORT SCAN DETECTED
2026-05-30 00:25:58,670 | ⚠ POSSIBLE PORT SCAN DETECTED
2026-05-30 00:25:59,675 | ⚠ POSSIBLE PORT SCAN DETECTED
2026-05-30 00:26:00,688 | ⚠ POSSIBLE PORT SCAN DETECTED
2026-05-30 00:26:01,439 | ⚠ POSSIBLE PORT SCAN DETECTED
2026-05-30 00:26:01,706 | ⚠ POSSIBLE PORT SCAN DETECTED
2026-05-30 00:26:02,718 | ⚠ POSSIBLE PORT SCAN DETECTED
2026-05-30 00:26:03,503 | ⚠ POSSIBLE PORT SCAN DETECTED
2026-05-30 00:26:03,731 | ⚠ POSSIBLE PORT SCAN DETECTED
2026-05-30 00:26:04,735 | ⚠ POSSIBLE PORT SCAN DETECTED
2026-05-30 00:26:05,745 | ⚠ POSSIBLE PORT SCAN DETECTED
2026-05-30 00:26:06,441 | ⚠ POSSIBLE PORT SCAN DETECTED
2026-05-30 00:26:06,755 | ⚠ POSSIBLE PORT SCAN DETECTED
2026-05-30 00:26:07,772 | ⚠ POSSIBLE PORT SCAN DETECTED
2026-05-30 00:26:08,516 | ⚠ POSSIBLE PORT SCAN DETECTED
2026-05-30 00:26:08,789 | ⚠ POSSIBLE PORT SCAN DETECTED
2026-05-30 00:26:09,798 | ⚠ POSSIBLE PORT SCAN DETECTED
2026-05-30 00:26:10,809 | ⚠ POSSIBLE PORT SCAN DETECTED
2026-05-30 00:26:11,499 | ⚠ POSSIBLE PORT SCAN DETECTED
2026-05-30 00:26:11,818 | ⚠ POSSIBLE PORT SCAN DETECTED
2026-05-30 00:26:12,831 | ⚠ POSSIBLE PORT SCAN DETECTED
2026-05-30 00:26:13,533 | ⚠ POSSIBLE PORT SCAN DETECTED
2026-05-30 00:26:13,839 | ⚠ POSSIBLE PORT SCAN DETECTED
2026-05-30 00:26:14,847 | ⚠ POSSIBLE PORT SCAN DETECTED
2026-05-30 00:26:15,856 | ⚠ POSSIBLE PORT SCAN DETECTED
2026-05-30 00:26:16,865 | ⚠ POSSIBLE PORT SCAN DETECTED
2026-05-30 00:26:17,872 | ⚠ POSSIBLE PORT SCAN DETECTED
2026-05-30 00:26:18,495 | ⚠ POSSIBLE PORT SCAN DETECTED
2026-05-30 00:26:18,545 | ⚠ POSSIBLE PORT SCAN DETECTED
2026-05-30 00:26:18,882 | ⚠ POSSIBLE PORT SCAN DETECTED
2026-05-30 00:26:19,891 | ⚠ POSSIBLE PORT SCAN DETECTED
2026-05-30 00:26:20,904 | ⚠ POSSIBLE PORT SCAN DETECTED
2026-05-30 00:26:21,913 | ⚠ POSSIBLE PORT SCAN DETECTED
2026-05-30 00:26:22,922 | ⚠ POSSIBLE PORT SCAN DETECTED
2026-05-30 00:26:23,552 | ⚠ POSSIBLE PORT SCAN DETECTED
2026-05-30 00:26:23,934 | ⚠ POSSIBLE PORT SCAN DETECTED
2026-05-30 00:26:24,943 | ⚠ POSSIBLE PORT SCAN DETECTED
2026-05-30 00:26:25,574 | ⚠ POSSIBLE PORT SCAN DETECTED
2026-05-30 00:26:25,880 | ⚠ POSSIBLE PORT SCAN DETECTED
2026-05-30 00:26:25,967 | ⚠ POSSIBLE PORT SCAN DETECTED
2026-05-30 00:26:26,972 | ⚠ POSSIBLE PORT SCAN DETECTED
2026-05-30 00:26:27,981 | ⚠ POSSIBLE PORT SCAN DETECTED
2026-05-30 00:26:28,561 | ⚠ POSSIBLE PORT SCAN DETECTED
2026-05-30 00:26:28,989 | ⚠ POSSIBLE PORT SCAN DETECTED
2026-05-30 00:26:29,628 | ⚠ POSSIBLE PORT SCAN DETECTED
2026-05-30 00:26:29,998 | ⚠ POSSIBLE PORT SCAN DETECTED
2026-05-30 00:26:30,875 | ⚠ POSSIBLE PORT SCAN DETECTED
2026-05-30 00:26:31,007 | ⚠ POSSIBLE PORT SCAN DETECTED
2026-05-30 00:26:32,026 | ⚠ POSSIBLE PORT SCAN DETECTED
2026-05-30 00:26:33,035 | ⚠ POSSIBLE PORT SCAN DETECTED
2026-05-30 00:26:33,573 | ⚠ POSSIBLE PORT SCAN DETECTED
2026-05-30 00:26:34,046 | ⚠ POSSIBLE PORT SCAN DETECTED
2026-05-30 00:26:35,058 | ⚠ POSSIBLE PORT SCAN DETECTED
2026-05-30 00:26:36,016 | ⚠ POSSIBLE PORT SCAN DETECTED
2026-05-30 00:26:36,078 | ⚠ POSSIBLE PORT SCAN DETECTED
2026-05-30 00:26:37,091 | ⚠ POSSIBLE PORT SCAN DETECTED
2026-05-30 00:26:38,100 | ⚠ POSSIBLE PORT SCAN DETECTED
2026-05-30 00:26:38,587 | ⚠ POSSIBLE PORT SCAN DETECTED
2026-05-30 00:26:39,111 | ⚠ POSSIBLE PORT SCAN DETECTED
2026-05-30 00:26:40,125 | ⚠ POSSIBLE PORT SCAN DETECTED
2026-05-30 00:26:41,018 | ⚠ POSSIBLE PORT SCAN DETECTED
2026-05-30 00:26:41,137 | ⚠ POSSIBLE PORT SCAN DETECTED
2026-05-30 00:26:42,146 | ⚠ POSSIBLE PORT SCAN DETECTED
2026-05-30 00:26:43,177 | ⚠ POSSIBLE PORT SCAN DETECTED
2026-05-30 00:26:43,605 | ⚠ POSSIBLE PORT SCAN DETECTED
2026-05-30 00:26:44,185 | ⚠ POSSIBLE PORT SCAN DETECTED
2026-05-30 00:26:45,194 | ⚠ POSSIBLE PORT SCAN DETECTED
2026-05-30 00:26:46,027 | ⚠ POSSIBLE PORT SCAN DETECTED
2026-05-30 00:26:46,206 | ⚠ POSSIBLE PORT SCAN DETECTED
2026-05-30 00:26:47,217 | ⚠ POSSIBLE PORT SCAN DETECTED
2026-05-30 00:26:48,227 | ⚠ POSSIBLE PORT SCAN DETECTED
2026-05-30 00:26:48,615 | ⚠ POSSIBLE PORT SCAN DETECTED
2026-05-30 00:26:49,234 | ⚠ POSSIBLE PORT SCAN DETECTED
2026-05-30 00:26:50,244 | ⚠ POSSIBLE PORT SCAN DETECTED
2026-05-30 00:26:51,012 | ⚠ POSSIBLE PORT SCAN DETECTED
2026-05-30 00:26:51,258 | ⚠ POSSIBLE PORT SCAN DETECTED
2026-05-30 00:26:52,272 | ⚠ POSSIBLE PORT SCAN DETECTED
2026-05-30 00:26:53,279 | ⚠ POSSIBLE PORT SCAN DETECTED
2026-05-30 00:26:53,629 | ⚠ POSSIBLE PORT SCAN DETECTED
2026-05-30 00:26:54,287 | ⚠ POSSIBLE PORT SCAN DETECTED
2026-05-30 00:26:55,298 | ⚠ POSSIBLE PORT SCAN DETECTED
2026-05-30 00:26:56,026 | ⚠ POSSIBLE PORT SCAN DETECTED
2026-05-30 00:26:56,315 | ⚠ POSSIBLE PORT SCAN DETECTED
2026-05-30 00:26:56,885 | ⚠ POSSIBLE PORT SCAN DETECTED
2026-05-30 00:26:57,322 | ⚠ POSSIBLE PORT SCAN DETECTED
2026-05-30 00:26:58,327 | ⚠ POSSIBLE PORT SCAN DETECTED
2026-05-30 00:26:58,641 | ⚠ POSSIBLE PORT SCAN DETECTED
2026-05-30 00:26:59,334 | ⚠ POSSIBLE PORT SCAN DETECTED
2026-05-30 00:27:00,344 | ⚠ POSSIBLE PORT SCAN DETECTED
2026-05-30 00:27:01,024 | ⚠ POSSIBLE PORT SCAN DETECTED
2026-05-30 00:27:01,356 | ⚠ POSSIBLE PORT SCAN DETECTED
2026-05-30 00:27:02,368 | ⚠ POSSIBLE PORT SCAN DETECTED
2026-05-30 00:27:03,378 | ⚠ POSSIBLE PORT SCAN DETECTED
2026-05-30 00:27:03,652 | ⚠ POSSIBLE PORT SCAN DETECTED
2026-05-30 00:27:03,674 | ⚠ POSSIBLE PORT SCAN DETECTED
2026-05-30 00:27:04,387 | ⚠ POSSIBLE PORT SCAN DETECTED
2026-05-30 00:27:05,401 | ⚠ POSSIBLE PORT SCAN DETECTED
2026-05-30 00:27:06,032 | ⚠ POSSIBLE PORT SCAN DETECTED
2026-05-30 00:27:06,412 | ⚠ POSSIBLE PORT SCAN DETECTED
2026-05-30 00:27:07,423 | ⚠ POSSIBLE PORT SCAN DETECTED
2026-05-30 00:27:08,433 | ⚠ POSSIBLE PORT SCAN DETECTED
2026-05-30 00:27:08,663 | ⚠ POSSIBLE PORT SCAN DETECTED
2026-05-30 00:27:09,445 | ⚠ POSSIBLE PORT SCAN DETECTED
2026-05-30 00:27:10,455 | ⚠ POSSIBLE PORT SCAN DETECTED
2026-05-30 00:27:11,128 | ⚠ POSSIBLE PORT SCAN DETECTED
2026-05-30 00:27:11,467 | ⚠ POSSIBLE PORT SCAN DETECTED
2026-05-30 00:27:12,475 | ⚠ POSSIBLE PORT SCAN DETECTED
2026-05-30 00:27:13,486 | ⚠ POSSIBLE PORT SCAN DETECTED
2026-05-30 00:27:13,672 | ⚠ POSSIBLE PORT SCAN DETECTED
2026-05-30 00:27:14,496 | ⚠ POSSIBLE PORT SCAN DETECTED
2026-05-30 00:27:15,503 | ⚠ POSSIBLE PORT SCAN DETECTED
2026-05-30 00:27:16,512 | ⚠ POSSIBLE PORT SCAN DETECTED
2026-05-30 00:27:17,522 | ⚠ POSSIBLE PORT SCAN DETECTED
2026-05-30 00:27:18,532 | ⚠ POSSIBLE PORT SCAN DETECTED
2026-05-30 00:27:18,678 | ⚠ POSSIBLE PORT SCAN DETECTED
2026-05-30 00:27:19,541 | ⚠ POSSIBLE PORT SCAN DETECTED
2026-05-30 00:27:19,572 | ⚠ POSSIBLE PORT SCAN DETECTED
2026-05-30 00:27:20,555 | ⚠ POSSIBLE PORT SCAN DETECTED
2026-05-30 00:27:21,567 | ⚠ POSSIBLE PORT SCAN DETECTED
2026-05-30 00:27:22,577 | ⚠ POSSIBLE PORT SCAN DETECTED
2026-05-30 00:27:23,589 | ⚠ POSSIBLE PORT SCAN DETECTED
2026-05-30 00:27:23,688 | ⚠ POSSIBLE PORT SCAN DETECTED
2026-05-30 00:27:24,602 | ⚠ POSSIBLE PORT SCAN DETECTED
2026-05-30 00:27:25,613 | ⚠ POSSIBLE PORT SCAN DETECTED
2026-05-30 00:27:26,623 | ⚠ POSSIBLE PORT SCAN DETECTED
2026-05-30 00:27:27,631 | ⚠ POSSIBLE PORT SCAN DETECTED
2026-05-30 00:27:27,796 | ⚠ POSSIBLE PORT SCAN DETECTED
2026-05-30 00:27:28,638 | ⚠ POSSIBLE PORT SCAN DETECTED
2026-05-30 00:27:28,697 | ⚠ POSSIBLE PORT SCAN DETECTED
2026-05-30 00:27:29,643 | ⚠ POSSIBLE PORT SCAN DETECTED
2026-05-30 00:27:30,092 | ⚠ POSSIBLE PORT SCAN DETECTED
2026-05-30 00:27:30,649 | ⚠ POSSIBLE PORT SCAN DETECTED
2026-05-30 00:27:31,658 | ⚠ POSSIBLE PORT SCAN DETECTED
2026-05-30 00:27:32,670 | ⚠ POSSIBLE PORT SCAN DETECTED
2026-05-30 00:27:33,677 | ⚠ POSSIBLE PORT SCAN DETECTED
2026-05-30 00:27:33,705 | ⚠ POSSIBLE PORT SCAN DETECTED
2026-05-30 00:27:34,681 | ⚠ POSSIBLE PORT SCAN DETECTED
2026-05-30 00:27:35,690 | ⚠ POSSIBLE PORT SCAN DETECTED
2026-05-30 00:27:36,700 | ⚠ POSSIBLE PORT SCAN DETECTED
2026-05-30 00:27:37,708 | ⚠ POSSIBLE PORT SCAN DETECTED
2026-05-30 00:27:38,712 | ⚠ POSSIBLE PORT SCAN DETECTED
2026-05-30 00:27:38,717 | ⚠ POSSIBLE PORT SCAN DETECTED
2026-05-30 00:27:39,722 | ⚠ POSSIBLE PORT SCAN DETECTED
2026-05-30 00:27:40,731 | ⚠ POSSIBLE PORT SCAN DETECTED
2026-05-30 00:27:41,741 | ⚠ POSSIBLE PORT SCAN DETECTED
2026-05-30 00:27:42,754 | ⚠ POSSIBLE PORT SCAN DETECTED
2026-05-30 00:27:43,773 | ⚠ POSSIBLE PORT SCAN DETECTED
2026-05-30 00:27:43,774 | ⚠ POSSIBLE PORT SCAN DETECTED
2026-05-30 00:27:44,780 | ⚠ POSSIBLE PORT SCAN DETECTED
2026-05-30 00:27:45,793 | ⚠ POSSIBLE PORT SCAN DETECTED
2026-05-30 00:27:46,806 | ⚠ POSSIBLE PORT SCAN DETECTED
2026-05-30 00:27:47,820 | ⚠ POSSIBLE PORT SCAN DETECTED
2026-05-30 00:27:48,782 | ⚠ POSSIBLE PORT SCAN DETECTED
2026-05-30 00:27:48,830 | ⚠ POSSIBLE PORT SCAN DETECTED
2026-05-30 00:27:49,836 | ⚠ POSSIBLE PORT SCAN DETECTED
2026-05-30 00:27:50,849 | ⚠ POSSIBLE PORT SCAN DETECTED
2026-05-30 00:27:51,153 | ⚠ POSSIBLE PORT SCAN DETECTED
2026-05-30 00:27:51,859 | ⚠ POSSIBLE PORT SCAN DETECTED
2026-05-30 00:27:52,871 | ⚠ POSSIBLE PORT SCAN DETECTED
2026-05-30 00:27:53,790 | ⚠ POSSIBLE PORT SCAN DETECTED
2026-05-30 00:27:53,883 | ⚠ POSSIBLE PORT SCAN DETECTED
2026-05-30 00:27:54,893 | ⚠ POSSIBLE PORT SCAN DETECTED
2026-05-30 00:27:55,903 | ⚠ POSSIBLE PORT SCAN DETECTED
2026-05-30 00:27:56,914 | ⚠ POSSIBLE PORT SCAN DETECTED
2026-05-30 00:27:57,925 | ⚠ POSSIBLE PORT SCAN DETECTED
2026-05-30 00:27:58,511 | ⚠ POSSIBLE PORT SCAN DETECTED
2026-05-30 00:27:58,797 | ⚠ POSSIBLE PORT SCAN DETECTED
2026-05-30 00:27:58,934 | ⚠ POSSIBLE PORT SCAN DETECTED
2026-05-30 00:27:59,939 | ⚠ POSSIBLE PORT SCAN DETECTED
2026-05-30 00:28:00,949 | ⚠ POSSIBLE PORT SCAN DETECTED
2026-05-30 00:28:01,961 | ⚠ POSSIBLE PORT SCAN DETECTED
2026-05-30 00:28:02,976 | ⚠ POSSIBLE PORT SCAN DETECTED
2026-05-30 00:28:03,805 | ⚠ POSSIBLE PORT SCAN DETECTED
2026-05-30 00:28:03,989 | ⚠ POSSIBLE PORT SCAN DETECTED
2026-05-30 00:28:05,001 | ⚠ POSSIBLE PORT SCAN DETECTED
2026-05-30 00:28:06,013 | ⚠ POSSIBLE PORT SCAN DETECTED
2026-05-30 00:28:07,026 | ⚠ POSSIBLE PORT SCAN DETECTED
2026-05-30 00:28:08,038 | ⚠ POSSIBLE PORT SCAN DETECTED
2026-05-30 00:28:08,814 | ⚠ POSSIBLE PORT SCAN DETECTED
2026-05-30 00:28:09,049 | ⚠ POSSIBLE PORT SCAN DETECTED
2026-05-30 00:28:10,060 | ⚠ POSSIBLE PORT SCAN DETECTED
2026-05-30 00:28:11,076 | ⚠ POSSIBLE PORT SCAN DETECTED
2026-05-30 00:28:12,087 | ⚠ POSSIBLE PORT SCAN DETECTED
2026-05-30 00:28:13,097 | ⚠ POSSIBLE PORT SCAN DETECTED
2026-05-30 00:28:13,822 | ⚠ POSSIBLE PORT SCAN DETECTED
2026-05-30 00:28:14,106 | ⚠ POSSIBLE PORT SCAN DETECTED
2026-05-30 00:28:15,115 | ⚠ POSSIBLE PORT SCAN DETECTED
2026-05-30 00:28:16,122 | ⚠ POSSIBLE PORT SCAN DETECTED
2026-05-30 00:28:17,133 | ⚠ POSSIBLE PORT SCAN DETECTED
2026-05-30 00:28:18,140 | ⚠ POSSIBLE PORT SCAN DETECTED
2026-05-30 00:28:18,832 | ⚠ POSSIBLE PORT SCAN DETECTED
2026-05-30 00:28:19,150 | ⚠ POSSIBLE PORT SCAN DETECTED
2026-05-30 00:28:20,157 | ⚠ POSSIBLE PORT SCAN DETECTED
2026-05-30 00:28:21,169 | ⚠ POSSIBLE PORT SCAN DETECTED
2026-05-30 00:28:22,184 | ⚠ POSSIBLE PORT SCAN DETECTED
2026-05-30 00:28:23,194 | ⚠ POSSIBLE PORT SCAN DETECTED
2026-05-30 00:28:23,843 | ⚠ POSSIBLE PORT SCAN DETECTED
2026-05-30 00:28:24,202 | ⚠ POSSIBLE PORT SCAN DETECTED
2026-05-30 00:28:25,210 | ⚠ POSSIBLE PORT SCAN DETECTED
2026-05-30 00:28:26,222 | ⚠ POSSIBLE PORT SCAN DETECTED
2026-05-30 00:28:27,235 | ⚠ POSSIBLE PORT SCAN DETECTED
2026-05-30 00:28:28,245 | ⚠ POSSIBLE PORT SCAN DETECTED
2026-05-30 00:28:28,853 | ⚠ POSSIBLE PORT SCAN DETECTED
2026-05-30 00:28:29,134 | ⚠ POSSIBLE PORT SCAN DETECTED
2026-05-30 00:28:29,255 | ⚠ POSSIBLE PORT SCAN DETECTED
2026-05-30 00:28:29,296 | ⚠ POSSIBLE PORT SCAN DETECTED
2026-05-30 00:28:30,268 | ⚠ POSSIBLE PORT SCAN DETECTED
2026-05-30 00:28:31,277 | ⚠ POSSIBLE PORT SCAN DETECTED
2026-05-30 00:28:32,285 | ⚠ POSSIBLE PORT SCAN DETECTED
2026-05-30 00:28:33,292 | ⚠ POSSIBLE PORT SCAN DETECTED
2026-05-30 00:28:33,862 | ⚠ POSSIBLE PORT SCAN DETECTED
2026-05-30 00:28:34,301 | ⚠ POSSIBLE PORT SCAN DETECTED
2026-05-30 00:28:35,309 | ⚠ POSSIBLE PORT SCAN DETECTED
2026-05-30 00:28:36,319 | ⚠ POSSIBLE PORT SCAN DETECTED
2026-05-30 00:28:37,328 | ⚠ POSSIBLE PORT SCAN DETECTED
2026-05-30 00:28:38,341 | ⚠ POSSIBLE PORT SCAN DETECTED
2026-05-30 00:28:38,871 | ⚠ POSSIBLE PORT SCAN DETECTED
2026-05-30 00:28:39,349 | ⚠ POSSIBLE PORT SCAN DETECTED
2026-05-30 00:28:40,358 | ⚠ POSSIBLE PORT SCAN DETECTED
2026-05-30 00:28:41,367 | ⚠ POSSIBLE PORT SCAN DETECTED
2026-05-30 00:28:42,379 | ⚠ POSSIBLE PORT SCAN DETECTED
2026-05-30 00:28:43,392 | ⚠ POSSIBLE PORT SCAN DETECTED
2026-05-30 00:28:43,878 | ⚠ POSSIBLE PORT SCAN DETECTED
2026-05-30 00:28:44,403 | ⚠ POSSIBLE PORT SCAN DETECTED
2026-05-30 00:28:45,413 | ⚠ POSSIBLE PORT SCAN DETECTED
2026-05-30 00:28:46,423 | ⚠ POSSIBLE PORT SCAN DETECTED
2026-05-30 00:28:47,435 | ⚠ POSSIBLE PORT SCAN DETECTED
2026-05-30 00:28:48,448 | ⚠ POSSIBLE PORT SCAN DETECTED
2026-05-30 00:28:48,887 | ⚠ POSSIBLE PORT SCAN DETECTED
2026-05-30 00:28:49,460 | ⚠ POSSIBLE PORT SCAN DETECTED
2026-05-30 00:28:50,474 | ⚠ POSSIBLE PORT SCAN DETECTED
2026-05-30 00:28:51,482 | ⚠ POSSIBLE PORT SCAN DETECTED
2026-05-30 00:28:52,497 | ⚠ POSSIBLE PORT SCAN DETECTED
2026-05-30 00:28:53,506 | ⚠ POSSIBLE PORT SCAN DETECTED
2026-05-30 00:28:53,895 | ⚠ POSSIBLE PORT SCAN DETECTED
2026-05-30 00:28:54,516 | ⚠ POSSIBLE PORT SCAN DETECTED
2026-05-30 00:28:55,526 | ⚠ POSSIBLE PORT SCAN DETECTED
2026-05-30 00:28:56,535 | ⚠ POSSIBLE PORT SCAN DETECTED
2026-05-30 00:28:57,545 | ⚠ POSSIBLE PORT SCAN DETECTED
2026-05-30 00:28:58,555 | ⚠ POSSIBLE PORT SCAN DETECTED
2026-05-30 00:28:58,905 | ⚠ POSSIBLE PORT SCAN DETECTED
2026-05-30 00:28:59,563 | ⚠ POSSIBLE PORT SCAN DETECTED
2026-05-30 00:28:59,882 | ⚠ POSSIBLE PORT SCAN DETECTED
2026-05-30 00:29:00,569 | ⚠ POSSIBLE PORT SCAN DETECTED
2026-05-30 00:29:01,578 | ⚠ POSSIBLE PORT SCAN DETECTED
2026-05-30 00:29:02,607 | ⚠ POSSIBLE PORT SCAN DETECTED
2026-05-30 00:29:03,617 | ⚠ POSSIBLE PORT SCAN DETECTED
2026-05-30 00:29:03,915 | ⚠ POSSIBLE PORT SCAN DETECTED
2026-05-30 00:29:04,626 | ⚠ POSSIBLE PORT SCAN DETECTED
2026-05-30 00:29:05,635 | ⚠ POSSIBLE PORT SCAN DETECTED
2026-05-30 00:29:06,648 | ⚠ POSSIBLE PORT SCAN DETECTED
2026-05-30 00:29:07,656 | ⚠ POSSIBLE PORT SCAN DETECTED
2026-05-30 00:29:08,666 | ⚠ POSSIBLE PORT SCAN DETECTED
2026-05-30 00:29:08,926 | ⚠ POSSIBLE PORT SCAN DETECTED
2026-05-30 00:29:09,674 | ⚠ POSSIBLE PORT SCAN DETECTED
2026-05-30 00:29:09,737 | ⚠ POSSIBLE PORT SCAN DETECTED
2026-05-30 00:29:10,684 | ⚠ POSSIBLE PORT SCAN DETECTED
2026-05-30 00:29:11,695 | ⚠ POSSIBLE PORT SCAN DETECTED
2026-05-30 00:29:12,704 | ⚠ POSSIBLE PORT SCAN DETECTED
2026-05-30 00:29:13,714 | ⚠ POSSIBLE PORT SCAN DETECTED
2026-05-30 00:29:13,936 | ⚠ POSSIBLE PORT SCAN DETECTED
2026-05-30 00:29:14,725 | ⚠ POSSIBLE PORT SCAN DETECTED
2026-05-30 00:29:15,735 | ⚠ POSSIBLE PORT SCAN DETECTED
2026-05-30 00:29:16,745 | ⚠ POSSIBLE PORT SCAN DETECTED
2026-05-30 00:29:17,755 | ⚠ POSSIBLE PORT SCAN DETECTED
2026-05-30 00:29:18,767 | ⚠ POSSIBLE PORT SCAN DETECTED
2026-05-30 00:29:18,951 | ⚠ POSSIBLE PORT SCAN DETECTED
2026-05-30 00:29:19,772 | ⚠ POSSIBLE PORT SCAN DETECTED
2026-05-30 00:29:20,782 | ⚠ POSSIBLE PORT SCAN DETECTED
2026-05-30 00:29:21,791 | ⚠ POSSIBLE PORT SCAN DETECTED
2026-05-30 00:29:22,800 | ⚠ POSSIBLE PORT SCAN DETECTED
2026-05-30 00:29:23,812 | ⚠ POSSIBLE PORT SCAN DETECTED
2026-05-30 00:29:23,963 | ⚠ POSSIBLE PORT SCAN DETECTED
2026-05-30 00:29:24,816 | ⚠ POSSIBLE PORT SCAN DETECTED
2026-05-30 00:29:25,824 | ⚠ POSSIBLE PORT SCAN DETECTED
2026-05-30 00:29:26,836 | ⚠ POSSIBLE PORT SCAN DETECTED
2026-05-30 00:29:27,847 | ⚠ POSSIBLE PORT SCAN DETECTED
2026-05-30 00:29:28,854 | ⚠ POSSIBLE PORT SCAN DETECTED
2026-05-30 00:29:28,977 | ⚠ POSSIBLE PORT SCAN DETECTED
2026-05-30 00:29:29,860 | ⚠ POSSIBLE PORT SCAN DETECTED
2026-05-30 00:29:30,637 | ⚠ POSSIBLE PORT SCAN DETECTED
2026-05-30 00:29:30,869 | ⚠ POSSIBLE PORT SCAN DETECTED
2026-05-30 00:29:31,876 | ⚠ POSSIBLE PORT SCAN DETECTED
2026-05-30 00:29:32,886 | ⚠ POSSIBLE PORT SCAN DETECTED
2026-05-30 00:29:33,897 | ⚠ POSSIBLE PORT SCAN DETECTED
2026-05-30 00:29:33,987 | ⚠ POSSIBLE PORT SCAN DETECTED
2026-05-30 00:29:34,903 | ⚠ POSSIBLE PORT SCAN DETECTED
2026-05-30 00:29:35,912 | ⚠ POSSIBLE PORT SCAN DETECTED
2026-05-30 00:29:36,920 | ⚠ POSSIBLE PORT SCAN DETECTED
2026-05-30 00:29:37,930 | ⚠ POSSIBLE PORT SCAN DETECTED
2026-05-30 00:29:38,944 | ⚠ POSSIBLE PORT SCAN DETECTED
2026-05-30 00:29:39,005 | ⚠ POSSIBLE PORT SCAN DETECTED
2026-05-30 00:29:39,955 | ⚠ POSSIBLE PORT SCAN DETECTED
2026-05-30 00:29:40,969 | ⚠ POSSIBLE PORT SCAN DETECTED
2026-05-30 00:29:41,978 | ⚠ POSSIBLE PORT SCAN DETECTED
2026-05-30 00:29:42,992 | ⚠ POSSIBLE PORT SCAN DETECTED
2026-05-30 00:29:44,007 | ⚠ POSSIBLE PORT SCAN DETECTED
2026-05-30 00:29:44,015 | ⚠ POSSIBLE PORT SCAN DETECTED
2026-05-30 00:29:45,032 | ⚠ POSSIBLE PORT SCAN DETECTED
2026-05-30 00:29:46,047 | ⚠ POSSIBLE PORT SCAN DETECTED
2026-05-30 00:29:47,067 | ⚠ POSSIBLE PORT SCAN DETECTED
2026-05-30 00:29:48,077 | ⚠ POSSIBLE PORT SCAN DETECTED
2026-05-30 00:29:49,040 | ⚠ POSSIBLE PORT SCAN DETECTED
2026-05-30 00:29:49,089 | ⚠ POSSIBLE PORT SCAN DETECTED
2026-05-30 00:29:50,101 | ⚠ POSSIBLE PORT SCAN DETECTED
2026-05-30 00:29:50,165 | ⚠ POSSIBLE PORT SCAN DETECTED
2026-05-30 00:29:51,113 | ⚠ POSSIBLE PORT SCAN DETECTED
2026-05-30 00:29:52,125 | ⚠ POSSIBLE PORT SCAN DETECTED
2026-05-30 00:29:53,134 | ⚠ POSSIBLE PORT SCAN DETECTED
2026-05-30 00:29:54,054 | ⚠ POSSIBLE PORT SCAN DETECTED
2026-05-30 00:29:54,144 | ⚠ POSSIBLE PORT SCAN DETECTED
2026-05-30 00:29:55,155 | ⚠ POSSIBLE PORT SCAN DETECTED
2026-05-30 00:29:56,166 | ⚠ POSSIBLE PORT SCAN DETECTED
2026-05-30 00:29:57,175 | ⚠ POSSIBLE PORT SCAN DETECTED
2026-05-30 00:29:58,183 | ⚠ POSSIBLE PORT SCAN DETECTED
2026-05-30 00:29:59,066 | ⚠ POSSIBLE PORT SCAN DETECTED
2026-05-30 00:29:59,195 | ⚠ POSSIBLE PORT SCAN DETECTED
2026-05-30 00:30:00,206 | ⚠ POSSIBLE PORT SCAN DETECTED
2026-05-30 00:30:01,217 | ⚠ POSSIBLE PORT SCAN DETECTED
2026-05-30 00:30:01,310 | ⚠ POSSIBLE PORT SCAN DETECTED
2026-05-30 00:30:02,226 | ⚠ POSSIBLE PORT SCAN DETECTED
2026-05-30 00:30:03,237 | ⚠ POSSIBLE PORT SCAN DETECTED
2026-05-30 00:30:04,075 | ⚠ POSSIBLE PORT SCAN DETECTED
2026-05-30 00:30:04,246 | ⚠ POSSIBLE PORT SCAN DETECTED
2026-05-30 00:30:05,254 | ⚠ POSSIBLE PORT SCAN DETECTED
2026-05-30 00:30:06,263 | ⚠ POSSIBLE PORT SCAN DETECTED
2026-05-30 00:30:07,274 | ⚠ POSSIBLE PORT SCAN DETECTED
2026-05-30 00:30:08,283 | ⚠ POSSIBLE PORT SCAN DETECTED
2026-05-30 00:30:09,088 | ⚠ POSSIBLE PORT SCAN DETECTED
2026-05-30 00:30:09,290 | ⚠ POSSIBLE PORT SCAN DETECTED
2026-05-30 00:30:10,297 | ⚠ POSSIBLE PORT SCAN DETECTED
2026-05-30 00:30:11,304 | ⚠ POSSIBLE PORT SCAN DETECTED
2026-05-30 00:30:12,315 | ⚠ POSSIBLE PORT SCAN DETECTED
2026-05-30 00:30:13,323 | ⚠ POSSIBLE PORT SCAN DETECTED
2026-05-30 00:30:14,100 | ⚠ POSSIBLE PORT SCAN DETECTED
2026-05-30 00:30:14,335 | ⚠ POSSIBLE PORT SCAN DETECTED
2026-05-30 00:30:15,344 | ⚠ POSSIBLE PORT SCAN DETECTED
2026-05-30 00:30:16,353 | ⚠ POSSIBLE PORT SCAN DETECTED
2026-05-30 00:30:17,362 | ⚠ POSSIBLE PORT SCAN DETECTED
2026-05-30 00:30:18,376 | ⚠ POSSIBLE PORT SCAN DETECTED
2026-05-30 00:30:19,110 | ⚠ POSSIBLE PORT SCAN DETECTED
2026-05-30 00:30:19,385 | ⚠ POSSIBLE PORT SCAN DETECTED
2026-05-30 00:30:20,391 | ⚠ POSSIBLE PORT SCAN DETECTED
2026-05-30 00:30:21,400 | ⚠ POSSIBLE PORT SCAN DETECTED
2026-05-30 00:30:22,410 | ⚠ POSSIBLE PORT SCAN DETECTED
2026-05-30 00:30:23,419 | ⚠ POSSIBLE PORT SCAN DETECTED
2026-05-30 00:30:24,123 | ⚠ POSSIBLE PORT SCAN DETECTED
2026-05-30 00:30:24,428 | ⚠ POSSIBLE PORT SCAN DETECTED
2026-05-30 00:30:25,436 | ⚠ POSSIBLE PORT SCAN DETECTED
2026-05-30 00:30:26,445 | ⚠ POSSIBLE PORT SCAN DETECTED
2026-05-30 00:30:27,453 | ⚠ POSSIBLE PORT SCAN DETECTED
2026-05-30 00:30:28,462 | ⚠ POSSIBLE PORT SCAN DETECTED
2026-05-30 00:30:29,134 | ⚠ POSSIBLE PORT SCAN DETECTED
2026-05-30 00:30:29,473 | ⚠ POSSIBLE PORT SCAN DETECTED
2026-05-30 00:30:30,483 | ⚠ POSSIBLE PORT SCAN DETECTED
2026-05-30 00:30:31,493 | ⚠ POSSIBLE PORT SCAN DETECTED
2026-05-30 00:30:31,909 | ⚠ POSSIBLE PORT SCAN DETECTED
2026-05-30 00:30:32,502 | ⚠ POSSIBLE PORT SCAN DETECTED
2026-05-30 00:30:33,506 | ⚠ POSSIBLE PORT SCAN DETECTED
2026-05-30 00:30:34,147 | ⚠ POSSIBLE PORT SCAN DETECTED
2026-05-30 00:30:34,515 | ⚠ POSSIBLE PORT SCAN DETECTED
2026-05-30 00:30:35,522 | ⚠ POSSIBLE PORT SCAN DETECTED
2026-05-30 00:30:36,536 | ⚠ POSSIBLE PORT SCAN DETECTED
2026-05-30 00:30:37,545 | ⚠ POSSIBLE PORT SCAN DETECTED
2026-05-30 00:30:38,555 | ⚠ POSSIBLE PORT SCAN DETECTED
2026-05-30 00:30:39,162 | ⚠ POSSIBLE PORT SCAN DETECTED
2026-05-30 00:30:39,565 | ⚠ POSSIBLE PORT SCAN DETECTED
2026-05-30 00:30:40,572 | ⚠ POSSIBLE PORT SCAN DETECTED
2026-05-30 00:30:41,580 | ⚠ POSSIBLE PORT SCAN DETECTED
2026-05-30 00:30:42,592 | ⚠ POSSIBLE PORT SCAN DETECTED
2026-05-30 00:30:43,601 | ⚠ POSSIBLE PORT SCAN DETECTED
2026-05-30 00:30:44,174 | ⚠ POSSIBLE PORT SCAN DETECTED
2026-05-30 00:30:44,609 | ⚠ POSSIBLE PORT SCAN DETECTED
2026-05-30 00:30:45,620 | ⚠ POSSIBLE PORT SCAN DETECTED
2026-05-30 00:30:46,631 | ⚠ POSSIBLE PORT SCAN DETECTED
2026-05-30 00:30:47,639 | ⚠ POSSIBLE PORT SCAN DETECTED
2026-05-30 00:30:48,647 | ⚠ POSSIBLE PORT SCAN DETECTED
2026-05-30 00:30:49,186 | ⚠ POSSIBLE PORT SCAN DETECTED
2026-05-30 00:30:49,657 | ⚠ POSSIBLE PORT SCAN DETECTED
2026-05-30 00:30:50,666 | ⚠ POSSIBLE PORT SCAN DETECTED
2026-05-30 00:30:51,677 | ⚠ POSSIBLE PORT SCAN DETECTED
2026-05-30 00:30:52,688 | ⚠ POSSIBLE PORT SCAN DETECTED
2026-05-30 00:30:53,699 | ⚠ POSSIBLE PORT SCAN DETECTED
2026-05-30 00:30:54,196 | ⚠ POSSIBLE PORT SCAN DETECTED
2026-05-30 00:30:54,708 | ⚠ POSSIBLE PORT SCAN DETECTED
2026-05-30 00:30:55,717 | ⚠ POSSIBLE PORT SCAN DETECTED
2026-05-30 00:30:56,726 | ⚠ POSSIBLE PORT SCAN DETECTED
2026-05-30 00:30:57,734 | ⚠ POSSIBLE PORT SCAN DETECTED
2026-05-30 00:30:58,744 | ⚠ POSSIBLE PORT SCAN DETECTED
2026-05-30 00:30:59,204 | ⚠ POSSIBLE PORT SCAN DETECTED
2026-05-30 00:30:59,755 | ⚠ POSSIBLE PORT SCAN DETECTED
2026-05-30 00:31:00,765 | ⚠ POSSIBLE PORT SCAN DETECTED
2026-05-30 00:31:01,773 | ⚠ POSSIBLE PORT SCAN DETECTED
2026-05-30 00:31:02,665 | ⚠ POSSIBLE PORT SCAN DETECTED
2026-05-30 00:31:02,783 | ⚠ POSSIBLE PORT SCAN DETECTED
2026-05-30 00:31:03,793 | ⚠ POSSIBLE PORT SCAN DETECTED
2026-05-30 00:31:04,215 | ⚠ POSSIBLE PORT SCAN DETECTED
2026-05-30 00:31:04,798 | ⚠ POSSIBLE PORT SCAN DETECTED
2026-05-30 00:31:05,808 | ⚠ POSSIBLE PORT SCAN DETECTED
2026-05-30 00:31:06,818 | ⚠ POSSIBLE PORT SCAN DETECTED
2026-05-30 00:31:07,829 | ⚠ POSSIBLE PORT SCAN DETECTED
2026-05-30 00:31:08,835 | ⚠ POSSIBLE PORT SCAN DETECTED
2026-05-30 00:31:09,227 | ⚠ POSSIBLE PORT SCAN DETECTED
2026-05-30 00:31:09,839 | ⚠ POSSIBLE PORT SCAN DETECTED
2026-05-30 00:31:10,849 | ⚠ POSSIBLE PORT SCAN DETECTED
2026-05-30 00:31:11,861 | ⚠ POSSIBLE PORT SCAN DETECTED
2026-05-30 00:31:12,871 | ⚠ POSSIBLE PORT SCAN DETECTED
2026-05-30 00:31:13,883 | ⚠ POSSIBLE PORT SCAN DETECTED
2026-05-30 00:31:14,234 | ⚠ POSSIBLE PORT SCAN DETECTED
2026-05-30 00:31:14,888 | ⚠ POSSIBLE PORT SCAN DETECTED
2026-05-30 00:31:15,893 | ⚠ POSSIBLE PORT SCAN DETECTED
2026-05-30 00:31:16,906 | ⚠ POSSIBLE PORT SCAN DETECTED
2026-05-30 00:31:17,916 | ⚠ POSSIBLE PORT SCAN DETECTED
2026-05-30 00:31:18,923 | ⚠ POSSIBLE PORT SCAN DETECTED
2026-05-30 00:31:19,249 | ⚠ POSSIBLE PORT SCAN DETECTED
2026-05-30 00:31:19,927 | ⚠ POSSIBLE PORT SCAN DETECTED
2026-05-30 00:31:20,940 | ⚠ POSSIBLE PORT SCAN DETECTED
2026-05-30 00:31:21,953 | ⚠ POSSIBLE PORT SCAN DETECTED
2026-05-30 00:31:22,969 | ⚠ POSSIBLE PORT SCAN DETECTED
2026-05-30 00:31:23,982 | ⚠ POSSIBLE PORT SCAN DETECTED
2026-05-30 00:31:24,264 | ⚠ POSSIBLE PORT SCAN DETECTED
2026-05-30 00:31:24,990 | ⚠ POSSIBLE PORT SCAN DETECTED
2026-05-30 00:31:26,002 | ⚠ POSSIBLE PORT SCAN DETECTED
2026-05-30 00:31:27,015 | ⚠ POSSIBLE PORT SCAN DETECTED
2026-05-30 00:31:28,024 | ⚠ POSSIBLE PORT SCAN DETECTED
2026-05-30 00:31:29,035 | ⚠ POSSIBLE PORT SCAN DETECTED
2026-05-30 00:31:29,277 | ⚠ POSSIBLE PORT SCAN DETECTED
2026-05-30 00:31:30,048 | ⚠ POSSIBLE PORT SCAN DETECTED
2026-05-30 00:31:31,057 | ⚠ POSSIBLE PORT SCAN DETECTED
2026-05-30 00:31:31,239 | ⚠ POSSIBLE PORT SCAN DETECTED
2026-05-30 00:31:32,073 | ⚠ POSSIBLE PORT SCAN DETECTED
2026-05-30 00:31:33,084 | ⚠ POSSIBLE PORT SCAN DETECTED
2026-05-30 00:31:33,416 | ⚠ POSSIBLE PORT SCAN DETECTED
2026-05-30 00:31:34,095 | ⚠ POSSIBLE PORT SCAN DETECTED
2026-05-30 00:31:34,290 | ⚠ POSSIBLE PORT SCAN DETECTED
2026-05-30 00:31:35,101 | ⚠ POSSIBLE PORT SCAN DETECTED
2026-05-30 00:31:36,111 | ⚠ POSSIBLE PORT SCAN DETECTED
2026-05-30 00:31:37,124 | ⚠ POSSIBLE PORT SCAN DETECTED
2026-05-30 00:31:38,136 | ⚠ POSSIBLE PORT SCAN DETECTED
2026-05-30 00:31:39,147 | ⚠ POSSIBLE PORT SCAN DETECTED
2026-05-30 00:31:39,304 | ⚠ POSSIBLE PORT SCAN DETECTED
2026-05-30 00:31:40,159 | ⚠ POSSIBLE PORT SCAN DETECTED
2026-05-30 00:31:41,169 | ⚠ POSSIBLE PORT SCAN DETECTED
2026-05-30 00:31:42,182 | ⚠ POSSIBLE PORT SCAN DETECTED
2026-05-30 00:31:43,194 | ⚠ POSSIBLE PORT SCAN DETECTED
2026-05-30 00:31:44,206 | ⚠ POSSIBLE PORT SCAN DETECTED
2026-05-30 00:31:44,321 | ⚠ POSSIBLE PORT SCAN DETECTED
2026-05-30 00:31:45,216 | ⚠ POSSIBLE PORT SCAN DETECTED
2026-05-30 00:31:46,224 | ⚠ POSSIBLE PORT SCAN DETECTED
2026-05-30 00:31:47,232 | ⚠ POSSIBLE PORT SCAN DETECTED
2026-05-30 00:31:48,242 | ⚠ POSSIBLE PORT SCAN DETECTED
2026-05-30 00:31:49,252 | ⚠ POSSIBLE PORT SCAN DETECTED
2026-05-30 00:31:49,337 | ⚠ POSSIBLE PORT SCAN DETECTED
2026-05-30 00:31:50,265 | ⚠ POSSIBLE PORT SCAN DETECTED
2026-05-30 00:31:51,276 | ⚠ POSSIBLE PORT SCAN DETECTED
2026-05-30 00:31:52,291 | ⚠ POSSIBLE PORT SCAN DETECTED
2026-05-30 00:31:53,304 | ⚠ POSSIBLE PORT SCAN DETECTED
2026-05-30 00:31:54,319 | ⚠ POSSIBLE PORT SCAN DETECTED
2026-05-30 00:31:54,348 | ⚠ POSSIBLE PORT SCAN DETECTED
2026-05-30 00:31:55,329 | ⚠ POSSIBLE PORT SCAN DETECTED
2026-05-30 00:31:56,338 | ⚠ POSSIBLE PORT SCAN DETECTED
2026-05-30 00:31:57,351 | ⚠ POSSIBLE PORT SCAN DETECTED
2026-05-30 00:31:58,362 | ⚠ POSSIBLE PORT SCAN DETECTED
2026-05-30 00:31:59,360 | ⚠ POSSIBLE PORT SCAN DETECTED
2026-05-30 00:31:59,371 | ⚠ POSSIBLE PORT SCAN DETECTED
2026-05-30 00:32:00,382 | ⚠ POSSIBLE PORT SCAN DETECTED
2026-05-30 00:32:01,397 | ⚠ POSSIBLE PORT SCAN DETECTED
2026-05-30 00:32:02,405 | ⚠ POSSIBLE PORT SCAN DETECTED
2026-05-30 00:32:03,418 | ⚠ POSSIBLE PORT SCAN DETECTED
2026-05-30 00:32:04,047 | ⚠ POSSIBLE PORT SCAN DETECTED
2026-05-30 00:32:04,366 | ⚠ POSSIBLE PORT SCAN DETECTED
2026-05-30 00:32:04,427 | ⚠ POSSIBLE PORT SCAN DETECTED
2026-05-30 00:32:05,432 | ⚠ POSSIBLE PORT SCAN DETECTED
2026-05-30 00:32:06,442 | ⚠ POSSIBLE PORT SCAN DETECTED
2026-05-30 00:32:07,455 | ⚠ POSSIBLE PORT SCAN DETECTED
2026-05-30 00:32:08,468 | ⚠ POSSIBLE PORT SCAN DETECTED
2026-05-30 00:32:09,377 | ⚠ POSSIBLE PORT SCAN DETECTED
2026-05-30 00:32:09,479 | ⚠ POSSIBLE PORT SCAN DETECTED
2026-05-30 00:32:10,491 | ⚠ POSSIBLE PORT SCAN DETECTED
2026-05-30 00:32:11,501 | ⚠ POSSIBLE PORT SCAN DETECTED
2026-05-30 00:32:12,514 | ⚠ POSSIBLE PORT SCAN DETECTED
2026-05-30 00:32:13,522 | ⚠ POSSIBLE PORT SCAN DETECTED
2026-05-30 00:32:14,389 | ⚠ POSSIBLE PORT SCAN DETECTED
2026-05-30 00:32:14,530 | ⚠ POSSIBLE PORT SCAN DETECTED
2026-05-30 00:32:15,539 | ⚠ POSSIBLE PORT SCAN DETECTED
2026-05-30 00:32:16,549 | ⚠ POSSIBLE PORT SCAN DETECTED
2026-05-30 00:32:17,558 | ⚠ POSSIBLE PORT SCAN DETECTED
2026-05-30 00:32:18,568 | ⚠ POSSIBLE PORT SCAN DETECTED
2026-05-30 00:32:19,463 | ⚠ POSSIBLE PORT SCAN DETECTED
2026-05-30 00:32:19,578 | ⚠ POSSIBLE PORT SCAN DETECTED
2026-05-30 00:32:20,587 | ⚠ POSSIBLE PORT SCAN DETECTED
2026-05-30 00:32:21,600 | ⚠ POSSIBLE PORT SCAN DETECTED
2026-05-30 00:32:22,607 | ⚠ POSSIBLE PORT SCAN DETECTED
2026-05-30 00:32:23,615 | ⚠ POSSIBLE PORT SCAN DETECTED
2026-05-30 00:32:24,474 | ⚠ POSSIBLE PORT SCAN DETECTED
2026-05-30 00:32:24,622 | ⚠ POSSIBLE PORT SCAN DETECTED
2026-05-30 00:32:25,630 | ⚠ POSSIBLE PORT SCAN DETECTED
2026-05-30 00:32:26,641 | ⚠ POSSIBLE PORT SCAN DETECTED
2026-05-30 00:32:27,650 | ⚠ POSSIBLE PORT SCAN DETECTED
2026-05-30 00:32:28,658 | ⚠ POSSIBLE PORT SCAN DETECTED
2026-05-30 00:32:29,486 | ⚠ POSSIBLE PORT SCAN DETECTED
2026-05-30 00:32:29,668 | ⚠ POSSIBLE PORT SCAN DETECTED
2026-05-30 00:32:30,676 | ⚠ POSSIBLE PORT SCAN DETECTED
2026-05-30 00:32:31,685 | ⚠ POSSIBLE PORT SCAN DETECTED
2026-05-30 00:32:32,694 | ⚠ POSSIBLE PORT SCAN DETECTED
2026-05-30 00:32:33,705 | ⚠ POSSIBLE PORT SCAN DETECTED
2026-05-30 00:32:34,499 | ⚠ POSSIBLE PORT SCAN DETECTED
2026-05-30 00:32:34,677 | ⚠ POSSIBLE PORT SCAN DETECTED
2026-05-30 00:32:34,715 | ⚠ POSSIBLE PORT SCAN DETECTED
2026-05-30 00:32:35,732 | ⚠ POSSIBLE PORT SCAN DETECTED
2026-05-30 00:32:36,742 | ⚠ POSSIBLE PORT SCAN DETECTED
2026-05-30 00:32:37,753 | ⚠ POSSIBLE PORT SCAN DETECTED
2026-05-30 00:32:38,761 | ⚠ POSSIBLE PORT SCAN DETECTED
2026-05-30 00:32:39,506 | ⚠ POSSIBLE PORT SCAN DETECTED
2026-05-30 00:32:39,769 | ⚠ POSSIBLE PORT SCAN DETECTED
2026-05-30 00:32:40,776 | ⚠ POSSIBLE PORT SCAN DETECTED
2026-05-30 00:32:41,783 | ⚠ POSSIBLE PORT SCAN DETECTED
2026-05-30 00:32:42,792 | ⚠ POSSIBLE PORT SCAN DETECTED
2026-05-30 00:32:43,803 | ⚠ POSSIBLE PORT SCAN DETECTED
2026-05-30 00:32:44,513 | ⚠ POSSIBLE PORT SCAN DETECTED
2026-05-30 00:32:44,812 | ⚠ POSSIBLE PORT SCAN DETECTED
2026-05-30 00:32:45,818 | ⚠ POSSIBLE PORT SCAN DETECTED
2026-05-30 00:32:46,827 | ⚠ POSSIBLE PORT SCAN DETECTED
2026-05-30 00:32:47,835 | ⚠ POSSIBLE PORT SCAN DETECTED
2026-05-30 00:32:48,845 | ⚠ POSSIBLE PORT SCAN DETECTED
2026-05-30 00:32:49,526 | ⚠ POSSIBLE PORT SCAN DETECTED
2026-05-30 00:32:49,853 | ⚠ POSSIBLE PORT SCAN DETECTED
2026-05-30 00:32:50,861 | ⚠ POSSIBLE PORT SCAN DETECTED
2026-05-30 00:32:51,872 | ⚠ POSSIBLE PORT SCAN DETECTED
2026-05-30 00:32:52,885 | ⚠ POSSIBLE PORT SCAN DETECTED
2026-05-30 00:32:53,893 | ⚠ POSSIBLE PORT SCAN DETECTED
2026-05-30 00:32:54,133 | ⚠ POSSIBLE PORT SCAN DETECTED
2026-05-30 00:32:54,540 | ⚠ POSSIBLE PORT SCAN DETECTED
2026-05-30 00:32:54,898 | ⚠ POSSIBLE PORT SCAN DETECTED
2026-05-30 00:32:55,912 | ⚠ POSSIBLE PORT SCAN DETECTED
2026-05-30 00:32:56,922 | ⚠ POSSIBLE PORT SCAN DETECTED
2026-05-30 00:32:57,937 | ⚠ POSSIBLE PORT SCAN DETECTED
2026-05-30 00:32:58,950 | ⚠ POSSIBLE PORT SCAN DETECTED
2026-05-30 00:32:59,217 | ⚠ POSSIBLE PORT SCAN DETECTED
2026-05-30 00:32:59,550 | ⚠ POSSIBLE PORT SCAN DETECTED
2026-05-30 00:32:59,955 | ⚠ POSSIBLE PORT SCAN DETECTED
2026-05-30 00:33:00,965 | ⚠ POSSIBLE PORT SCAN DETECTED
2026-05-30 00:33:01,978 | ⚠ POSSIBLE PORT SCAN DETECTED
2026-05-30 00:33:02,989 | ⚠ POSSIBLE PORT SCAN DETECTED
2026-05-30 00:33:04,004 | ⚠ POSSIBLE PORT SCAN DETECTED
2026-05-30 00:33:04,562 | ⚠ POSSIBLE PORT SCAN DETECTED
2026-05-30 00:33:04,869 | ⚠ POSSIBLE PORT SCAN DETECTED
2026-05-30 00:33:05,012 | ⚠ POSSIBLE PORT SCAN DETECTED
2026-05-30 00:33:05,246 | ⚠ POSSIBLE PORT SCAN DETECTED
2026-05-30 00:33:06,021 | ⚠ POSSIBLE PORT SCAN DETECTED
2026-05-30 00:33:07,030 | ⚠ POSSIBLE PORT SCAN DETECTED
2026-05-30 00:33:08,046 | ⚠ POSSIBLE PORT SCAN DETECTED
2026-05-30 00:33:09,057 | ⚠ POSSIBLE PORT SCAN DETECTED
2026-05-30 00:33:09,576 | ⚠ POSSIBLE PORT SCAN DETECTED
2026-05-30 00:33:10,072 | ⚠ POSSIBLE PORT SCAN DETECTED
2026-05-30 00:33:11,082 | ⚠ POSSIBLE PORT SCAN DETECTED
2026-05-30 00:33:12,092 | ⚠ POSSIBLE PORT SCAN DETECTED
2026-05-30 00:33:13,105 | ⚠ POSSIBLE PORT SCAN DETECTED
2026-05-30 00:33:14,115 | ⚠ POSSIBLE PORT SCAN DETECTED
2026-05-30 00:33:14,590 | ⚠ POSSIBLE PORT SCAN DETECTED
2026-05-30 00:33:15,126 | ⚠ POSSIBLE PORT SCAN DETECTED
2026-05-30 00:33:16,133 | ⚠ POSSIBLE PORT SCAN DETECTED
2026-05-30 00:33:17,143 | ⚠ POSSIBLE PORT SCAN DETECTED
2026-05-30 00:33:17,197 | ⚠ POSSIBLE PORT SCAN DETECTED
2026-05-30 00:33:18,149 | ⚠ POSSIBLE PORT SCAN DETECTED
2026-05-30 00:33:19,162 | ⚠ POSSIBLE PORT SCAN DETECTED
2026-05-30 00:33:19,598 | ⚠ POSSIBLE PORT SCAN DETECTED
2026-05-30 00:33:20,181 | ⚠ POSSIBLE PORT SCAN DETECTED
2026-05-30 00:33:21,189 | ⚠ POSSIBLE PORT SCAN DETECTED
2026-05-30 00:33:22,202 | ⚠ POSSIBLE PORT SCAN DETECTED
2026-05-30 00:33:22,274 | ⚠ POSSIBLE PORT SCAN DETECTED
2026-05-30 00:33:23,209 | ⚠ POSSIBLE PORT SCAN DETECTED
2026-05-30 00:33:24,222 | ⚠ POSSIBLE PORT SCAN DETECTED
2026-05-30 00:33:24,604 | ⚠ BANDWIDTH SPIKE DETECTED
2026-05-30 00:33:24,605 | ⚠ POSSIBLE PORT SCAN DETECTED
2026-05-30 00:33:25,234 | ⚠ POSSIBLE PORT SCAN DETECTED
2026-05-30 00:33:26,242 | ⚠ POSSIBLE PORT SCAN DETECTED
2026-05-30 00:33:27,255 | ⚠ POSSIBLE PORT SCAN DETECTED
2026-05-30 00:33:28,263 | ⚠ POSSIBLE PORT SCAN DETECTED
2026-05-30 00:33:28,721 | ⚠ POSSIBLE PORT SCAN DETECTED
2026-05-30 00:33:29,272 | ⚠ POSSIBLE PORT SCAN DETECTED
2026-05-30 00:33:29,621 | ⚠ POSSIBLE PORT SCAN DETECTED
2026-05-30 00:33:30,283 | ⚠ POSSIBLE PORT SCAN DETECTED
2026-05-30 00:33:31,292 | ⚠ POSSIBLE PORT SCAN DETECTED
2026-05-30 00:33:32,299 | ⚠ POSSIBLE PORT SCAN DETECTED
2026-05-30 00:33:33,305 | ⚠ POSSIBLE PORT SCAN DETECTED
2026-05-30 00:33:34,315 | ⚠ POSSIBLE PORT SCAN DETECTED
2026-05-30 00:33:34,631 | ⚠ POSSIBLE PORT SCAN DETECTED
2026-05-30 00:33:35,326 | ⚠ POSSIBLE PORT SCAN DETECTED
2026-05-30 00:33:35,780 | ⚠ POSSIBLE PORT SCAN DETECTED
2026-05-30 00:33:36,356 | ⚠ POSSIBLE PORT SCAN DETECTED
2026-05-30 00:33:37,365 | ⚠ POSSIBLE PORT SCAN DETECTED
2026-05-30 00:33:38,378 | ⚠ POSSIBLE PORT SCAN DETECTED
2026-05-30 00:33:39,392 | ⚠ POSSIBLE PORT SCAN DETECTED
2026-05-30 00:33:39,426 | ⚠ POSSIBLE PORT SCAN DETECTED
2026-05-30 00:33:39,643 | ⚠ POSSIBLE PORT SCAN DETECTED
2026-05-30 00:33:40,403 | ⚠ POSSIBLE PORT SCAN DETECTED
2026-05-30 00:33:41,414 | ⚠ POSSIBLE PORT SCAN DETECTED
2026-05-30 00:33:42,424 | ⚠ POSSIBLE PORT SCAN DETECTED
2026-05-30 00:33:43,433 | ⚠ POSSIBLE PORT SCAN DETECTED
2026-05-30 00:33:44,442 | ⚠ POSSIBLE PORT SCAN DETECTED
2026-05-30 00:33:44,659 | ⚠ POSSIBLE PORT SCAN DETECTED
2026-05-30 00:33:45,456 | ⚠ POSSIBLE PORT SCAN DETECTED
2026-05-30 00:33:46,473 | ⚠ POSSIBLE PORT SCAN DETECTED
2026-05-30 00:33:47,484 | ⚠ POSSIBLE PORT SCAN DETECTED
2026-05-30 00:33:48,496 | ⚠ POSSIBLE PORT SCAN DETECTED
2026-05-30 00:33:49,510 | ⚠ POSSIBLE PORT SCAN DETECTED
2026-05-30 00:33:49,672 | ⚠ POSSIBLE PORT SCAN DETECTED
2026-05-30 00:33:50,522 | ⚠ POSSIBLE PORT SCAN DETECTED
2026-05-30 00:33:51,536 | ⚠ POSSIBLE PORT SCAN DETECTED
2026-05-30 00:33:52,545 | ⚠ POSSIBLE PORT SCAN DETECTED
2026-05-30 00:33:53,554 | ⚠ POSSIBLE PORT SCAN DETECTED
2026-05-30 00:33:54,567 | ⚠ POSSIBLE PORT SCAN DETECTED
2026-05-30 00:33:54,682 | ⚠ POSSIBLE PORT SCAN DETECTED
2026-05-30 00:33:55,578 | ⚠ POSSIBLE PORT SCAN DETECTED
2026-05-30 00:33:56,583 | ⚠ POSSIBLE PORT SCAN DETECTED
2026-05-30 00:33:57,305 | ⚠ POSSIBLE PORT SCAN DETECTED
2026-05-30 00:33:57,589 | ⚠ POSSIBLE PORT SCAN DETECTED
2026-05-30 00:33:58,608 | ⚠ POSSIBLE PORT SCAN DETECTED
2026-05-30 00:33:59,616 | ⚠ POSSIBLE PORT SCAN DETECTED
2026-05-30 00:33:59,690 | ⚠ POSSIBLE PORT SCAN DETECTED
2026-05-30 00:34:00,624 | ⚠ POSSIBLE PORT SCAN DETECTED
2026-05-30 00:34:01,634 | ⚠ POSSIBLE PORT SCAN DETECTED
2026-05-30 00:34:02,363 | ⚠ POSSIBLE PORT SCAN DETECTED
2026-05-30 00:34:02,643 | ⚠ POSSIBLE PORT SCAN DETECTED
2026-05-30 00:34:03,654 | ⚠ POSSIBLE PORT SCAN DETECTED
2026-05-30 00:34:04,667 | ⚠ POSSIBLE PORT SCAN DETECTED
2026-05-30 00:34:04,700 | ⚠ POSSIBLE PORT SCAN DETECTED
2026-05-30 00:34:05,676 | ⚠ POSSIBLE PORT SCAN DETECTED
2026-05-30 00:34:06,472 | ⚠ POSSIBLE PORT SCAN DETECTED
2026-05-30 00:34:06,684 | ⚠ POSSIBLE PORT SCAN DETECTED
2026-05-30 00:34:07,483 | ⚠ POSSIBLE PORT SCAN DETECTED
2026-05-30 00:34:07,690 | ⚠ POSSIBLE PORT SCAN DETECTED
2026-05-30 00:34:08,702 | ⚠ POSSIBLE PORT SCAN DETECTED
2026-05-30 00:34:09,716 | ⚠ POSSIBLE PORT SCAN DETECTED
2026-05-30 00:34:09,718 | ⚠ POSSIBLE PORT SCAN DETECTED
2026-05-30 00:34:10,732 | ⚠ POSSIBLE PORT SCAN DETECTED
2026-05-30 00:34:11,742 | ⚠ POSSIBLE PORT SCAN DETECTED
2026-05-30 00:34:12,752 | ⚠ POSSIBLE PORT SCAN DETECTED
2026-05-30 00:34:13,762 | ⚠ POSSIBLE PORT SCAN DETECTED
2026-05-30 00:34:14,731 | ⚠ POSSIBLE PORT SCAN DETECTED
2026-05-30 00:34:14,782 | ⚠ POSSIBLE PORT SCAN DETECTED
2026-05-30 00:34:15,790 | ⚠ POSSIBLE PORT SCAN DETECTED
2026-05-30 00:34:16,801 | ⚠ POSSIBLE PORT SCAN DETECTED
2026-05-30 00:34:17,809 | ⚠ POSSIBLE PORT SCAN DETECTED
2026-05-30 00:34:18,823 | ⚠ POSSIBLE PORT SCAN DETECTED
2026-05-30 00:34:19,751 | ⚠ POSSIBLE PORT SCAN DETECTED
2026-05-30 00:34:19,834 | ⚠ POSSIBLE PORT SCAN DETECTED
2026-05-30 00:34:20,845 | ⚠ POSSIBLE PORT SCAN DETECTED
2026-05-30 00:34:20,923 | ⚠ POSSIBLE PORT SCAN DETECTED
2026-05-30 00:34:21,852 | ⚠ POSSIBLE PORT SCAN DETECTED
2026-05-30 00:34:22,864 | ⚠ POSSIBLE PORT SCAN DETECTED
2026-05-30 00:34:23,878 | ⚠ POSSIBLE PORT SCAN DETECTED
2026-05-30 00:34:24,765 | ⚠ POSSIBLE PORT SCAN DETECTED
2026-05-30 00:34:24,891 | ⚠ POSSIBLE PORT SCAN DETECTED
2026-05-30 00:34:25,901 | ⚠ POSSIBLE PORT SCAN DETECTED
2026-05-30 00:34:25,941 | ⚠ POSSIBLE PORT SCAN DETECTED
2026-05-30 00:34:26,910 | ⚠ POSSIBLE PORT SCAN DETECTED
2026-05-30 00:34:27,926 | ⚠ POSSIBLE PORT SCAN DETECTED
2026-05-30 00:34:28,933 | ⚠ POSSIBLE PORT SCAN DETECTED
2026-05-30 00:34:29,777 | ⚠ POSSIBLE PORT SCAN DETECTED
2026-05-30 00:34:29,937 | ⚠ POSSIBLE PORT SCAN DETECTED
2026-05-30 00:34:30,950 | ⚠ POSSIBLE PORT SCAN DETECTED
2026-05-30 00:34:31,962 | ⚠ POSSIBLE PORT SCAN DETECTED
2026-05-30 00:34:32,976 | ⚠ POSSIBLE PORT SCAN DETECTED
2026-05-30 00:34:33,986 | ⚠ POSSIBLE PORT SCAN DETECTED
2026-05-30 00:34:34,794 | ⚠ POSSIBLE PORT SCAN DETECTED
2026-05-30 00:34:34,992 | ⚠ POSSIBLE PORT SCAN DETECTED
2026-05-30 00:34:36,005 | ⚠ POSSIBLE PORT SCAN DETECTED
2026-05-30 00:34:37,016 | ⚠ POSSIBLE PORT SCAN DETECTED
2026-05-30 00:34:37,075 | ⚠ POSSIBLE PORT SCAN DETECTED
2026-05-30 00:34:37,118 | ⚠ POSSIBLE PORT SCAN DETECTED
2026-05-30 00:34:37,126 | ⚠ POSSIBLE PORT SCAN DETECTED
2026-05-30 00:34:38,023 | ⚠ POSSIBLE PORT SCAN DETECTED
2026-05-30 00:34:39,030 | ⚠ POSSIBLE PORT SCAN DETECTED
2026-05-30 00:34:39,805 | ⚠ POSSIBLE PORT SCAN DETECTED
2026-05-30 00:34:40,038 | ⚠ POSSIBLE PORT SCAN DETECTED
2026-05-30 00:34:41,047 | ⚠ POSSIBLE PORT SCAN DETECTED
2026-05-30 00:34:42,057 | ⚠ POSSIBLE PORT SCAN DETECTED
2026-05-30 00:34:43,061 | ⚠ POSSIBLE PORT SCAN DETECTED
2026-05-30 00:34:44,064 | ⚠ POSSIBLE PORT SCAN DETECTED
2026-05-30 00:34:44,812 | ⚠ POSSIBLE PORT SCAN DETECTED
2026-05-30 00:34:45,068 | ⚠ POSSIBLE PORT SCAN DETECTED
2026-05-30 00:34:46,075 | ⚠ POSSIBLE PORT SCAN DETECTED
2026-05-30 00:34:47,080 | ⚠ POSSIBLE PORT SCAN DETECTED
2026-05-30 00:34:48,086 | ⚠ POSSIBLE PORT SCAN DETECTED
2026-05-30 00:34:49,090 | ⚠ POSSIBLE PORT SCAN DETECTED
2026-05-30 00:34:49,825 | ⚠ POSSIBLE PORT SCAN DETECTED
2026-05-30 00:34:50,094 | ⚠ POSSIBLE PORT SCAN DETECTED
2026-05-30 00:34:51,097 | ⚠ POSSIBLE PORT SCAN DETECTED
2026-05-30 00:34:52,099 | ⚠ POSSIBLE PORT SCAN DETECTED
2026-05-30 00:34:53,103 | ⚠ POSSIBLE PORT SCAN DETECTED
2026-05-30 00:34:54,105 | ⚠ POSSIBLE PORT SCAN DETECTED
2026-05-30 00:34:54,835 | ⚠ POSSIBLE PORT SCAN DETECTED
2026-05-30 00:34:55,107 | ⚠ POSSIBLE PORT SCAN DETECTED
2026-05-30 00:34:56,111 | ⚠ POSSIBLE PORT SCAN DETECTED
2026-05-30 00:34:57,115 | ⚠ POSSIBLE PORT SCAN DETECTED
2026-05-30 00:34:58,119 | ⚠ POSSIBLE PORT SCAN DETECTED
2026-05-30 00:34:59,124 | ⚠ POSSIBLE PORT SCAN DETECTED
2026-05-30 00:34:59,846 | ⚠ POSSIBLE PORT SCAN DETECTED
2026-05-30 00:35:00,127 | ⚠ POSSIBLE PORT SCAN DETECTED
2026-05-30 00:35:01,130 | ⚠ POSSIBLE PORT SCAN DETECTED
2026-05-30 00:35:02,134 | ⚠ POSSIBLE PORT SCAN DETECTED
2026-05-30 00:35:03,138 | ⚠ POSSIBLE PORT SCAN DETECTED
2026-05-30 00:35:04,145 | ⚠ POSSIBLE PORT SCAN DETECTED
2026-05-30 00:35:04,859 | ⚠ POSSIBLE PORT SCAN DETECTED
2026-05-30 00:35:05,149 | ⚠ POSSIBLE PORT SCAN DETECTED
2026-05-30 00:35:06,153 | ⚠ POSSIBLE PORT SCAN DETECTED
2026-05-30 00:35:07,158 | ⚠ POSSIBLE PORT SCAN DETECTED
2026-05-30 00:35:07,881 | ⚠ POSSIBLE PORT SCAN DETECTED
2026-05-30 00:35:08,162 | ⚠ POSSIBLE PORT SCAN DETECTED
2026-05-30 00:35:09,165 | ⚠ POSSIBLE PORT SCAN DETECTED
2026-05-30 00:35:09,870 | ⚠ POSSIBLE PORT SCAN DETECTED
2026-05-30 00:35:10,169 | ⚠ POSSIBLE PORT SCAN DETECTED
2026-05-30 00:35:11,174 | ⚠ POSSIBLE PORT SCAN DETECTED
2026-05-30 00:35:12,179 | ⚠ POSSIBLE PORT SCAN DETECTED
2026-05-30 00:35:13,186 | ⚠ POSSIBLE PORT SCAN DETECTED
2026-05-30 00:35:14,191 | ⚠ POSSIBLE PORT SCAN DETECTED
2026-05-30 00:35:14,883 | ⚠ POSSIBLE PORT SCAN DETECTED
2026-05-30 00:35:15,195 | ⚠ POSSIBLE PORT SCAN DETECTED
2026-05-30 00:35:16,200 | ⚠ POSSIBLE PORT SCAN DETECTED
2026-05-30 00:35:17,206 | ⚠ POSSIBLE PORT SCAN DETECTED
2026-05-30 00:35:18,210 | ⚠ POSSIBLE PORT SCAN DETECTED
2026-05-30 00:35:19,215 | ⚠ POSSIBLE PORT SCAN DETECTED
2026-05-30 00:35:19,889 | ⚠ POSSIBLE PORT SCAN DETECTED
2026-05-30 00:35:20,220 | ⚠ POSSIBLE PORT SCAN DETECTED
2026-05-30 00:35:21,225 | ⚠ POSSIBLE PORT SCAN DETECTED
2026-05-30 00:35:22,228 | ⚠ POSSIBLE PORT SCAN DETECTED
2026-05-30 00:35:23,233 | ⚠ POSSIBLE PORT SCAN DETECTED
2026-05-30 00:35:24,240 | ⚠ POSSIBLE PORT SCAN DETECTED
2026-05-30 00:35:24,899 | ⚠ POSSIBLE PORT SCAN DETECTED
2026-05-30 00:35:25,244 | ⚠ POSSIBLE PORT SCAN DETECTED
2026-05-30 00:35:26,248 | ⚠ POSSIBLE PORT SCAN DETECTED
2026-05-30 00:35:27,252 | ⚠ POSSIBLE PORT SCAN DETECTED
2026-05-30 00:35:28,256 | ⚠ POSSIBLE PORT SCAN DETECTED
2026-05-30 00:35:29,261 | ⚠ POSSIBLE PORT SCAN DETECTED
2026-05-30 00:35:29,914 | ⚠ POSSIBLE PORT SCAN DETECTED
2026-05-30 00:35:30,266 | ⚠ POSSIBLE PORT SCAN DETECTED
2026-05-30 00:35:31,274 | ⚠ POSSIBLE PORT SCAN DETECTED
2026-05-30 00:35:32,280 | ⚠ POSSIBLE PORT SCAN DETECTED
2026-05-30 00:35:33,284 | ⚠ POSSIBLE PORT SCAN DETECTED
2026-05-30 00:35:34,288 | ⚠ POSSIBLE PORT SCAN DETECTED
2026-05-30 00:35:34,933 | ⚠ POSSIBLE PORT SCAN DETECTED
2026-05-30 00:35:35,293 | ⚠ POSSIBLE PORT SCAN DETECTED
2026-05-30 00:35:36,297 | ⚠ POSSIBLE PORT SCAN DETECTED
2026-05-30 00:35:37,302 | ⚠ POSSIBLE PORT SCAN DETECTED
2026-05-30 00:35:38,304 | ⚠ POSSIBLE PORT SCAN DETECTED
2026-05-30 00:35:38,577 | ⚠ POSSIBLE PORT SCAN DETECTED
2026-05-30 00:35:39,307 | ⚠ POSSIBLE PORT SCAN DETECTED
2026-05-30 00:35:39,950 | ⚠ POSSIBLE PORT SCAN DETECTED
2026-05-30 00:35:40,311 | ⚠ POSSIBLE PORT SCAN DETECTED
2026-05-30 00:35:41,314 | ⚠ POSSIBLE PORT SCAN DETECTED
2026-05-30 00:35:42,318 | ⚠ POSSIBLE PORT SCAN DETECTED
2026-05-30 00:35:43,324 | ⚠ POSSIBLE PORT SCAN DETECTED
2026-05-30 00:35:44,327 | ⚠ POSSIBLE PORT SCAN DETECTED
2026-05-30 00:35:44,996 | ⚠ POSSIBLE PORT SCAN DETECTED
2026-05-30 00:35:45,330 | ⚠ POSSIBLE PORT SCAN DETECTED
2026-05-30 00:35:46,335 | ⚠ POSSIBLE PORT SCAN DETECTED
2026-05-30 00:35:47,340 | ⚠ POSSIBLE PORT SCAN DETECTED
2026-05-30 00:35:48,344 | ⚠ POSSIBLE PORT SCAN DETECTED
2026-05-30 00:35:49,350 | ⚠ POSSIBLE PORT SCAN DETECTED
2026-05-30 00:35:50,009 | ⚠ POSSIBLE PORT SCAN DETECTED
2026-05-30 00:35:50,355 | ⚠ POSSIBLE PORT SCAN DETECTED
2026-05-30 00:35:51,360 | ⚠ POSSIBLE PORT SCAN DETECTED
2026-05-30 00:35:52,363 | ⚠ POSSIBLE PORT SCAN DETECTED
2026-05-30 00:35:53,367 | ⚠ POSSIBLE PORT SCAN DETECTED
2026-05-30 00:35:54,372 | ⚠ POSSIBLE PORT SCAN DETECTED
2026-05-30 00:35:55,028 | ⚠ POSSIBLE PORT SCAN DETECTED
2026-05-30 00:35:55,378 | ⚠ POSSIBLE PORT SCAN DETECTED
2026-05-30 00:35:56,382 | ⚠ POSSIBLE PORT SCAN DETECTED
2026-05-30 00:35:57,387 | ⚠ POSSIBLE PORT SCAN DETECTED
2026-05-30 00:35:58,390 | ⚠ POSSIBLE PORT SCAN DETECTED
2026-05-30 00:35:59,396 | ⚠ POSSIBLE PORT SCAN DETECTED
2026-05-30 00:36:00,037 | ⚠ POSSIBLE PORT SCAN DETECTED
2026-05-30 00:36:00,399 | ⚠ POSSIBLE PORT SCAN DETECTED
2026-05-30 00:36:01,402 | ⚠ POSSIBLE PORT SCAN DETECTED
2026-05-30 00:36:02,406 | ⚠ POSSIBLE PORT SCAN DETECTED
2026-05-30 00:36:03,409 | ⚠ POSSIBLE PORT SCAN DETECTED
2026-05-30 00:36:04,413 | ⚠ POSSIBLE PORT SCAN DETECTED
2026-05-30 00:36:05,048 | ⚠ POSSIBLE PORT SCAN DETECTED
2026-05-30 00:36:05,416 | ⚠ POSSIBLE PORT SCAN DETECTED
2026-05-30 00:36:06,419 | ⚠ POSSIBLE PORT SCAN DETECTED
2026-05-30 00:36:07,425 | ⚠ POSSIBLE PORT SCAN DETECTED
2026-05-30 00:36:08,429 | ⚠ POSSIBLE PORT SCAN DETECTED
2026-05-30 00:36:09,426 | ⚠ POSSIBLE PORT SCAN DETECTED
2026-05-30 00:36:09,432 | ⚠ POSSIBLE PORT SCAN DETECTED
2026-05-30 00:36:10,056 | ⚠ POSSIBLE PORT SCAN DETECTED
2026-05-30 00:36:10,437 | ⚠ POSSIBLE PORT SCAN DETECTED
2026-05-30 00:36:11,440 | ⚠ POSSIBLE PORT SCAN DETECTED
2026-05-30 00:36:12,446 | ⚠ POSSIBLE PORT SCAN DETECTED
2026-05-30 00:36:13,452 | ⚠ POSSIBLE PORT SCAN DETECTED
2026-05-30 00:36:14,457 | ⚠ POSSIBLE PORT SCAN DETECTED
2026-05-30 00:36:15,068 | ⚠ POSSIBLE PORT SCAN DETECTED
2026-05-30 00:36:15,461 | ⚠ POSSIBLE PORT SCAN DETECTED
2026-05-30 00:36:16,468 | ⚠ POSSIBLE PORT SCAN DETECTED
2026-05-30 00:36:17,475 | ⚠ POSSIBLE PORT SCAN DETECTED
2026-05-30 00:36:18,487 | ⚠ POSSIBLE PORT SCAN DETECTED
2026-05-30 00:36:19,496 | ⚠ POSSIBLE PORT SCAN DETECTED
2026-05-30 00:36:20,083 | ⚠ POSSIBLE PORT SCAN DETECTED
2026-05-30 00:36:20,502 | ⚠ POSSIBLE PORT SCAN DETECTED
2026-05-30 00:36:21,510 | ⚠ POSSIBLE PORT SCAN DETECTED
2026-05-30 00:36:22,516 | ⚠ POSSIBLE PORT SCAN DETECTED
2026-05-30 00:36:23,524 | ⚠ POSSIBLE PORT SCAN DETECTED
2026-05-30 00:36:24,531 | ⚠ POSSIBLE PORT SCAN DETECTED
2026-05-30 00:36:25,105 | ⚠ POSSIBLE PORT SCAN DETECTED
2026-05-30 00:36:25,536 | ⚠ POSSIBLE PORT SCAN DETECTED
2026-05-30 00:36:26,542 | ⚠ POSSIBLE PORT SCAN DETECTED
2026-05-30 00:36:27,549 | ⚠ POSSIBLE PORT SCAN DETECTED
2026-05-30 00:36:28,562 | ⚠ POSSIBLE PORT SCAN DETECTED
2026-05-30 00:36:29,566 | ⚠ POSSIBLE PORT SCAN DETECTED
2026-05-30 00:36:30,121 | ⚠ POSSIBLE PORT SCAN DETECTED
2026-05-30 00:36:30,571 | ⚠ POSSIBLE PORT SCAN DETECTED
2026-05-30 00:36:31,578 | ⚠ POSSIBLE PORT SCAN DETECTED
2026-05-30 00:36:32,583 | ⚠ POSSIBLE PORT SCAN DETECTED
2026-05-30 00:36:33,589 | ⚠ POSSIBLE PORT SCAN DETECTED
2026-05-30 00:36:34,594 | ⚠ POSSIBLE PORT SCAN DETECTED
2026-05-30 00:36:35,134 | ⚠ POSSIBLE PORT SCAN DETECTED
2026-05-30 00:36:35,602 | ⚠ POSSIBLE PORT SCAN DETECTED
2026-05-30 00:36:36,604 | ⚠ POSSIBLE PORT SCAN DETECTED
2026-05-30 00:36:37,609 | ⚠ POSSIBLE PORT SCAN DETECTED
2026-05-30 00:36:38,616 | ⚠ POSSIBLE PORT SCAN DETECTED
2026-05-30 00:36:39,622 | ⚠ POSSIBLE PORT SCAN DETECTED
2026-05-30 00:36:40,149 | ⚠ POSSIBLE PORT SCAN DETECTED
2026-05-30 00:36:40,190 | ⚠ POSSIBLE PORT SCAN DETECTED
2026-05-30 00:36:40,625 | ⚠ POSSIBLE PORT SCAN DETECTED
2026-05-30 00:36:41,630 | ⚠ POSSIBLE PORT SCAN DETECTED
2026-05-30 00:36:42,635 | ⚠ POSSIBLE PORT SCAN DETECTED
2026-05-30 00:36:43,645 | ⚠ POSSIBLE PORT SCAN DETECTED
2026-05-30 00:36:44,649 | ⚠ POSSIBLE PORT SCAN DETECTED
2026-05-30 00:36:45,166 | ⚠ POSSIBLE PORT SCAN DETECTED
2026-05-30 00:36:45,652 | ⚠ POSSIBLE PORT SCAN DETECTED
2026-05-30 00:36:46,655 | ⚠ POSSIBLE PORT SCAN DETECTED
2026-05-30 00:36:47,659 | ⚠ POSSIBLE PORT SCAN DETECTED
2026-05-30 00:36:48,665 | ⚠ POSSIBLE PORT SCAN DETECTED
2026-05-30 00:36:49,670 | ⚠ POSSIBLE PORT SCAN DETECTED
2026-05-30 00:36:50,179 | ⚠ POSSIBLE PORT SCAN DETECTED
2026-05-30 00:36:50,674 | ⚠ POSSIBLE PORT SCAN DETECTED
2026-05-30 00:36:51,677 | ⚠ POSSIBLE PORT SCAN DETECTED
2026-05-30 00:36:52,681 | ⚠ POSSIBLE PORT SCAN DETECTED
2026-05-30 00:36:53,690 | ⚠ POSSIBLE PORT SCAN DETECTED
2026-05-30 00:36:54,694 | ⚠ POSSIBLE PORT SCAN DETECTED
2026-05-30 00:36:55,188 | ⚠ POSSIBLE PORT SCAN DETECTED
2026-05-30 00:36:55,699 | ⚠ POSSIBLE PORT SCAN DETECTED
2026-05-30 00:36:56,702 | ⚠ POSSIBLE PORT SCAN DETECTED
2026-05-30 00:36:57,707 | ⚠ POSSIBLE PORT SCAN DETECTED
2026-05-30 00:36:58,711 | ⚠ POSSIBLE PORT SCAN DETECTED
2026-05-30 00:36:59,715 | ⚠ POSSIBLE PORT SCAN DETECTED
2026-05-30 00:37:00,197 | ⚠ POSSIBLE PORT SCAN DETECTED
2026-05-30 00:37:00,720 | ⚠ POSSIBLE PORT SCAN DETECTED
2026-05-30 00:37:01,728 | ⚠ POSSIBLE PORT SCAN DETECTED
2026-05-30 00:37:02,737 | ⚠ POSSIBLE PORT SCAN DETECTED
2026-05-30 00:37:03,745 | ⚠ POSSIBLE PORT SCAN DETECTED
2026-05-30 00:37:04,751 | ⚠ POSSIBLE PORT SCAN DETECTED
2026-05-30 00:37:05,212 | ⚠ POSSIBLE PORT SCAN DETECTED
2026-05-30 00:37:05,758 | ⚠ POSSIBLE PORT SCAN DETECTED
2026-05-30 00:37:06,761 | ⚠ POSSIBLE PORT SCAN DETECTED
2026-05-30 00:37:07,766 | ⚠ POSSIBLE PORT SCAN DETECTED
2026-05-30 00:37:08,773 | ⚠ POSSIBLE PORT SCAN DETECTED
2026-05-30 00:37:09,779 | ⚠ POSSIBLE PORT SCAN DETECTED
2026-05-30 00:37:10,229 | ⚠ POSSIBLE PORT SCAN DETECTED
2026-05-30 00:37:10,782 | ⚠ POSSIBLE PORT SCAN DETECTED
2026-05-30 00:37:11,168 | ⚠ POSSIBLE PORT SCAN DETECTED
2026-05-30 00:37:11,785 | ⚠ POSSIBLE PORT SCAN DETECTED
2026-05-30 00:37:12,789 | ⚠ POSSIBLE PORT SCAN DETECTED
2026-05-30 00:37:13,794 | ⚠ POSSIBLE PORT SCAN DETECTED
2026-05-30 00:37:14,799 | ⚠ POSSIBLE PORT SCAN DETECTED
2026-05-30 00:37:15,239 | ⚠ POSSIBLE PORT SCAN DETECTED
2026-05-30 00:37:15,802 | ⚠ POSSIBLE PORT SCAN DETECTED
2026-05-30 00:37:16,806 | ⚠ POSSIBLE PORT SCAN DETECTED
2026-05-30 00:37:17,809 | ⚠ POSSIBLE PORT SCAN DETECTED
2026-05-30 00:37:18,816 | ⚠ POSSIBLE PORT SCAN DETECTED
2026-05-30 00:37:19,821 | ⚠ POSSIBLE PORT SCAN DETECTED
2026-05-30 00:37:20,249 | ⚠ POSSIBLE PORT SCAN DETECTED
2026-05-30 00:37:20,824 | ⚠ POSSIBLE PORT SCAN DETECTED
2026-05-30 00:37:21,828 | ⚠ POSSIBLE PORT SCAN DETECTED
2026-05-30 00:37:22,831 | ⚠ POSSIBLE PORT SCAN DETECTED
2026-05-30 00:37:23,840 | ⚠ POSSIBLE PORT SCAN DETECTED
2026-05-30 00:37:24,844 | ⚠ POSSIBLE PORT SCAN DETECTED
2026-05-30 00:37:25,260 | ⚠ POSSIBLE PORT SCAN DETECTED
2026-05-30 00:37:25,847 | ⚠ POSSIBLE PORT SCAN DETECTED
2026-05-30 00:37:26,849 | ⚠ POSSIBLE PORT SCAN DETECTED
2026-05-30 00:37:27,852 | ⚠ POSSIBLE PORT SCAN DETECTED
2026-05-30 00:37:28,860 | ⚠ POSSIBLE PORT SCAN DETECTED
2026-05-30 00:37:29,863 | ⚠ POSSIBLE PORT SCAN DETECTED
2026-05-30 00:37:30,269 | ⚠ BANDWIDTH SPIKE DETECTED
2026-05-30 00:37:30,270 | ⚠ POSSIBLE PORT SCAN DETECTED
2026-05-30 00:37:30,866 | ⚠ POSSIBLE PORT SCAN DETECTED
2026-05-30 00:37:31,870 | ⚠ POSSIBLE PORT SCAN DETECTED
2026-05-30 00:37:32,874 | ⚠ POSSIBLE PORT SCAN DETECTED
2026-05-30 00:37:33,878 | ⚠ POSSIBLE PORT SCAN DETECTED
2026-05-30 00:37:34,884 | ⚠ POSSIBLE PORT SCAN DETECTED
2026-05-30 00:37:35,285 | ⚠ POSSIBLE PORT SCAN DETECTED
2026-05-30 00:37:35,889 | ⚠ POSSIBLE PORT SCAN DETECTED
2026-05-30 00:37:36,893 | ⚠ POSSIBLE PORT SCAN DETECTED
2026-05-30 00:37:37,896 | ⚠ POSSIBLE PORT SCAN DETECTED
2026-05-30 00:37:38,900 | ⚠ POSSIBLE PORT SCAN DETECTED
2026-05-30 00:37:39,905 | ⚠ POSSIBLE PORT SCAN DETECTED
2026-05-30 00:37:40,299 | ⚠ POSSIBLE PORT SCAN DETECTED
2026-05-30 00:37:40,908 | ⚠ POSSIBLE PORT SCAN DETECTED
2026-05-30 00:37:41,912 | ⚠ POSSIBLE PORT SCAN DETECTED
2026-05-30 00:37:42,006 | ⚠ POSSIBLE PORT SCAN DETECTED
2026-05-30 00:37:42,915 | ⚠ POSSIBLE PORT SCAN DETECTED
2026-05-30 00:37:43,917 | ⚠ POSSIBLE PORT SCAN DETECTED
2026-05-30 00:37:44,922 | ⚠ POSSIBLE PORT SCAN DETECTED
2026-05-30 00:37:45,312 | ⚠ POSSIBLE PORT SCAN DETECTED
2026-05-30 00:37:45,927 | ⚠ POSSIBLE PORT SCAN DETECTED
2026-05-30 00:37:46,932 | ⚠ POSSIBLE PORT SCAN DETECTED
2026-05-30 00:37:47,936 | ⚠ POSSIBLE PORT SCAN DETECTED
2026-05-30 00:37:48,940 | ⚠ POSSIBLE PORT SCAN DETECTED
2026-05-30 00:37:49,946 | ⚠ POSSIBLE PORT SCAN DETECTED
2026-05-30 00:37:50,329 | ⚠ POSSIBLE PORT SCAN DETECTED
2026-05-30 00:37:50,949 | ⚠ POSSIBLE PORT SCAN DETECTED
2026-05-30 00:37:51,952 | ⚠ POSSIBLE PORT SCAN DETECTED
2026-05-30 00:37:52,956 | ⚠ POSSIBLE PORT SCAN DETECTED
2026-05-30 00:37:53,960 | ⚠ POSSIBLE PORT SCAN DETECTED
2026-05-30 00:37:54,965 | ⚠ POSSIBLE PORT SCAN DETECTED
2026-05-30 00:37:55,340 | ⚠ POSSIBLE PORT SCAN DETECTED
2026-05-30 00:37:55,969 | ⚠ POSSIBLE PORT SCAN DETECTED
2026-05-30 00:37:56,973 | ⚠ POSSIBLE PORT SCAN DETECTED
2026-05-30 00:37:57,977 | ⚠ POSSIBLE PORT SCAN DETECTED
2026-05-30 00:37:58,980 | ⚠ POSSIBLE PORT SCAN DETECTED
2026-05-30 00:37:59,985 | ⚠ POSSIBLE PORT SCAN DETECTED
2026-05-30 00:38:00,346 | ⚠ POSSIBLE PORT SCAN DETECTED
2026-05-30 00:38:00,988 | ⚠ POSSIBLE PORT SCAN DETECTED
2026-05-30 00:38:01,991 | ⚠ POSSIBLE PORT SCAN DETECTED
2026-05-30 00:38:02,995 | ⚠ POSSIBLE PORT SCAN DETECTED
2026-05-30 00:38:03,998 | ⚠ POSSIBLE PORT SCAN DETECTED
2026-05-30 00:38:05,003 | ⚠ POSSIBLE PORT SCAN DETECTED
2026-05-30 00:38:05,356 | ⚠ POSSIBLE PORT SCAN DETECTED
2026-05-30 00:38:06,006 | ⚠ POSSIBLE PORT SCAN DETECTED
2026-05-30 00:38:07,009 | ⚠ POSSIBLE PORT SCAN DETECTED
2026-05-30 00:38:08,012 | ⚠ POSSIBLE PORT SCAN DETECTED
2026-05-30 00:38:09,015 | ⚠ POSSIBLE PORT SCAN DETECTED
2026-05-30 00:38:10,019 | ⚠ POSSIBLE PORT SCAN DETECTED
2026-05-30 00:38:10,368 | ⚠ POSSIBLE PORT SCAN DETECTED
2026-05-30 00:38:11,022 | ⚠ POSSIBLE PORT SCAN DETECTED
2026-05-30 00:38:12,026 | ⚠ POSSIBLE PORT SCAN DETECTED
2026-05-30 00:38:12,957 | ⚠ POSSIBLE PORT SCAN DETECTED
2026-05-30 00:38:13,030 | ⚠ POSSIBLE PORT SCAN DETECTED
2026-05-30 00:38:14,033 | ⚠ POSSIBLE PORT SCAN DETECTED
2026-05-30 00:38:15,041 | ⚠ POSSIBLE PORT SCAN DETECTED
2026-05-30 00:38:15,373 | ⚠ POSSIBLE PORT SCAN DETECTED
2026-05-30 00:38:16,045 | ⚠ POSSIBLE PORT SCAN DETECTED
2026-05-30 00:38:17,052 | ⚠ POSSIBLE PORT SCAN DETECTED
2026-05-30 00:38:18,055 | ⚠ POSSIBLE PORT SCAN DETECTED
2026-05-30 00:38:19,057 | ⚠ POSSIBLE PORT SCAN DETECTED
2026-05-30 00:38:20,060 | ⚠ POSSIBLE PORT SCAN DETECTED
2026-05-30 00:38:20,384 | ⚠ POSSIBLE PORT SCAN DETECTED
2026-05-30 00:38:21,063 | ⚠ POSSIBLE PORT SCAN DETECTED
2026-05-30 00:38:22,106 | ⚠ POSSIBLE PORT SCAN DETECTED
2026-05-30 00:38:23,115 | ⚠ POSSIBLE PORT SCAN DETECTED
2026-05-30 00:38:24,120 | ⚠ POSSIBLE PORT SCAN DETECTED
2026-05-30 00:38:25,124 | ⚠ POSSIBLE PORT SCAN DETECTED
2026-05-30 00:38:25,401 | ⚠ POSSIBLE PORT SCAN DETECTED
2026-05-30 00:38:26,129 | ⚠ POSSIBLE PORT SCAN DETECTED
2026-05-30 00:38:27,130 | ⚠ POSSIBLE PORT SCAN DETECTED
2026-05-30 00:38:28,135 | ⚠ POSSIBLE PORT SCAN DETECTED
2026-05-30 00:38:29,137 | ⚠ POSSIBLE PORT SCAN DETECTED
2026-05-30 00:38:30,140 | ⚠ POSSIBLE PORT SCAN DETECTED
2026-05-30 00:38:30,417 | ⚠ POSSIBLE PORT SCAN DETECTED
2026-05-30 00:38:31,142 | ⚠ POSSIBLE PORT SCAN DETECTED
2026-05-30 00:38:32,145 | ⚠ POSSIBLE PORT SCAN DETECTED
2026-05-30 00:38:33,150 | ⚠ POSSIBLE PORT SCAN DETECTED
2026-05-30 00:38:34,153 | ⚠ POSSIBLE PORT SCAN DETECTED
2026-05-30 00:38:35,156 | ⚠ POSSIBLE PORT SCAN DETECTED
2026-05-30 00:38:35,427 | ⚠ POSSIBLE PORT SCAN DETECTED
2026-05-30 00:38:36,159 | ⚠ POSSIBLE PORT SCAN DETECTED
2026-05-30 00:38:37,162 | ⚠ POSSIBLE PORT SCAN DETECTED
2026-05-30 00:38:38,167 | ⚠ POSSIBLE PORT SCAN DETECTED
2026-05-30 00:38:39,170 | ⚠ POSSIBLE PORT SCAN DETECTED
2026-05-30 00:38:40,173 | ⚠ POSSIBLE PORT SCAN DETECTED
2026-05-30 00:38:40,439 | ⚠ POSSIBLE PORT SCAN DETECTED
2026-05-30 00:38:41,177 | ⚠ POSSIBLE PORT SCAN DETECTED
2026-05-30 00:38:42,181 | ⚠ POSSIBLE PORT SCAN DETECTED
2026-05-30 00:38:43,183 | ⚠ POSSIBLE PORT SCAN DETECTED
2026-05-30 00:38:44,124 | ⚠ POSSIBLE PORT SCAN DETECTED
2026-05-30 00:38:44,185 | ⚠ POSSIBLE PORT SCAN DETECTED
2026-05-30 00:38:45,187 | ⚠ POSSIBLE PORT SCAN DETECTED
2026-05-30 00:38:45,449 | ⚠ POSSIBLE PORT SCAN DETECTED
2026-05-30 00:38:46,192 | ⚠ POSSIBLE PORT SCAN DETECTED
2026-05-30 00:38:47,195 | ⚠ POSSIBLE PORT SCAN DETECTED
2026-05-30 00:38:48,199 | ⚠ POSSIBLE PORT SCAN DETECTED
2026-05-30 00:38:49,202 | ⚠ POSSIBLE PORT SCAN DETECTED
2026-05-30 00:38:50,205 | ⚠ POSSIBLE PORT SCAN DETECTED
2026-05-30 00:38:50,462 | ⚠ POSSIBLE PORT SCAN DETECTED
2026-05-30 00:38:51,209 | ⚠ POSSIBLE PORT SCAN DETECTED
2026-05-30 00:38:52,214 | ⚠ POSSIBLE PORT SCAN DETECTED
2026-05-30 00:38:53,218 | ⚠ POSSIBLE PORT SCAN DETECTED
2026-05-30 00:38:54,228 | ⚠ POSSIBLE PORT SCAN DETECTED
2026-05-30 00:38:55,231 | ⚠ POSSIBLE PORT SCAN DETECTED
2026-05-30 00:38:55,470 | ⚠ POSSIBLE PORT SCAN DETECTED
2026-05-30 00:38:56,233 | ⚠ POSSIBLE PORT SCAN DETECTED
2026-05-30 00:38:57,236 | ⚠ POSSIBLE PORT SCAN DETECTED
2026-05-30 00:38:58,238 | ⚠ POSSIBLE PORT SCAN DETECTED
2026-05-30 00:38:59,241 | ⚠ POSSIBLE PORT SCAN DETECTED
2026-05-30 00:39:00,243 | ⚠ POSSIBLE PORT SCAN DETECTED
2026-05-30 00:39:00,480 | ⚠ POSSIBLE PORT SCAN DETECTED
2026-05-30 00:39:01,247 | ⚠ POSSIBLE PORT SCAN DETECTED
2026-05-30 00:39:02,252 | ⚠ POSSIBLE PORT SCAN DETECTED
2026-05-30 00:39:03,256 | ⚠ POSSIBLE PORT SCAN DETECTED
2026-05-30 00:39:04,258 | ⚠ POSSIBLE PORT SCAN DETECTED
2026-05-30 00:39:05,261 | ⚠ POSSIBLE PORT SCAN DETECTED
2026-05-30 00:39:05,490 | ⚠ POSSIBLE PORT SCAN DETECTED
2026-05-30 00:39:06,278 | ⚠ POSSIBLE PORT SCAN DETECTED
2026-05-30 00:39:07,282 | ⚠ POSSIBLE PORT SCAN DETECTED
2026-05-30 00:39:08,285 | ⚠ POSSIBLE PORT SCAN DETECTED
2026-05-30 00:39:09,288 | ⚠ POSSIBLE PORT SCAN DETECTED
2026-05-30 00:39:10,293 | ⚠ POSSIBLE PORT SCAN DETECTED
2026-05-30 00:39:10,499 | ⚠ POSSIBLE PORT SCAN DETECTED
2026-05-30 00:39:11,301 | ⚠ POSSIBLE PORT SCAN DETECTED
2026-05-30 00:39:12,305 | ⚠ POSSIBLE PORT SCAN DETECTED
2026-05-30 00:39:13,309 | ⚠ POSSIBLE PORT SCAN DETECTED
2026-05-30 00:39:14,313 | ⚠ POSSIBLE PORT SCAN DETECTED
2026-05-30 00:39:15,277 | ⚠ POSSIBLE PORT SCAN DETECTED
2026-05-30 00:39:15,314 | ⚠ POSSIBLE PORT SCAN DETECTED
2026-05-30 00:39:15,508 | ⚠ POSSIBLE PORT SCAN DETECTED
2026-05-30 00:39:16,317 | ⚠ POSSIBLE PORT SCAN DETECTED
2026-05-30 00:39:17,325 | ⚠ POSSIBLE PORT SCAN DETECTED
2026-05-30 00:39:18,329 | ⚠ POSSIBLE PORT SCAN DETECTED
2026-05-30 00:39:19,335 | ⚠ POSSIBLE PORT SCAN DETECTED
2026-05-30 00:39:20,343 | ⚠ POSSIBLE PORT SCAN DETECTED
2026-05-30 00:39:20,516 | ⚠ POSSIBLE PORT SCAN DETECTED
2026-05-30 00:39:21,347 | ⚠ POSSIBLE PORT SCAN DETECTED
2026-05-30 00:39:22,350 | ⚠ POSSIBLE PORT SCAN DETECTED
2026-05-30 00:39:23,353 | ⚠ POSSIBLE PORT SCAN DETECTED
2026-05-30 00:39:24,356 | ⚠ POSSIBLE PORT SCAN DETECTED
2026-05-30 00:39:25,362 | ⚠ POSSIBLE PORT SCAN DETECTED
2026-05-30 00:39:25,528 | ⚠ POSSIBLE PORT SCAN DETECTED
2026-05-30 00:39:26,366 | ⚠ POSSIBLE PORT SCAN DETECTED
2026-05-30 00:39:27,371 | ⚠ POSSIBLE PORT SCAN DETECTED
2026-05-30 00:39:28,375 | ⚠ POSSIBLE PORT SCAN DETECTED
2026-05-30 00:39:29,378 | ⚠ POSSIBLE PORT SCAN DETECTED
2026-05-30 00:39:30,381 | ⚠ POSSIBLE PORT SCAN DETECTED
2026-05-30 00:39:30,535 | ⚠ POSSIBLE PORT SCAN DETECTED
2026-05-30 00:39:31,385 | ⚠ POSSIBLE PORT SCAN DETECTED
2026-05-30 00:39:32,388 | ⚠ POSSIBLE PORT SCAN DETECTED
2026-05-30 00:39:33,392 | ⚠ POSSIBLE PORT SCAN DETECTED
2026-05-30 00:39:34,400 | ⚠ POSSIBLE PORT SCAN DETECTED
2026-05-30 00:39:35,403 | ⚠ POSSIBLE PORT SCAN DETECTED
2026-05-30 00:39:35,547 | ⚠ POSSIBLE PORT SCAN DETECTED
2026-05-30 00:39:36,408 | ⚠ POSSIBLE PORT SCAN DETECTED
2026-05-30 00:39:37,412 | ⚠ POSSIBLE PORT SCAN DETECTED
2026-05-30 00:39:38,416 | ⚠ POSSIBLE PORT SCAN DETECTED
2026-05-30 00:39:39,420 | ⚠ POSSIBLE PORT SCAN DETECTED
2026-05-30 00:39:40,423 | ⚠ POSSIBLE PORT SCAN DETECTED
2026-05-30 00:39:40,560 | ⚠ POSSIBLE PORT SCAN DETECTED
2026-05-30 00:39:41,428 | ⚠ POSSIBLE PORT SCAN DETECTED
2026-05-30 00:39:42,435 | ⚠ POSSIBLE PORT SCAN DETECTED
2026-05-30 00:39:43,438 | ⚠ POSSIBLE PORT SCAN DETECTED
2026-05-30 00:39:44,441 | ⚠ POSSIBLE PORT SCAN DETECTED
2026-05-30 00:39:45,444 | ⚠ POSSIBLE PORT SCAN DETECTED
2026-05-30 00:39:45,574 | ⚠ POSSIBLE PORT SCAN DETECTED
2026-05-30 00:39:46,447 | ⚠ POSSIBLE PORT SCAN DETECTED
2026-05-30 00:39:46,449 | ⚠ POSSIBLE PORT SCAN DETECTED
2026-05-30 00:39:47,449 | ⚠ POSSIBLE PORT SCAN DETECTED
2026-05-30 00:39:48,453 | ⚠ POSSIBLE PORT SCAN DETECTED
2026-05-30 00:39:49,456 | ⚠ POSSIBLE PORT SCAN DETECTED
2026-05-30 00:39:50,461 | ⚠ POSSIBLE PORT SCAN DETECTED
2026-05-30 00:39:50,593 | ⚠ POSSIBLE PORT SCAN DETECTED
2026-05-30 00:39:51,464 | ⚠ POSSIBLE PORT SCAN DETECTED
2026-05-30 00:39:52,469 | ⚠ POSSIBLE PORT SCAN DETECTED
2026-05-30 00:39:53,473 | ⚠ POSSIBLE PORT SCAN DETECTED
2026-05-30 00:39:54,480 | ⚠ POSSIBLE PORT SCAN DETECTED
2026-05-30 00:39:55,485 | ⚠ POSSIBLE PORT SCAN DETECTED
2026-05-30 00:39:55,605 | ⚠ POSSIBLE PORT SCAN DETECTED
2026-05-30 00:39:56,493 | ⚠ POSSIBLE PORT SCAN DETECTED
2026-05-30 00:39:57,498 | ⚠ POSSIBLE PORT SCAN DETECTED
2026-05-30 00:39:58,502 | ⚠ POSSIBLE PORT SCAN DETECTED
2026-05-30 00:39:59,506 | ⚠ POSSIBLE PORT SCAN DETECTED
2026-05-30 00:40:00,511 | ⚠ POSSIBLE PORT SCAN DETECTED
2026-05-30 00:40:00,617 | ⚠ POSSIBLE PORT SCAN DETECTED
2026-05-30 00:40:01,519 | ⚠ POSSIBLE PORT SCAN DETECTED
2026-05-30 00:40:02,525 | ⚠ POSSIBLE PORT SCAN DETECTED
2026-05-30 00:40:03,529 | ⚠ POSSIBLE PORT SCAN DETECTED
2026-05-30 00:40:04,534 | ⚠ POSSIBLE PORT SCAN DETECTED
2026-05-30 00:40:05,538 | ⚠ POSSIBLE PORT SCAN DETECTED
2026-05-30 00:40:05,628 | ⚠ POSSIBLE PORT SCAN DETECTED
2026-05-30 00:40:06,542 | ⚠ POSSIBLE PORT SCAN DETECTED
2026-05-30 00:40:07,554 | ⚠ POSSIBLE PORT SCAN DETECTED
2026-05-30 00:40:08,564 | ⚠ POSSIBLE PORT SCAN DETECTED
2026-05-30 00:40:09,570 | ⚠ POSSIBLE PORT SCAN DETECTED
2026-05-30 00:40:10,576 | ⚠ POSSIBLE PORT SCAN DETECTED
2026-05-30 00:40:10,636 | ⚠ POSSIBLE PORT SCAN DETECTED
2026-05-30 00:40:11,581 | ⚠ POSSIBLE PORT SCAN DETECTED
2026-05-30 00:40:12,584 | ⚠ POSSIBLE PORT SCAN DETECTED
2026-05-30 00:40:13,589 | ⚠ POSSIBLE PORT SCAN DETECTED
2026-05-30 00:40:14,594 | ⚠ POSSIBLE PORT SCAN DETECTED
2026-05-30 00:40:15,599 | ⚠ POSSIBLE PORT SCAN DETECTED
2026-05-30 00:40:15,646 | ⚠ POSSIBLE PORT SCAN DETECTED
2026-05-30 00:40:16,602 | ⚠ POSSIBLE PORT SCAN DETECTED
2026-05-30 00:40:17,540 | ⚠ HOST DOMINANCE DETECTED
2026-05-30 00:40:17,540 | ⚠ POSSIBLE PORT SCAN DETECTED
2026-05-30 00:40:17,604 | ⚠ HOST DOMINANCE DETECTED
2026-05-30 00:40:17,604 | ⚠ POSSIBLE PORT SCAN DETECTED
2026-05-30 00:40:18,606 | ⚠ HOST DOMINANCE DETECTED
2026-05-30 00:40:18,609 | ⚠ POSSIBLE PORT SCAN DETECTED
2026-05-30 00:40:19,617 | ⚠ HOST DOMINANCE DETECTED
2026-05-30 00:40:19,617 | ⚠ POSSIBLE PORT SCAN DETECTED
2026-05-30 00:40:20,621 | ⚠ HOST DOMINANCE DETECTED
2026-05-30 00:40:20,621 | ⚠ POSSIBLE PORT SCAN DETECTED
2026-05-30 00:40:20,659 | ⚠ HOST DOMINANCE DETECTED
2026-05-30 00:40:20,660 | ⚠ POSSIBLE PORT SCAN DETECTED
2026-05-30 00:40:21,626 | ⚠ HOST DOMINANCE DETECTED
2026-05-30 00:40:21,626 | ⚠ POSSIBLE PORT SCAN DETECTED
2026-05-30 00:40:22,629 | ⚠ HOST DOMINANCE DETECTED
2026-05-30 00:40:22,630 | ⚠ POSSIBLE PORT SCAN DETECTED
2026-05-30 00:40:23,634 | ⚠ HOST DOMINANCE DETECTED
2026-05-30 00:40:23,635 | ⚠ POSSIBLE PORT SCAN DETECTED
2026-05-30 00:40:24,639 | ⚠ HOST DOMINANCE DETECTED
2026-05-30 00:40:24,639 | ⚠ POSSIBLE PORT SCAN DETECTED
2026-05-30 00:40:25,644 | ⚠ HOST DOMINANCE DETECTED
2026-05-30 00:40:25,645 | ⚠ POSSIBLE PORT SCAN DETECTED
2026-05-30 00:40:25,676 | ⚠ HOST DOMINANCE DETECTED
2026-05-30 00:40:25,676 | ⚠ POSSIBLE PORT SCAN DETECTED
2026-05-30 00:40:26,649 | ⚠ HOST DOMINANCE DETECTED
2026-05-30 00:40:26,649 | ⚠ POSSIBLE PORT SCAN DETECTED
2026-05-30 00:40:27,654 | ⚠ HOST DOMINANCE DETECTED
2026-05-30 00:40:27,655 | ⚠ POSSIBLE PORT SCAN DETECTED
2026-05-30 00:40:28,658 | ⚠ HOST DOMINANCE DETECTED
2026-05-30 00:40:28,658 | ⚠ POSSIBLE PORT SCAN DETECTED
2026-05-30 00:40:29,664 | ⚠ HOST DOMINANCE DETECTED
2026-05-30 00:40:29,664 | ⚠ POSSIBLE PORT SCAN DETECTED
2026-05-30 00:40:30,668 | ⚠ HOST DOMINANCE DETECTED
2026-05-30 00:40:30,668 | ⚠ POSSIBLE PORT SCAN DETECTED
2026-05-30 00:40:30,686 | ⚠ HOST DOMINANCE DETECTED
2026-05-30 00:40:30,686 | ⚠ POSSIBLE PORT SCAN DETECTED
2026-05-30 00:40:31,672 | ⚠ HOST DOMINANCE DETECTED
2026-05-30 00:40:31,673 | ⚠ POSSIBLE PORT SCAN DETECTED
2026-05-30 00:40:32,678 | ⚠ HOST DOMINANCE DETECTED
2026-05-30 00:40:32,678 | ⚠ POSSIBLE PORT SCAN DETECTED
2026-05-30 00:40:33,683 | ⚠ HOST DOMINANCE DETECTED
2026-05-30 00:40:33,683 | ⚠ POSSIBLE PORT SCAN DETECTED
2026-05-30 00:40:34,687 | ⚠ HOST DOMINANCE DETECTED
2026-05-30 00:40:34,688 | ⚠ POSSIBLE PORT SCAN DETECTED
2026-05-30 00:40:35,695 | ⚠ HOST DOMINANCE DETECTED
2026-05-30 00:40:35,696 | ⚠ HOST DOMINANCE DETECTED
2026-05-30 00:40:35,697 | ⚠ POSSIBLE PORT SCAN DETECTED
2026-05-30 00:40:35,697 | ⚠ POSSIBLE PORT SCAN DETECTED
2026-05-30 00:40:36,702 | ⚠ HOST DOMINANCE DETECTED
2026-05-30 00:40:36,702 | ⚠ POSSIBLE PORT SCAN DETECTED
2026-05-30 00:40:37,706 | ⚠ HOST DOMINANCE DETECTED
2026-05-30 00:40:37,706 | ⚠ POSSIBLE PORT SCAN DETECTED
2026-05-30 00:40:38,711 | ⚠ HOST DOMINANCE DETECTED
2026-05-30 00:40:38,711 | ⚠ POSSIBLE PORT SCAN DETECTED
2026-05-30 00:40:39,715 | ⚠ HOST DOMINANCE DETECTED
2026-05-30 00:40:39,715 | ⚠ POSSIBLE PORT SCAN DETECTED
2026-05-30 00:40:40,722 | ⚠ HOST DOMINANCE DETECTED
2026-05-30 00:40:40,724 | ⚠ HOST DOMINANCE DETECTED
2026-05-30 00:40:40,724 | ⚠ POSSIBLE PORT SCAN DETECTED
2026-05-30 00:40:40,724 | ⚠ POSSIBLE PORT SCAN DETECTED
2026-05-30 00:40:41,730 | ⚠ HOST DOMINANCE DETECTED
2026-05-30 00:40:41,730 | ⚠ POSSIBLE PORT SCAN DETECTED
2026-05-30 00:40:42,734 | ⚠ HOST DOMINANCE DETECTED
2026-05-30 00:40:42,734 | ⚠ POSSIBLE PORT SCAN DETECTED
2026-05-30 00:40:43,738 | ⚠ HOST DOMINANCE DETECTED
2026-05-30 00:40:43,739 | ⚠ POSSIBLE PORT SCAN DETECTED
2026-05-30 00:40:44,744 | ⚠ HOST DOMINANCE DETECTED
2026-05-30 00:40:44,744 | ⚠ POSSIBLE PORT SCAN DETECTED
2026-05-30 00:40:45,743 | ⚠ HOST DOMINANCE DETECTED
2026-05-30 00:40:45,743 | ⚠ POSSIBLE PORT SCAN DETECTED
2026-05-30 00:40:45,748 | ⚠ HOST DOMINANCE DETECTED
2026-05-30 00:40:45,749 | ⚠ POSSIBLE PORT SCAN DETECTED
2026-05-30 00:40:46,752 | ⚠ HOST DOMINANCE DETECTED
2026-05-30 00:40:46,753 | ⚠ POSSIBLE PORT SCAN DETECTED
2026-05-30 00:40:47,758 | ⚠ HOST DOMINANCE DETECTED
2026-05-30 00:40:47,759 | ⚠ POSSIBLE PORT SCAN DETECTED
2026-05-30 00:40:48,764 | ⚠ HOST DOMINANCE DETECTED
2026-05-30 00:40:48,764 | ⚠ POSSIBLE PORT SCAN DETECTED
2026-05-30 00:40:48,902 | ⚠ HOST DOMINANCE DETECTED
2026-05-30 00:40:48,903 | ⚠ POSSIBLE PORT SCAN DETECTED
2026-05-30 00:40:49,767 | ⚠ HOST DOMINANCE DETECTED
2026-05-30 00:40:49,768 | ⚠ POSSIBLE PORT SCAN DETECTED
2026-05-30 00:40:50,757 | ⚠ HOST DOMINANCE DETECTED
2026-05-30 00:40:50,757 | ⚠ POSSIBLE PORT SCAN DETECTED
2026-05-30 00:40:50,771 | ⚠ HOST DOMINANCE DETECTED
2026-05-30 00:40:50,771 | ⚠ POSSIBLE PORT SCAN DETECTED
2026-05-30 00:40:51,781 | ⚠ HOST DOMINANCE DETECTED
2026-05-30 00:40:51,782 | ⚠ POSSIBLE PORT SCAN DETECTED
2026-05-30 00:40:52,787 | ⚠ HOST DOMINANCE DETECTED
2026-05-30 00:40:52,787 | ⚠ POSSIBLE PORT SCAN DETECTED
2026-05-30 00:40:53,792 | ⚠ HOST DOMINANCE DETECTED
2026-05-30 00:40:53,793 | ⚠ POSSIBLE PORT SCAN DETECTED
2026-05-30 00:40:54,796 | ⚠ HOST DOMINANCE DETECTED
2026-05-30 00:40:54,796 | ⚠ POSSIBLE PORT SCAN DETECTED
2026-05-30 00:40:55,767 | ⚠ HOST DOMINANCE DETECTED
2026-05-30 00:40:55,767 | ⚠ POSSIBLE PORT SCAN DETECTED
2026-05-30 00:40:55,798 | ⚠ HOST DOMINANCE DETECTED
2026-05-30 00:40:55,799 | ⚠ POSSIBLE PORT SCAN DETECTED
2026-05-30 00:40:56,802 | ⚠ HOST DOMINANCE DETECTED
2026-05-30 00:40:56,802 | ⚠ POSSIBLE PORT SCAN DETECTED
2026-05-30 00:40:57,806 | ⚠ HOST DOMINANCE DETECTED
2026-05-30 00:40:57,806 | ⚠ POSSIBLE PORT SCAN DETECTED
2026-05-30 00:40:58,811 | ⚠ HOST DOMINANCE DETECTED
2026-05-30 00:40:58,812 | ⚠ POSSIBLE PORT SCAN DETECTED
2026-05-30 00:40:59,815 | ⚠ HOST DOMINANCE DETECTED
2026-05-30 00:40:59,816 | ⚠ POSSIBLE PORT SCAN DETECTED
2026-05-30 00:41:00,785 | ⚠ HOST DOMINANCE DETECTED
2026-05-30 00:41:00,787 | ⚠ POSSIBLE PORT SCAN DETECTED
2026-05-30 00:41:00,819 | ⚠ HOST DOMINANCE DETECTED
2026-05-30 00:41:00,819 | ⚠ POSSIBLE PORT SCAN DETECTED
2026-05-30 00:41:01,826 | ⚠ HOST DOMINANCE DETECTED
2026-05-30 00:41:01,826 | ⚠ POSSIBLE PORT SCAN DETECTED
2026-05-30 00:41:02,833 | ⚠ HOST DOMINANCE DETECTED
2026-05-30 00:41:02,833 | ⚠ POSSIBLE PORT SCAN DETECTED
2026-05-30 00:41:03,837 | ⚠ HOST DOMINANCE DETECTED
2026-05-30 00:41:03,837 | ⚠ POSSIBLE PORT SCAN DETECTED
2026-05-30 00:41:04,841 | ⚠ HOST DOMINANCE DETECTED
2026-05-30 00:41:04,841 | ⚠ POSSIBLE PORT SCAN DETECTED
2026-05-30 00:41:05,800 | ⚠ HOST DOMINANCE DETECTED
2026-05-30 00:41:05,800 | ⚠ POSSIBLE PORT SCAN DETECTED
2026-05-30 00:41:05,845 | ⚠ HOST DOMINANCE DETECTED
2026-05-30 00:41:05,846 | ⚠ POSSIBLE PORT SCAN DETECTED
2026-05-30 00:41:06,848 | ⚠ HOST DOMINANCE DETECTED
2026-05-30 00:41:06,849 | ⚠ POSSIBLE PORT SCAN DETECTED
2026-05-30 00:41:07,852 | ⚠ HOST DOMINANCE DETECTED
2026-05-30 00:41:07,853 | ⚠ POSSIBLE PORT SCAN DETECTED
2026-05-30 00:41:08,856 | ⚠ HOST DOMINANCE DETECTED
2026-05-30 00:41:08,857 | ⚠ POSSIBLE PORT SCAN DETECTED
2026-05-30 00:41:09,862 | ⚠ HOST DOMINANCE DETECTED
2026-05-30 00:41:09,862 | ⚠ POSSIBLE PORT SCAN DETECTED
2026-05-30 00:41:10,806 | ⚠ HOST DOMINANCE DETECTED
2026-05-30 00:41:10,806 | ⚠ POSSIBLE PORT SCAN DETECTED
2026-05-30 00:41:10,865 | ⚠ HOST DOMINANCE DETECTED
2026-05-30 00:41:10,865 | ⚠ POSSIBLE PORT SCAN DETECTED
2026-05-30 00:41:11,869 | ⚠ HOST DOMINANCE DETECTED
2026-05-30 00:41:11,869 | ⚠ POSSIBLE PORT SCAN DETECTED
2026-05-30 00:41:12,874 | ⚠ HOST DOMINANCE DETECTED
2026-05-30 00:41:12,874 | ⚠ POSSIBLE PORT SCAN DETECTED
2026-05-30 00:41:13,879 | ⚠ HOST DOMINANCE DETECTED
2026-05-30 00:41:13,879 | ⚠ POSSIBLE PORT SCAN DETECTED
2026-05-30 00:41:14,885 | ⚠ HOST DOMINANCE DETECTED
2026-05-30 00:41:14,885 | ⚠ POSSIBLE PORT SCAN DETECTED
2026-05-30 00:41:15,815 | ⚠ HOST DOMINANCE DETECTED
2026-05-30 00:41:15,815 | ⚠ POSSIBLE PORT SCAN DETECTED
2026-05-30 00:41:15,890 | ⚠ HOST DOMINANCE DETECTED
2026-05-30 00:41:15,891 | ⚠ POSSIBLE PORT SCAN DETECTED
2026-05-30 00:41:16,894 | ⚠ HOST DOMINANCE DETECTED
2026-05-30 00:41:16,895 | ⚠ POSSIBLE PORT SCAN DETECTED
2026-05-30 00:41:17,899 | ⚠ HOST DOMINANCE DETECTED
2026-05-30 00:41:17,899 | ⚠ POSSIBLE PORT SCAN DETECTED
2026-05-30 00:41:18,903 | ⚠ HOST DOMINANCE DETECTED
2026-05-30 00:41:18,903 | ⚠ POSSIBLE PORT SCAN DETECTED
2026-05-30 00:41:19,907 | ⚠ HOST DOMINANCE DETECTED
2026-05-30 00:41:19,907 | ⚠ POSSIBLE PORT SCAN DETECTED
2026-05-30 00:41:20,128 | ⚠ HOST DOMINANCE DETECTED
2026-05-30 00:41:20,128 | ⚠ POSSIBLE PORT SCAN DETECTED
2026-05-30 00:41:20,822 | ⚠ HOST DOMINANCE DETECTED
2026-05-30 00:41:20,823 | ⚠ POSSIBLE PORT SCAN DETECTED
2026-05-30 00:41:20,910 | ⚠ HOST DOMINANCE DETECTED
2026-05-30 00:41:20,910 | ⚠ POSSIBLE PORT SCAN DETECTED
2026-05-30 00:41:21,914 | ⚠ HOST DOMINANCE DETECTED
2026-05-30 00:41:21,914 | ⚠ POSSIBLE PORT SCAN DETECTED
2026-05-30 00:41:22,923 | ⚠ HOST DOMINANCE DETECTED
2026-05-30 00:41:22,925 | ⚠ POSSIBLE PORT SCAN DETECTED
